company_industry,company_introduction,company_name,company_size,company_type,level,number_recruiters,position,salary,update_time,work_location
其它行业,1.认真、耐心、有责任感，较强的沟通能力，和良好的服务意识；2.五官端正，身体健康，无不良嗜好；3.人品正直，为人无违法犯罪记录；4.能够吃苦耐劳、爱岗敬业、团队合作能力较强；5.熟练掌握灭火器材、消防设施等各种设施的操作及使用的方法；6.身高男性165cm------175cm以上女性身高不低于155cm，年龄18---55周岁以下，退伍军人优先7.要求：无案底，...,北京天狼卫保安服务有限公司,20人以下,其他,,,,,,
能源/矿产/采掘/冶炼,新疆优胜股权投资有限公司位于新疆乌鲁木齐市高新区(新市区)城北大道3707号空港物流园四号馆4-3-06号，注册资本金为10000万人民币，成立于2011-12-23，目前公司的主要经营范围是从事对非上市企业的股权投资、通过认购非公开发行股票或者受让股权等方式持有上市公司股份以及相关咨询服务。（依法须经批准的项目，经相关部门批准后方可开展经营活动）。,新疆优胜股权投资有限公司,20-99人,民营,大专,1,,面议 ,2020-11-03,北京周边
建筑/装修,北京京供华商电力工程有限公司位于北京市昌平区南邵镇北京风景小区内，办公环境舒适静谧，清馨淡雅，整洁清爽，鼓励发展，提供比较自由发挥的空间，好的建议和方案能够得到必要的支持；有机会学习和成长，能够在众多培训和操作中不断学习，在部门内部经常组织业务讲座，分享项目经验；公司高层支持创新和发展，不断完善公司的体制和流程；工作效率比较高，各个部门都在公司总体发展的框架下不断改进；同事们的工作态度比较...,北京京供华商电力工程有限公司,20-99人,其他,本科,1,办公室主管,3000-5000元 ,2020-11-05,昌平
酒店/餐饮,武安市武安镇程学红食品门市武安市武安镇程学红食品门市武安市武安镇程学红食品门市,武安市武安镇程学红食品门市,20人以下,民营,不限,4,北京招聘女外围一模特公关,8000-12000元 ,2020-11-12,北京周边
生产/制造,金海兆龙实验室家具有限公司是我国从事集规划设计、制造安装、售后服务为一体的现代实验室设备专业制造商。,北京金海兆龙实验室设备有限公司,20-99人,民营,,,,,,
酒店/餐饮,一家以写字楼餐饮为主的餐饮公司，主打江湖菜、粤菜等大众消费菜系，服务人群高档，口味独特，深受顾客喜欢！,联众之家（北京）餐饮管理有限公司,20-99人,民营,不限,3,全职招聘服务员,3000-5000元 ,2020-11-04,海淀
广告/会展,"本公司是一家集图文制作为一体的公司,包装设计精于烟酒茶，保健品，日用品，科技产品包装，包括：纸质礼品包装盒，瓦楞纸箱，画册，图书，无碳本，培训资料，彩页，PVC卡，宣传册，商标，票据，无纺布袋，合同、台历，手提袋，各种不干胶等等。",北京绘彩吉源科技有限公司,20人以下,民营,不限,2,招聘4米2箱货司机,5000-8000元 ,2020-11-04,大兴
建筑/装修,施工总承包专业承包、劳务分包、设备维修、销售建筑材料、钢材、化工产品、消防器材；技术服务、房地产开发,北京滨达建设集团有限公司,20-99人,民营,,,,,,
,,,,,,,,,,
生产/制造,京店云电商致力于为客户提供新零售转型与升级的一站式电商解决方案，提供电商运营、视觉营销、品牌策划、内容营销、数据营销、跨境电商、社群电商、新媒体运营等一站式互联网托管服务，在相关多元化的战略布局下，打造新型的互联网服务商模式。,北京京店云科技有限公司,100-499人,民营,大专,2,运营助理4-5k,3000-5000元 ,2020-11-05,大兴
农/林/牧/渔,绿亨科技集团股份有限公司（股票简称：绿亨科技股票代码870866），公司是一家集研发、生产、加工、销售于一体的现代股份制农药、肥料、种子企业，总部在北京市中关村翠湖科技园。公司现有正式员工500余人。公司在北京海淀、山东寿光、甘肃酒泉、广西田阳建有育种研发及品种测试鉴定基地，并与中国农业大学园艺学院联合建立了绿亨蔬菜育种工作站。寿光绿亨还建有8000平方米的高标准现代化的蔬菜种子研发及加工中心。...,绿亨科技集团股份有限公司北京分公司,500-999人,http://www.luheng.com.cn,高中,30,,3000-5000元 ,2020-11-06,海淀
超市/百货/零售,本公司是一家成立12年的进口商品超市，正规公司手续齐全，线下拥有2家实体店，主要售卖进口食品酒水饮料，洗化用品等,云睿鼎祥（北京）商业有限责任公司,20-99人,其他,大专,2,天津自贸区进口超市招副店...,3000-5000元 ,2020-12-03,丰台
物业管理/商业中心,国创产业园位于朝阳区来广营西路，运营面积5万平方米，由5幢连体群楼与回廊组成一个“9”字型。该产业园由北京星火国创企业管理有限公司（以下简称“星火工贸”）投资建设，其全资子公司“北京国创创投投资有限公司”实际运营。现已吸引入驻科技、文化、医疗等行业小微企业300多家，具有规模的、加速型企业70多家，带动就业1000余人。园区内建有便捷的餐饮、酒店等生活配套设施。,北京星火国创企业管理有限公司,20-99人,http://guochuangchanyeyuan.cn/,中专/技校,1,,3000-5000元 ,2020-11-23,朝阳
中介服务,乐路互动（HappyCareerConsulting）成立于2016年，由来自于全球500强企业背景的高管团队创立，专注于为企业提供中高端人才招聘、提供招聘解决方案、组织咨询、领导力提升以及高管教练等服务的高端猎头咨询公司。乐路互动本着快乐招聘、轻松招聘的价值观，通过自身招聘平台资源，在企业高速发展阶段，为企业招聘减负，为人才升级提供最有力的帮助；同时搭建人才与企业沟通的桥梁，保障企业转...,北京乐路互动咨询有限公司,20人以下,民营,不限,7,猎头顾问,3000-5000元 ,2020-11-06,沈河
酒店/餐饮,"北京小蜻蜓制冰厂成立于2006年底,产品有食用冰块，工业用大冰块，冰雕用透明大冰块，我厂生产食用冰块所用的水经过严格的水处理过滤系统(纯水机),为饮用纯净水.冰块晶莹透亮,干净卫生,并按标准重量密封袋包装,运输有冷藏车,我厂产品自投放市场以来,受到了众多用户的好评,使我厂产品健康有序地流人市场",珠海市春收商贸有限责任公司,20-99人,http://xqtice.wanye68.com,不限,3,快手 抖音直播卖货主播,20000元以上 ,2020-11-06,香洲
媒体/影视/文化,组织文化艺术交流活动（不含棋牌）；文艺创作；影视策划；音乐培训；舞蹈培训；美术培训；计算机技术培训；电脑图文设计；设计、制作、代理、发布广告；企业策划；投资管理；会议服务；承办展览展示；经济贸易咨询；舞台、灯光、音响设计；销售日用品、工艺品（不含文物）、服装鞋帽、电子产品；筹备、策划、组织运动会、晚会、大型庆典；租赁影视器材；个人形象设计；电影摄制；广播电视节目制作。（企业依法自主选择经营项目，开...,艺佰和（北京）国际影视文化传媒有限公司,100-499人,其他,不限,6,网红打造提供原创歌曲,3000-5000元 ,2020-11-17,朝阳
计算机/网络/通信,北京新冶联合科技有限公司是国家级高新技术企业，多年来专注于广电行业的软硬件研发，生产和销售，公司各种专利60多项，拥有充满活力的研发团队，公司产品服务于政府，部队，各大部委，获得用户的一致好评，公司宽敞的办公环境，简单的人际关系，浓厚的文化氛围，更多的晋升机会，期待您的加入！,北京新冶联合科技有限公司,20-99人,股份制企业,大专,2,,5000-8000元 ,2020-11-12,海淀
计算机/网络/通信,这里有和善的同事和温暖的工作氛围，大家齐心协力、目标一致。这是一份长期、稳定、踏实的工作，同时又富有挑战性和成长性。如你有意向加入我们，,北京和鑫晟咨询有限公司,20人以下,民营,中专/技校,10,电话销售月入过万,面议 ,2020-11-12,丰台
生产/制造,公司为小米、茶花家居共同出资成立，是一家年轻时尚的家居生活用品设计与制造公司。依托于小米生态链平台体系，以人为本不断挖掘产品设计需求，以设计和科技驱动创新打造美观实用、便捷健康的生活产品。公司产品品类涵盖收纳、清洁、杯壶、餐厨、晾晒、卫浴、家居、耗材、小家电等九大品类，致力于满足人们日常家居生活的各种场景需求，获得生活的幸福感。莱枫拥有多项外观专利和实用新型专利，目前拥有50多款...,你好生活（北京）科技有限公司,20-99人,民营,本科,1,产品经理,12000-20000元 ,2020-11-12,朝阳
教育/培训,北京扎克教育科技有限公司是一家在线教育公司，为中国从学前到小学的学生以及成人学习者提供一对一的个性化在线英语教学课程。我公司注册在清华科技园，自成立以来一直与清华大学合作。北京扎克教育科技有限公司是一个快速发展的公司，公司管理层均具备丰富的海外留学生活经历。我们的首要目标是提高中国学生的英语能力，同时成为世界领先的在线教育公司。,北京扎克教育科技有限公司,20人以下,民营,本科,1,,12000-20000元 ,2020-11-19,河东
快速消费品(食品/饮料/烟酒/化妆品),北京博雅丽华生物科技有限公司，成立于2019年，与北京市植物资源研究开发重点实验室专家合作，致力打造专业的护肤品牌，秉持传承东方养肤护肤之道，守护用户的肌肤健康。主要针对亚洲女性，有效地保护和改善肌肤问题，焕发健康活力光彩。,北京博雅丽华生物科技有限公司,20-99人,股份制企业,大专,1,北京朝阳运营,8000-12000元 ,2020-11-17,朝阳
农/林/牧/渔,"北京中科益农生物科技有限公司,2014年06月27日成立，经营范围包括生物技术开发、技术咨询、技术推广、技术服务、技术转让；货物进出口、代理进出口、技术进出口；批发汽车配件；销售饲料、宠物用品、花卉、化肥、日用品、家用电器、五金交电（不含电动自行车）、建材、工艺品、珠宝首饰、机械设备、计算机、软件及辅助设备、仪器仪表、文具用品、化工产品（不含危险化学品）；设计、制作、代理、发布广告；承办展览展示活...",北京中科益农生物科技有限公司封丘分公司,100-499人,民营,不限,20,诚聘有经验主播,5000-8000元 ,2020-12-01,封丘
媒体/影视/文化,北京中棠智上文化有限公司是一家集文创珠宝、文创旅游产品开发为主的文化传媒公司。,北京中棠智上文化传媒有限公司,20人以下,民营,,,,,,
教育/培训,万酩汇是一家专业的葡萄酒培训机构，成熟的机制和理念，带领大家感受不一样的生活方式。,北京中科翔龙科技有限公司,20人以下,股份制企业,高中,20,商业信息采集员,300元/天 ,2020-11-13,海淀
教育/培训,PHE青少年书画大会简介PHE青少年书画大会，是由中华文化促进会主办的大型艺术教育活动，该活动以全人类共同关注的焦点问题“和平（PEACE）、健康(HEALTH)、环保(ENVIRONMENT)”为主题，简写为PHE。其活动内容由大赛、大展、大会、论坛、夏令营及助兴文艺演出构成，多角度、全方位地反映国内外青少年的精神风貌，公正、权威、负责地承担起青少年儿童美术教育的导向和推广，并赋予美术教育更...,北京市雅龙文化发展有限公司,20人以下,http://WWW.PHE.ORG.CN,本科,1,书画编辑,5000-8000元 ,2020-11-12,海淀
,,,,,,,,,,
,,,,,,,,,,
金融/银行/投资/基金/证券,接受金融机构委托从事金融信息技术外包服务，项目投资，投资管理，投资咨询，资产管理，经济贸易资讯，企业咨询管理等,北京众培商贸有限公司,20人以下,民营,,,,,,
咨询/管理产业/法律/财会,"公司简介北京中才之光教育科技有限公司是专业的会计远程教育基地，凭借优秀的师资力量、专业的交互式学习课件、先进的技术、灵活多样的学习方式，为广大财税追梦人提供财经类考试培训、继续教育、实务操作与就业服务，为全国近万户各类企业，提供财税咨询服务，已形成“考试培训、继续教育、实务操作、财税咨询、就业服务”多方位一体完善的教育体系，欢迎加盟“中才追梦人""！",北京中才之光教育科技有限公司,20人以下,http://www.bjyqzl.com,大专,1,培训策划,面议 ,2020-11-16,通州
建筑/装修,本公司主要营运施工总承包、专业承包、劳务分包：园林绿化工程施工、园林景观艺术设计、产品设计：委托加工工艺品、家具：旅游资源开发、种植苗木、花卉：销售工艺品、建筑材料、五金交电、家具、厨卫用具、门窗等。,华厚商贸（北京）有限公司,20人以下,其他,大专,2,销售3000-8000,面议 ,2020-11-13,高新
教育/培训,千帆少年教育（北京千帆少年教育科技有限公司）成立于2015年，总部位于北京顺义区绿地启航国际，学员遍及全国30个省份，累计培训学员10万余人次。目前主要开展大健康，学历提升有关证书、等方面培训业务。公司正以每年200%的速度增长，是一家快速发展的综合型互联网教育科技公司。千帆教育拥有一支思想创新，锐意进取的教研团队，特聘请知名学府资深教授及本行业国内一线专业讲师授课极具专业素质的专家任教，已...,北京千帆少年教育科技有限公司,20-99人,民营,不限,50,,8000-12000元 ,2020-11-19,顺义
贸易/交通/运输/物流,北京世纪车行天下商贸有限公司，成立于2008年，位于北京市五方天雅汽配城。营业面积1500㎡，库房面积2000㎡，拥有动态库存1500万左右，是集汽车改装配件、维修保养、装饰美容、划痕快修、保险于一体的专业汽车服务公司。主要经营Jeep、道奇、克莱斯勒全车系原车配件、原厂精品改装件及国外各大越野品牌进口改装件。其中原厂配件来源于本公司旗下分公司——JMS汽配商贸有限公司。...,北京世纪车行天下商贸有限公司,20-99人,http://jforce4x4.com,,,,,,
超市/百货/零售,本公司以食品销售为主，注重员工的长期发展，为员工提供良好的发展空间,深圳市龙岗区诺里贸易商行,20-99人,民营,不限,15,营业员/店员,8000-12000元 ,2020-11-15,丰台
教育/培训,北京万德航空服务培训中心招聘民航票务专员，月薪4000--10000+。五险一金。员工公寓。内部食堂就餐。（非中介，非劳务派遣，直接与用人单位签订就业合同。）就业岗位，国际，国内航班票务操作，预定，受理投诉等工作，定向工作单位，首都国际机场。联合，国际航空公司。东方，南方航空公司。北京华航，宝盛，博丰，华夏。小蜻蜓等航空公司，金色世纪旅行网。携程网。去哪网等。工作地北京，满工作一年可根据本人意愿调...,北京万德宏远教育科技有限公司,100-499人,股份制企业,高中,27,,5000-8000元 ,2020-11-17,其他
贸易/交通/运输/物流,公司是一家专业的现代物流运输企业，辐射京津冀，服务至上，客户第一。,京南快递（北京）有限公司,20-99人,民营,,,,,,
计算机/网络/通信,北京旷达上网服务有限公司位于北京市小汤山镇小汤山街口国金宾馆二楼网吧。,北京旷达上网服务有限公司,20人以下,其他,不限,1,网吧收银员,面议 ,2020-10-12,昌平
计算机/网络/通信,北京克兰西信息技术有限公司，拥有一支专业、团结、高效、敬业的服务队伍。良好的内部竞争机制和丰富系统的内部培训使每一位员工都拥有一份主人翁精神。在全体员工的共同努力下，逐渐形成了求实、稳健、积极的企业文化。我们信奉诚实、正直、努力、尊重的为人原则，精益求精，为我们客户创造价值。,北京克兰西信息技术有限公司,20-99人,民营,,,,,,
贸易/交通/运输/物流,"专门服务于幼儿园的食材配送企业,幼儿园全品类配送服务公司。目前服务于北京市30多家幼儿园",竹马先生（北京）科贸有限公司,20人以下,股份制企业,不限,10,分拣发货员,22元/小时 ,2020-10-12,北京
计算机/网络/通信,公司主营业务：在自主研发的电商平台上为用户提供奢侈品买卖服务。,枣庄柒禧电子科技有限公司,20-99人,http://w.shexiaodi.com,大专,7,网络客服,5000-8000元 ,2020-10-13,朝阳
医药/生物工程,综合性门诊内外中医科药品销售诊疗中药饮片销售·代煎中医坐堂把脉·针灸·骨伤推拿,北京禧来康医院管理有限公司百德馨康诊所,20人以下,民营,不限,2,,8000-12000元 ,2020-10-12,顺义
其它行业,北京海淀剧院是一家国有文化企业，座落于中关村科技园区的核心区，是中关村文化的重要组成部分，也是海淀区标志性建筑。剧院每年承接各种演出三百余场，电影上万场.,北京海淀剧院有限责任公司,20-99人,国企,不限,5,,3000-5000元 ,2020-10-13,海淀
政府/公共事业/非盈利机构,2019年11月成立的民办非营利机构，主要工作方向是配合政府相关部门在基层党群建设工作、精神文明实践工作、街道文化建设工作等方面深入实践，以中华优秀传统文化为核心，以专业社工方式倡导、培育、践行社会主义核心价值观，以文化建设增进党群融合，提升精神文明素养，促进社区治理创新。,北京春藤社会工作促进中心,20-99人,其他,大专,4,社会工作,5000-8000元 ,2020-10-12,海淀
计算机/网络/通信,海天同舟《Sintops》是一家专业的数据存储管理、信息安全IT解决方案、服务提供的高科技企业。公司具有多年的IT服务及项目实施经验。海天同舟致力于稳定、可靠、高性能的基础存储架构，同时融入了虚拟化、云计算的解决方案，量身定制的支持服务；我们的产品和方案、服务助力于您的业务方向，将大数据时代带来的机会转化给有准备的您；公司本着“以用户为中心”的理念，依靠团结高效的团队协作，结合国际先进的存储技术，...,北京海天同舟科技有限责任公司,20人以下,http://www.sintops.com,本科,2,,5000-8000元 ,2020-12-04,海淀
酒店/餐饮,"北京潮霸餐饮有限公司,2018年06月14日成立，经营范围包括销售食品；餐饮服务；餐饮管理；销售食用农产品、机械设备、电子产品；会议服务；组织文化艺术交流活动（不含营业性演出）；市场调查；经济贸易咨询；技术开发、技术服务、技术推广、技术咨询、技术转让。（企业依法自主选择经营项目，开展经营活动；销售食品、餐饮服务以及依法须经批准的项目，经相关部门批准后依批准的内容开展经营活动；不得从事本市产业政策禁...",北京潮霸餐饮有限公司,100-499人,https://shuidi.cn/company-3520...,,,,,,
建筑/装修,本公司为建筑公司，主要从业于地基基础、市政绿化项目公司地址为北京市海淀区上庄镇，欢迎投递简历。,北京城钧建筑工程有限责任公司,20-99人,民营,不限,1,土建预算学徒,3000-5000元 ,2020-11-18,海淀
贸易/交通/运输/物流,北京尚翔科技发展有限公司成立2013年，主要业务服务于国内电力能源行业，致力为客户提供优质专业的产品以及服务，是行业中具有较强的专业性的企业。,北京尚翔科技发展有限公司,20人以下,民营,,,,,,
教育/培训,海淀优秀教育团队入驻：1、海淀名师查缺补漏，教孩子走捷径学技巧，熟练掌握考试重难点；2、培养促进孩子学习成绩进步的七大思难习惯；小学托管，幼小衔接，小初高同步辅导，3-6人精品班，一对一提高班等。,北京博乐百姓缘教育科技有限公司,20人以下,民营,本科,1,急聘兼职高中数学老师,130元/小时 ,2020-12-02,房山
酒店/餐饮,美宿客栈地理位置优越，交通十分便利。拥有内景大床房、豪华商务房、行政商务房、商务套房等多种房型，超大的空间，典雅的设计，周到的服务，令您畅享舒适、豪华、温馨的独特氛围。,兰州湧泰建安建筑有限公司,100-499人,民营,中专/技校,40,光电风电运维岗,5000-8000元 ,2020-11-19,其他
医疗设备/器械,我们是以中医药技术研发及中医特色诊疗技术为核心，开展各种慢性病的精准有效调理与康复及居家养生与养老服务的智慧医养生态产业平台,大京养正医养结合健康管理（北京）股份有限公司,20-99人,http://www.ddndjyz.com/,不限,100,慢病康复保险项目,300元/天 ,2020-11-18,北京
农/林/牧/渔,国家能源局于2011年9月28日发文（国能科技328号）批准设立“国家能源非粮生物质原料研发中心”（以下简称为研发中心），由中国农业大学、北京林业大学、中国大唐集团新能源股份有限公司和河南天冠企业集团有限公司共同组建，受国家能源局领导，依托单位为中国农业大学。研发中心以建成我国高产、优质、低耗的非粮生物质原料可持续供应体系为总目标，集聚我国分散的非粮生物质原料研发力量，跟踪国际生物质能源科技发展前...,北京慧明雨实验科技有限公司,20人以下,"http://necb.cau.edu.cn,http://...",大专,2,行政专员/助理,3000-5000元 ,2020-11-18,海淀
其它行业,万户致力在中国医疗改革市场中，通过PBM管理模式，充分依托现代医学和信息科学、智能化的管理系统，将保险机构、制药公司、医院和药房的资源进行整合，对目标人群进行精细管理，在实现患者利益最大化的前提下，有效控制医保费用。,万户良方（北京）健康管理有限公司,20-99人,外商独资,,,,,,
酒店/餐饮,华文酒店位于北京市东城区核心地段，地理位置优越，交通比较便利。我们为一家新兴酒店管理公司，致力于成为一家高端酒店管理品牌，集客房、餐饮等服务项目。我们视员工为最重要的合作伙伴，并为员工提供职业发展平台，在工作中实现自己的人生价值，我们真切期待您的加入。,张家口华文酒店管理有限公司北京第二分公司,20-99人,股份制企业,不限,6,西餐厨师,3000-5000元 ,2020-11-19,东城
能源/矿产/采掘/冶炼,北京大地高科地质勘查有限公司成立于1994年6月，注册资本1亿元，前身为北京大地高科煤层气工程技术研究院和北京中煤大地技术开发有限公司，隶属于中煤地质集团有限公司和中国煤炭地质总局，是国资委管理的中央三级企业。公司坚持以市场为导向、以客户为中心、以科技为引领，主营地质勘查与矿业开发、矿山灾害治理与抢险救援、新能源开发及综合工程地质技术服务四大主业，致力于打造成为大地企业集团。公司是原国家安...,北京大地高科地质勘查有限公司,100-499人,国企,本科,2,成本会计,8000-12000元 ,2020-11-19,石景山
物业管理/商业中心,公司成立十余年，现增加公司业务，特招行业精英加入，主要为商户选址，有餐饮教育酒店等相关资源可以快速变现，,北京心金诚房地产经纪有限公司,20-99人,民营,,,,,,
贸易/交通/运输/物流,供应链管理，仓储服务，配送服务，建筑物清洁服务，技术服务，软件开发,北京京通运达供应链管理有限公司,20-99人,民营,不限,18,招哈啰单车运输司机,12000-20000元 ,2020-11-20,昌平
建筑/装修,承包各类建筑室内外装饰装修工程的设计、施工；建筑工程的机电设备和建筑智能化设备的设计、安装；建筑幕墙的设计、生产、施工；建筑工程消防设施的施工；钢结构的制作和安装；园林绿化；建筑装饰材料、构配件的制造和加工；承包境外建筑装修装饰工程和境内国际招标工程；上述境外工程所需的设备、材料出口；对外派遣实施上述境外工程所需的劳务人员。（以上涉及生产、加工、制作的项目均限分支机构；涉及专项规定的需取得专项许可...,北京绽晟文化传媒有限公司,100-499人,民营,,,,,,
贸易/交通/运输/物流,北京市天福号集团下属子公司，主要从事京津冀周边冷链配送业务，现有4.2米冷藏厢式货车40余部，因业务规模拓展，急招货运司机5人,北京天福号物流运输有限公司,20-99人,国企,不限,5,国企直聘北京市配司机,8000-12000元 ,2020-11-20,顺义
其它行业,公司致力于网络采购与销售，主要面向国际和国内两个市场。这里是网络客服的用武之地，付出就有回报。,北京比尔慧德科贸有限公司,20人以下,民营,,,,,,
计算机/网络/通信,联想品牌北京代理商，渠道分销，电子商务（天猫、京东、拼多多等运营），大客户，单位采销。,北京中伟智联系统集成有限公司,20-99人,民营,高中,7,商务专员销售若干商务销售...,8000-12000元 ,2020-11-23,海淀
其它行业,公司与最大规模的劳务公司合作伙伴签订协议，为每一位打工者保驾护航，灵活用工平台,北京海富盛通科技有限公司,100-499人,民营,不限,10,急招地推 不限学历经验就...,8000-12000元 ,2020-11-21,朝阳
生产/制造,我司属于外资500强企业，现主要生产经营好奇尿裤、舒洁纸、高洁丝卫生巾、帮伴成人尿裤等产品,菲仕兰食品贸易（上海）有限公司北京分公司,1000-9999人,外商独资,,,,,,
物业管理/商业中心,企业宗旨：管理就是高标准，服务就是创一流企业文化：利人、利己、利百家！服务理念：靠保安展示集团服务的形象靠保洁展示集团服务的质量靠物业管理展示集团服务的信誉靠人力服务打造集团公司的品牌经营理念：品牌信誉为先，实力质量为本。企业目标：现代化集团管理，高品质集团服务。保证：你的需求只需要告诉我们一次。,北京利百家物业管理有限公司,20人以下,民营,,,,,,
医药/生物工程,公司致力于人类生物科技发展，以细胞再生医学技术为核心及研发为主导的高科技平台，以精准再生医学、健康管理、生物护肤疗法为主导的健康平台，旨在打造人类干细胞再生医学全产业链闭环。,北京安昊生物科技有限公司,20人以下,http://www.bjanhao.com,,,,,,
物业管理/商业中心,我公司位置在北京市东城区，以房地产为主，希望招聘物业服务人员，诚邀加盟。,北京市艺恒装饰有限公司,20-99人,民营,,,,,,
礼品/玩具/工艺美术/收藏品,本公司长期从事珠宝，艺术品，收藏品的生产和销售，在业内有丰富的从业经验。客户遍布海内外，既有个人，也有企事业单位。为客户提供货真价实的产品是本公司宗旨。,北京福翠居珠宝有限公司,20人以下,民营,不限,1,,5000-8000元 ,2020-11-29,朝阳
仪器仪表及工业自动化,北京保利泰达仪器设备有限公司创建于1997年5月12日，经过20多年的发展壮大，公司现已成长为燃气、供水和环保等公共事业领域的专门设备供应商和技术解决方案的服务商。公司目前已获取海关报关证书和质量管理体系ISO9001认证证书，是德国竖威公司在中国的唯一独家授权总代理。,北京保利泰达仪器设备有限公司,20-99人,民营,大专,1,,5000-8000元 ,2020-11-20,顺义
贸易/交通/运输/物流,每日优鲜是一个围绕着老百姓餐桌的生鲜O2O电商平台。覆盖了水果蔬菜、海鲜肉禽、牛奶零食等全品类，每日优鲜在主要城市建立起“城市分选中心+社区配送中心”的极速达冷链物流体系，为用户提供全球生鲜产品“21小时送货上门”的极速达冷链配送服务！,北京每日优鲜电子商务有限公司海淀第六分公司,1000-9999人,民营,,,,,,
建筑/装修,融创亦庄壹号位于东南五环亦庄总部基地中心腹地—北京科创CBD，且位于亦庄、通州交界，享有“*经济技术开发区、北京城市副中心”的双重区域利好，与首都新国门大兴国际机场保有黄金距离，世界领军强企产业精英，汇聚于此。项目地处亦庄融创亦庄壹号融创亦庄壹号，周边轨道交通、学府人文、商业、医疗、休闲娱乐配套齐全，且位于东南部森林湿地生态带，八大公园环绕，尽享生态自然。项目规划10栋11-25层全精装人文府...,北京通建融创恒丰置业有限公司,10000人以上,民营,大专,5,招聘渠道专员渠道经理,5000-8000元 ,2020-11-21,大兴
超市/百货/零售,Blue&Pink”蓝粉婴童——2013年成立于香港，是一家致力于母婴市场生态发展的科技创新企业，从线下实体门店到电子商务平台的搭建，从传统零售到新零售，乃至综合母婴生态圈的战略上，引领着母婴行业。目前全国有6家直营店+100余家加盟店，30省自治区，41个一至四线城市。1000+品牌方直供，覆盖奶粉、尿裤、辅食、营养、喂养、洗护、玩具、出行等孕婴童全品类。进口商品总SKU数近20...,北京蓝粉之家婴童用品有限公司,20-99人,民营,不限,3,店员导购,3000-5000元 ,2020-11-23,小店
环保,"科维思创（北京）环境保护科技有限公司KOVICETRON(BEIJING)ENVIRONMNTCO.,LTD.专注全球环境治理、环境保护等高新科技的推广与应用，公司业务涵盖油泥治理修复、重金属污染治理、污泥深度脱水等板块，可提供环境修复规划咨询、场地调查、环境监测、风险评估、工程设计与施工以及药剂生产等服务，可承担各种类型的土壤修复工程，涉及BOT、EPC、第三方治理等多样化模式，...",科维思创（北京）环境保护科技有限公司,20-99人,民营,高中,2,行政前台,5000-8000元 ,2020-11-30,朝阳
其它行业,北京市中心地理位置好工作环境优雅工资待遇高免费培训各种福利待遇,北京艺崛文化传媒有限公司,100-499人,民营,不限,10,礼仪模特,20000元以上 ,2020-11-25,北京
其它行业,华宇境外就业服务有限公司成立于2015-3-4，注册资本为600万人民币(万元)公司已经发展壮大5年，愿与社会各界同仁携手合作，谋求共同发展，继续为新老客户提供优质的产品和服务。我公司主要经营提供境外就业信息、咨询、中介服务(含研修生)接受境外雇主委托推荐招聘人员，为境外就业人员进行出境前培训协助境外就业人员办理有关职业资格证书公证协助境外就业人员办理出境所需护照、签证、公证材料、体检、防疫注射等...,辽宁华宇劳务服务有限公司北京分公司,20-99人,民营,不限,5,猎头顾问,5000-8000元 ,2020-11-24,丰台
医药/生物工程,青春源干细胞技术有限公司隶属于天利集团控股公司。位于北京市东长安街沿线天洋运河壹号。,青春源干细胞技术有限公司,20-99人,民营,,,,,,
教育/培训,起陆教育课程囊括五大体系，分别是职业教育类、财会类、学历教育类、建筑工程类、教师资格类等多领域的在线课程，职业教育类和学历教育类是起陆教育的主打课程，将企业人力资源管理师、公共营养师、心理咨询师、自学考试等课程，打造成全体系的教学课程体系。,北京起陆国际教育咨询服务有限公司,100-499人,民营,不限,5,电话客服+高意向资源+五...,12000-20000元 ,2020-11-26,朝阳
酒店/餐饮,公司位于北京市昌平区平西府温都水城永辉超市四楼，快餐，炸鸡、紫菜包饭为主,北京万道禾餐饮管理有限责任公司,20人以下,其他,不限,1,胤韩紫菜包饭快餐吧员,3000-5000元 ,2020-12-10,昌平
快速消费品(食品/饮料/烟酒/化妆品),北京盈奥营养食品有限公司（盈奥Tricore）建立于1999年，主要从事推广运动营养生活方式，运动赛事及培训，明星团队传播，以及代理进口运动营养产品业务。盈奥，运动营养生活方式的引领者，中国著名的运动营养生活平台。从1999年发展至今，盈奥在全国范围拥有上千家合作伙伴，包括中体倍力、加州健身等大型健身连锁俱乐部以及天猫，京东等大型电商平台。2015年至今盈奥代理产品销量取得了天猫类目产品的好成...,北京盈奥营养食品有限公司,20-99人,民营,,,,,,
媒体/影视/文化,查米摄影，位于北京亚运村核心地带，是专业情侣写真，个人艺术照，全家福等以时尚潮流为主的工作室，风格以个性化，时尚元素为主。主张“捕捉美留住美分享美”，全力打造北京城最专业的摄影工作室。,武汉东湖新技术开发区淦漾养发馆,20人以下,民营,不限,5,头等闲护发理疗师4000...,5000-8000元 ,2020-11-25,洪山
计算机/网络/通信,公司现有成员15人左右，大部分来自知名软件公司Esri中国、亚信、华为等，其中资深架构师1名，高级GIS人员2名，高级Java开发人员5名，前端开发人员3名，移动端2名，大屏可视化团队5人，团队主营业务软件开发、软件集成，数字信息化、Saas化项目、项目外包等业务。团队的架构技术栈主要以分布式、高并发、微服务、GIS、大屏可视化等技术栈为主，有着丰富的开发经验。,北京云通非凡科技有限公司,20-99人,http://www.cloudyun.cn,,,,,,
保健按摩,葆婴有限公司，为孕妇、0-6岁孩子及年轻父母提供母婴在各个阶段有关营养和婴幼儿智力开发的营养食品、玩具、针对孩子的技能训练、父母课堂及客户代表面对面的服务。葆婴从健康、智力、情感三方面，根据孕期3个阶段、0-6岁儿童的6个阶段的7种生理需求，8种智力情感发展需求，提供10余种葆苾康营养保健食品，123节专业育儿课程，3类测评；帮助父母培养健壮、聪明的孩子，挖掘孩子最大的潜能，让孩子成为父母的骄傲...,全椒县楚馨缘服饰电子商行,1000-9999人,外商独资,,,,,,
,,,,,,,,,,
教育/培训,弗雷教育成立于2018年与首都师范大学附属实验学校共同成长，位于学校的西南侧500米，拥有独立教学场地400平方米，具备现代化的教学设施，师资力量雄厚！,北京弗雷教育科技有限公司,20-99人,其他,大专,10,,面议 ,2020-11-30,房山
超市/百货/零售,TheGreenParty隶属于杭州凯蓝品牌管理公司旗下一个崇尚绿色自然生活的家居品牌，创立于2014年，截止目前门店数量已达近200家，，主营品质家居生活用品、乐趣厨房用品、阳台花园配饰、卫浴香薰用品、乐趣办公文具、首饰发饰穿戴用品等，品牌以舒适愉悦、绿色纯净、自然生活为理念，TGP的所有产品都以自然、健康、环保为宗旨，在为您打造一个全新一站式家居生活购物馆的同时，传递出一种全新的自然生活方...,北京谷然之家商贸有限公司,1000-9999人,民营,不限,3,,3000-5000元 ,2020-12-10,朝阳
酒店/餐饮,北京粤云湘餐饮管理有限公司本店主营粤云湘菜系，餐厅装修高雅时尚，环境设备一流，服务水平一流，出品质量一流的理想餐厅。位置位于北京市东城区陶然大厦2层,北京粤云湘餐饮管理有限公司,20-99人,其他,不限,10,高端中餐厅招聘服务员,5000-8000元 ,2020-11-29,东城
其它行业,主营停车场管理、汽车美容服务、停车收费系统软件研发、物业管理等服务。,北京宝成行汽车技术服务有限公司,20-99人,民营,不限,1,洗车工月薪5000+提成,5000-8000元 ,2020-11-27,朝阳
计算机/网络/通信,公司介绍：辉塔信息技术咨询（上海）有限公司，2010年在上海设立总部，北京下设子公司。以下简称“faceui”。faceui是一家最早专注于移动互联网领域的产品设计咨询公司，是国内最早专注于用户体验设计的公司之一。公司致力于以完善的用户研究体系、差异化的体验设计与深层次商业战略决策分析，为产品提供具有优秀用户体验的设计咨询。针对不同行业的特性为客户定制可持续增长的强势产品解决方案。通...,辉塔信息技术咨询（上海）有限公司,20-99人,民营,不限,2,,5000-8000元 ,2020-12-10,浦东
酒店/餐饮,"淮南牛肉汤，良心品质，无添加，美味持久,有牛肉汤，牛肉面，烧饼，小食等",北京首鲜选生鲜超市有限公司海淀分公司,20人以下,民营,,,,,,
医药/生物工程,北京长明博亚科技发展有限公司成立于2003年，是北京市卫生局批准设立专业从事第三方检验的医学检验所。医学检验所位于北京市旧宫镇，建筑面积达4500平方米，配备了先进的医学检验设备，汇集了国内外大批技术与管理人才，设有病理实验室、分子病理学实验室、PCR实验室、遗传细胞学实验室、生化免疫实验室等多个专业实验室，目前能够开展300项以上医疗诊断检测项目。“人性化服务，信息化管理，利益共享”——...,北京长明博亚科技发展有限公司,1000-9999人,民营,大专,1,,3000-5000元 ,2020-12-10,萧山
金融/银行/投资/基金/证券,中和创富(北京）服务外包有限公司...............................,中和创富（北京）金融服务外包有限公司,20-99人,民营,,,,,,
金融/银行/投资/基金/证券,"京铭金融，总部设立于北京,成立于2012年，注册资金3000万，拥有丰富的社会资源，雄厚的经济实力，5年行业优质服务，专业团队倾力奉献，致力于将京铭品牌立足北京，辐射全国，上海、深圳、广州等地区分公司正在筹备建设中，为全国客户提供更方便快捷的金融服务。京铭作为多年的贷款咨询服务公司，合作十几家银行，客户直接从银行或者与京铭有合作的小贷公司贷款。当天申请，当天放款，安全高效有保证，不接受有不...",北京京铭投资咨询有限公司,20人以下,民营,不限,5,电话销售,8000-12000元 ,2020-12-02,海淀
建筑/装修,家居装饰，专业承包，商场工装及各类装修。公司整体氛围积极向上。,北京三源鼎盛建筑工程有限公司,20人以下,民营,不限,3,,5000-8000元 ,2020-11-30,迎江
贸易/交通/运输/物流,知名快递公司，邯郸市韵达快递金都公司,邯郸市韵达速递有限公司丛台区金都分公司,20-99人,民营,不限,1,招聘快递员,面议 ,2020-11-29,丛台区
生产/制造,公司位于北京市通州区马驹桥镇联东U谷中区12号楼，有意者可电话联系,爱瑞宝（北京）生物科技有限公司,20-99人,民营,不限,1,兼职司机,500元/天 ,2020-12-03,北京
金融/银行/投资/基金/证券,遇贵人先择业，遇良人先安家，选择大于努力，比穷更可怕的事安于现状,北京中京亿商务咨询有限公司,20-99人,股份制企业,不限,10,电话销售,面议 ,2020-11-30,朝阳
计算机/网络/通信,北京光电互联通讯科技有限公司是应快速发展的通信产业需要而成立的高科技应用型企业，公司致力于以光纤通信为核心业务的产品开发、制造、新产品经销和工程服务。目前企业以通讯光缆、光通信设备和光纤活动连接器、光器件为主要销售产品。产品广泛应用与电信通讯网、军队通讯网、企业网、校园网等。我们凭借在售前咨询，系统设计，产品销售，工程施工等方面的综合优势和我们多方面的工程服务经验，根据客户的要求，提供切实...,北京光电互联通讯科技有限公司,20人以下,http://www.fibranet.com.cn,本科,1,,5000-8000元 ,2020-12-01,朝阳
酒店/餐饮,咖啡厅采用了欧洲风格主题设计，在宽阔而温馨的空间里，木质的桌椅合理摆放和绿色植物树木的创意布置让您感到身处大自然之中。环绕着墙壁的书架上有不同种类的书籍，让您在享受美味咖啡的同时可以饱览各种书籍从而增添各方面的知识。工作环境惬意，舒适,河北华地众安信息技术有限公司,20人以下,民营,,,,,,
金融/银行/投资/基金/证券,宜信公司创建于2006年，是一家集财富管理、信用风险评估与管理、信用数据整合服务于一体的综合性现代服务业企业。,扎兰屯市康艺保健服务馆,10000人以上,国企,,,,,,
家政,唐顿世家是北京唐顿世家科技有限公司旗下的高端家政服务品牌，致力于通过专业化的人员培训和组织管理，为高端人群提供尊贵安心的家政服务，打造高贵典雅的生活品质。公司自成立以来，一直秉承崭新的英式管家服务理念，立足于专业、尊贵、品质和安心的公司理念，为北京昌平、顺义的诸多别墅区高端用户提供一站式居家生活服务（月嫂、育儿嫂、保姆、小时工、保洁）。公司管理团队年轻而有活力。创始人为清华大学硕士，联合北京大学...,北京唐顿世家科技有限公司,20-99人,http://tangdunshijia.com,,,,,,
金融/银行/投资/基金/证券,证券经纪、融资融券、证券投资基金代销、代销金融产品、网上交易、证券投资咨询、证券承销与保荐、证券自营、中小企业私募债券承销业务、为期货公司提供中间介绍业务、银行间市场利率互换、约定购回式证券交易资格、与证券交易、证券投资活动有关的财务顾问、权证交易,新时代证券股份有限公司北京天通苑证券营业部,20人以下,http://www.xsdzq.cn,初中,1,,3000-5000元 ,2020-12-08,东城
酒店/餐饮,观唐汇隶属于观唐地产集团旗下的一家子公司，座落于朝阳区观唐东路，会所建筑面积约8000平方米，地上和地下各为两层，其中共有15间宽敞客房和套房，大堂酒廊、多功能无柱式宴会厅、健身中心、共享办公区、儿童活动区域等配套设施。观唐汇是藏于观唐别墅区绿荫深处的现代化建筑，配备顶级国际化高端服务设施，打造私享全球专属顶级生活方式。我们致力于为来自别墅区业主及宾客提供轻松舒适的居停、婚宴及运动健身体验...,北京盛唐世纪投资管理有限公司,20-99人,http://www.guantangjituan.com/...,大专,2,,12000-20000元 ,2020-12-03,朝阳
其它行业,个体经营，从事窗帘零售，日用品，汽车装饰，汽车清洗，汽车维修等服务。,北京定福庄梦娜窗帘店,20人以下,其他,不限,1,洗车工汽车美容,3000-5000元 ,2020-12-08,大兴
快速消费品(食品/饮料/烟酒/化妆品),经营范围：技术推广、技术服务；公共关系服务；市场调查；企业策划；会议服务；酒店管理；物业服务；组织文化艺术交流活动（不含营业性演出）；承办展览展示活动；影视策划；摄影扩印服务；销售日用品、文化用品、体育用品、针纺织品、化妆品、计算机、软件及辅助设备、家用电器、工艺品、珠宝首饰、黄金制品、微型电子办公设备、电子产品；销售食品。（市场主体依法自主选择经营项目，开展经营活动；依法须经批准的项目，经相关...,北京雅士蓝天科技有限公司,20-99人,民营,不限,8,招聘人力资源部门实习生,150元/天 ,2020-12-05,海淀
教育/培训,合伙人来自英国创造真实互动社交环境，让孩子实用英语使用英语，去深入学习一项运动或技能。公司成立4年，进入稳健发展阶段，师资、服务、环境、口碑都不错的，独独在销售方面成为短板，所以期待有能力，有闯劲，有规矩的小伙伴加入和谐欢乐的工作氛围，舒适安静的工作环境，会是让你收获颇丰的选择,北京咿呀学语教育科技有限公司,20-99人,合资,大专,3,,8000-12000元 ,2020-10-21,朝阳
酒店/餐饮,公司位于北京市丰台区水魔方附近提车可在篱房山、丰台、石景山等多地,北京吉顺建筑工程有限公司,20人以下,民营,不限,10,,5000-8000元 ,2020-12-04,丰台
教育/培训,"全国连锁，河北省首家少儿篮球。
目前会员200人。",长安唯玩星球室内健身服务工作室,20-99人,民营,不限,1,前台/总机,面议 ,2020-10-22,塔城市
其它行业,北京鹏跃供暖有限责任公司成立于2000年，公司位于北京市怀柔区于家园一区58号楼北侧，公司主要提供周围生活区的供热服务，供热面积约26万平方米。公司现有员工20余人，现有锅炉房3处。,北京鹏跃供暖有限责任公司,20人以下,民营,,,,,,
金融/银行/投资/基金/证券,浦思金融网络科技有限公司（以下简称浦思金融）由国内著名天使投资人——何伯权先生及创业团队共同投资创立，隶属于浦思金融服务集团，专业从事金融外包服务，公司主营：商户培训和服务、终端机具租赁和维护、系统开发和应用。2014年5月12日经工商局批准成立，根据机构管理需要，实施集团公司双总部运营模式，在古城西安和魔都上海分设总部。公司自成立以来，始终坚持“浦及天下，善思善行”的企业宗旨，以“坚守理想永葆...,北京浦思网络科技有限公司,500-999人,http://www.pu-si.cn/,,,,,,
广告/会展,北京大洋国际会展服务有限责任公司是具有独立法人的专业会议接待单位，公司拥有一批专业素质强、尽职尽业、信守工作理念的队伍。本公司以会议考察、会议策划、会议预算、会议用车、会议设备租赁、会议场所各类会议会展等商务活动为主，提供全方位一条龙服务的专业化会议会展公司。作为专业的会议服务机构，公司自成立伊始，便依据对会议服务行业的深刻理解和丰富的项目服务经验，向市场提供全面的方案及执行服务。,北京大洋国际会展服务有限责任公司,20人以下,http://www.bjics.cn,不限,2,文员/项目助理,3000-5000元 ,2020-11-04,海淀
其它行业,白犀牛2019年4月成立，是一家无人驾驶公司，专注于研发全栈式无人配送解决方案和无人车常态化运营，为客户提供稳定、安全的城市区域配送服务。作为无人配送领域的创新者，白犀牛坚持从客户需求和应用场景出发，坚持“运营”和“技术”齐头并进，共同牵引研发，更快地撬动无人配送商业化应用，目前已和叮当快药、永辉超市等达成合作，2020年9月上海子公司成立。两位创始人均是百度自动驾驶事业部的初创成...,白犀牛智达（北京）科技有限公司,20-99人,http://www.white-rhino.auto/,不限,8,,5000-8000元 ,2020-12-11,嘉定
快速消费品(食品/饮料/烟酒/化妆品),中萃（天津）食品有限公司是一家专业的食品营销企业，总公司地址位于天津市武清区大良镇隆良道6号，北京事业部地址位于北京市丰台区宋家庄路71号院扑满山2号楼1101室。公司创立至今，已发展成为食品销售行业的佼佼者。我们有良好的资产能力，广泛的销售网络，强大的销售团队，超越的发展目标，炙热的创业热情，我们每一步都力争完美，朝我们目标“成为现代食品营销行业中最优秀的领导企业”奋进。,中萃（天津）食品有限公司,20-99人,民营,中专/技校,2,电商运营助理,面议 ,2020-11-16,丰台
计算机/网络/通信,便车，将不断致力于让人们更便利、自由地完成城市内中短途出行，提升城市交通效率，并减少交通拥堵和环境污染。便车app，让出行更美好，让我们生活的城市更美好。便车，来去真正的随兴自由。在这里，可以尽情体验任何你想开的车并分享你的感悟，结识跟你有共同爱车兴趣的朋友。在这里车主可以利用闲置爱车赚取可观收益，并将爱车展示和分享给渴望体验不同精彩车型的用户。,北京兴起网络科技有限公司,100-499人,民营,高中,5,兼职话务员,230元/天 ,2020-10-23,北京
,,,,,,,,,,
其它行业,"我们公司对待员工待遇非常好,工作轻松自由，不会出现任何危险，非常适合年轻的女孩来体验工作",内蒙古昊佳娱乐服务有限公司,20-99人,民营,,,,,,
教育/培训,公司多年从事教育行业，已经有多家幼儿园，教职工上百名。人性化管理体系及现代话教育管理制度，积极发展素质教育，提倡快乐成长理念。,北京天使之星教育科技有限公司,20-99人,民营,不限,5,,3000-5000元 ,2020-10-23,房山
计算机/网络/通信,北京金源泰成科技有限公司成立于2016年，办公地址位于北京市房山区窦店镇，是一家专业从事应用综合布线、弱电智能化、安防监控、智能广播、数字化多媒体教学、楼宇对讲、系统集成等相关信息化领域，凭借多年在应用系统集成以及智能化服务积累的经验，金源泰成已经成为该领域内著名的应用安防监控、系统解决方案提供商。,北京金源泰成科技有限公司,20人以下,其他,高中,2,招聘售后服务人员,面议 ,2020-10-24,房山
物业管理/商业中心,北京丰润物业管理中心成立于1998年，坐落于丰台区长辛店，是区属全民所有制企业，企业经营范围是：物业管理服务；劳务服务；房地产信息咨询服务；机动车停车场服务；热力供应；出租商业用房。,北京丰润物业管理中心,20-99人,国企,,,,,,
贸易/交通/运输/物流,本公司直招装卸工，货运司机，包吃住，不收任何费用，主要运输百事可乐，北京五环外运输,北京鼎泰盛达货运有限公司,20-99人,民营,不限,15,招聘货运司机C本B本都要,8000-12000元 ,2020-10-24,大兴
教育/培训,技术开发、技术推广、技术服务；教育咨询（中介服务除外）；设计、制作、代理、发布广告；会议服务；企业策划；承办展览展示活动；销售自行开发的产品；组织文化艺术交流活动（不含营业性演出）；出租办公用房；出租商业用房。（企业依法自主选择经营项目，开展经营活动；依法须经批准的项目，经相关部门批准后依批准的内容开展经营活动；不得从事本市产业政策禁止和限制类项目的经营活动。）。,北京读研教育科技集团有限公司,100-499人,民营,,,,,,
贸易/交通/运输/物流,北京京朝通达汽车租赁有限公司主要做汽车租赁;网络预约出租车;为机动车驾驶员提供驾驶技术咨询服务;车务代理服务;汽车清洁服务。公司聘请专业管理人员，有其丰富的管理运营经验，熟悉各种网约车平台，软件使用及问题处理。让你在租车使用的过程中，拥有强大的后盾。北京京朝通达汽车租赁有限公司全体员工欢迎您的加入。所属行业：汽车租赁服务（网约车）,北京京朝通达汽车租赁有限公司,100-499人,股份制企业,不限,100,,12000-20000元 ,2020-10-24,朝阳
耐用消费品(服装服饰/纺织/皮革/家具/家电),思侬品牌是趣家网旗下自有品牌，目前有思侬四件套、思侬三件套、思侬靠垫、思侬抱枕、思侬枕头、思侬羽绒被、思侬羽绒披肩等20多个系列近千种产品。思侬家纺在京东、天猫、当当、趣家网等知名电商平台有售，并实现在北京、上海、广州三地同时发货，即将实现在成都、武汉的同步发货。,北京东方众联企业管理咨询有限公司,20-99人,民营,不限,20,包吃包住 招聘库房理货员,5000-8000元 ,2020-11-21,顺义
贸易/交通/运输/物流,本公司主要经营，金杯品牌，福田品牌，中华品牌，名爵品牌，东风日产全系车型，东风本田，江铃福特。江铃汽车，华晨金杯，鑫源金杯，奇瑞全系车型。,永清县中车行汽车销售有限公司,20-99人,http://www.qiche4s.cn/10003730...,不限,2,底薪加汽车销售,5000-8000元 ,2020-10-30,廊坊
教育/培训,北京象曰科技有限公司，隶属于北京礼丹科技集团。集团是一家以传播和弘扬中华经典文化为主体，在国学育儿领域独具品牌特色的创新型企业，集团业务涵盖线上教育、文化交流、知识付费、大健康、理财与创业指导等。根据业务开展，集团分别在北京、上海、深圳、西安、保定、曲阜、长沙等地建立了分机构，指导与孵化的创业公司遍及全国31个省市自治区。北京象曰科技是基于移动互联网的学习型公司，是倡导“中国家庭国学”的先行者...,北京象曰科技有限公司,20-99人,民营,大专,2,,2000-3000元 ,2020-10-26,平谷
酒店/餐饮,北京舒曼迪商务会所-打造炫目北京夜；北京舒曼迪是京城规模最大的国际顶级，是北京最高档装修最好最正规生意最火爆的高档总面积10000余平米，包房设计独特，拥有豪华VIP包厢45间，可满足商务招待、公司聚会（自娱自乐型）、生日Party等多种需求。品质高、环境好、价位合理、专业的服务为您提供一处社交、休闲的繁华殿堂。它代表了新文化阶级、新品位的提升，从细节开始提供极致飨宴，永远充满惊喜，置身名流豪门中...,菏泽意安文化传媒有限公司,20-99人,民营,不限,30,招聘娱乐厅服务员,1000元/天 ,2020-12-11,北京
,,,,,,,,,,
其它行业,"北京普智昊然科技有限公司成立于2001年,一直致力于将较尖端的产品和一流的服务提供给用户。目前已形成完整的技、工、贸一体化服务体系,公司制定了相应的渠道建设策略和服务支持体系,运作资本达到500万元以上,公司备有足够流动资金供企业周转。代理协调以及技术支持、售后服务工作,积累了丰富的业务经验",北京普智昊然科技有限公司,20人以下,其他,,,,,,
酒店/餐饮,本店只做各大平台外卖,迁西县太平寨镇爱琴海蛋糕店,20-99人,民营,不限,1,招聘面点师,面议 ,2020-10-26,唐山
教育/培训,主要从事专业讲师的发现、培养、策划、推广、管理与经营的经纪公司；专职为政府、企业、商学院、提供定制化的品牌课程、行业专家学者一对一辅导、专业的师资匹配,北京至善厚德师文化有限公司,20人以下,http://www.zsshizi.com/,,,,,,
贸易/交通/运输/物流,北京方远智胜物流有限公司位于北京顺义，主要负责北京现代三工厂轮胎运输业务。,北京方远智胜物流有限公司,20人以下,民营,不限,5,货车司机全职或兼职都可以,180元/天 ,2020-10-26,顺义
计算机/网络/通信,河图创意是中国领先的图片电子商务企业。自2005年成立以来，一直致力于“引领中国视觉消费潮流”，是中国商用图片市场的核心供应商。河图创意旗下图片电子商务平台——【河图创意图片库】作为中国题材丰富的原创图片库，深受顶尖4A广告公司和品牌企业们的青睐。,北京河图创意图片有限公司,20-99人,http://www.eastphoto.cn/,不限,20,,4000元/月 ,2020-10-27,北京
媒体/影视/文化,泽恩达数字科技（北京）有限公司，成立于2018年，是一家专为建筑施工企业，提供企业资质代办、升级，以及人员维护的专业服务机构。,泽恩达数字科技（北京）有限公司,20人以下,民营,不限,10,业务专员/销售,面议 ,2020-11-25,石景山
贸易/交通/运输/物流,汽车配件运输.长短途运输.昌平区南口镇到顺义区普通货物运输。,北京吉运瑞达货运有限公司,20-99人,民营,不限,8,,5000-8000元 ,2020-10-12,昌平
检验/检测/认证,北京市京阳伟业安全技术有限责任公司的前身是北京市京军消防技术有限责任公司，成立于1998年。京阳伟业是立足于消防、安防领域的专业化销售、服务公司，是经市消防局、工商行政管理局核准备案的消防器材销售、维修检测于一体的股份制企业。京阳伟业拥有高素质的专业人才，具备先进的专业技术；优质的产品质量，完善的售后服务。具有极高的行业信誉。公司主要业务：消防、安防专业咨询与培训；消防、安防工程设计与施工；消防...,北京市京阳伟业安全技术有限责任公司,20人以下,http://www.jy119.net/,,,,,,
广告/会展,"北京市密云县城区
汽车代驾服务，全年招聘兼职司机，业余的时间让您实现财务自由！",北京保驾护航科技有限公司,20人以下,民营,不限,20,,200元/天 ,2020-10-13,北京
咨询/管理产业/法律/财会,总部设在北京市朝阳区通用国际中心A座1703，北京市企业许可审批，公司注册、民非单位、基金会、科技企业孵化、财税筹划、等企业服务机构领先品牌之一。专业化服务团队由拥有多年从业经验的注册会计师。提供企业的设立、许可审批、税务筹划、集团登记、等高端商务。多年的企业服务积累了丰富的经验与社会资源，并一直遵循严谨、积极与卓越的服务准则，致力于为企业服务行业与市场的发展作出重大贡献。,北京新曙光管理咨询有限公司,20-99人,http://www.xsgzixun.com,不限,5,,面议 ,2020-10-13,朝阳
酒店/餐饮,时薪劳务有限公司，招小时工，不收费，时薪劳务有限公司，招小时工，不收费，时薪劳务有限公司，招小时工，不收费，时薪劳务有限公司，招小时工，不收费，时薪劳务有限公司，招小时工，不收费，,如皋市思异转化网络信息咨询服务部,20人以下,民营,,,,,,
其它行业,本公司设有独立的洗衣厂、洗衣房等，从事酒店、饭店等洗涤清洗服务。,北京启航爱众科技有限公司,20人以下,民营,不限,5,洗衣厂招聘司机和跟车员,5000-8000元 ,2020-10-19,房山
酒店/餐饮,"本公司经营成都老品牌串串香菜品丰富价格公道,安全卫生纯牛油锅底",北京汇馨餐饮服务有限公司,20人以下,民营,,,,,,
计算机/网络/通信,"中关村项目经理学院是中关村项目产业园项目人才培训机构。2018年1月10日正式组建成立，是产业化、职业化、专业化的应用教育机构，由广大项目工作专业人士、研究人员、教育工作者和各相关机构组成,是一个研究型、创新型、开放型、普及型和国际型的专业性教研,教育和科普组织，专门为国内各类、各级、各行业的项目经理人才服务。中关村项目产业园向各会员和社会各界提供有关项目管理和项目管理技术的咨询服...",中项科技集团有限公司,20-99人,民营,,,,,,
咨询/管理产业/法律/财会,"公司自成立以来主要做工程业务，和工程咨询业务,企业咨询和企业规划",北京尚世纪工程管理有限公司,20-99人,民营,大专,5,预算专员  会计专员,面议 ,2020-10-15,大兴
,,,,,,,,,,
中介服务,远航集团始于1999年，经过近20年的高效发展，现已成为一家多元化、现代化的集团企业。远航集团现下属6家分公司，分别为远航人力资源（天津、厦门）、远航智谷、远航置业及远航物流。远航集团是适应*化时代新生产力的发展，适应中国服务产业结构的提升和新型经济增长方式的需求。以人力资源服务为主，以投资服务、信息服务、物流服务为辅多元领域发展的全新创业组织。,北京远航京畅人力资源有限公司天津分公司,1000-9999人,http://www.yuanhang-hr.com,中专/技校,2,急招驻场人事专员+五险,3000-5000元 ,2020-11-02,滨海新区
中介服务,鸿锦源公司秉承诚信执着专业高效的宗旨，主要为房地产企业提供项目前期市场调研，全程策划，项目销售代理，销售人员培训，整合营销顾问，企业管理培训，企业形象策划，平面设计等服务公司全体员工通过数年的辛勤拼搏和努力探索，结合国内外先进的营销策划和本土的实际情况，并凭借非凡的人才资源和创新精神，探索开创了全新的实效营销策划，以其卓越有效的营销理念，销售策略和管理模式，独树于强手如林的房地产市场...,北京鸿锦源房地产经经纪有限公司,100-499人,http://wwwbjhongjinyuan.com,中专/技校,2,,8000-12000元 ,2020-10-28,门头沟
其它行业,北京市丰台区颐养康复养老照护中心，是一家医养结合养老院，主要收治全部失能，及半自理老人。在社会上享有一定的良好口碑，欢迎热爱养老事业，想从事照护老人的同仁加入我们的行列！。,北京市丰台区颐养康复养老照护中心,20-99人,民营,不限,8,,5000-8000元 ,2020-10-16,丰台
其它行业,"北京福奈特洗衣服务有限公司成立于一九九七年七月。福奈特是国内洗衣业较早以特许加盟形式运作连锁体系的品牌，福奈特公司是中国连锁经营协会特许经营备案企业，也是（欧洲）国际织物护理委员会的会员。在这个由各国织物护理协会和织物护理研究中心组成的团体中，福奈特是较早的企业成员。通过与国外同行的密切交流与合作,以及多年来不断的完善和创新,福奈特一直保持着旺盛的生命力。虽然我们已经有11年的历史，有了近600...",北京市洁净搜豪洗衣店,20人以下,民营,不限,1,,面议 ,2020-10-19,朝阳
其它行业,公司位于大兴区，公交地铁交通便利，工作氛围轻松无压力，无经验要求。,白巷子（北京）餐饮管理有限公司,100-499人,民营,不限,10,文员后勤,3000-5000元 ,2020-10-16,大兴
咨询/管理产业/法律/财会,北京鹏诺知识产权代理有限公司是一家专业从事国内外商标注册、中国驰名商标认定、专利申请、著作权登记、双软认定及其他与之相关业务的法律服务机构。自成立以来，公司一直致力于为全球企业及公众提供全面的信息、技术与知识产权支持，并以打造当今中国最专业的知识产权服务机构为目标；在平时的工作中，我们积极倡导“不耻下问、循循善诱、灵活主动，谦虚谨慎”的工作方式，营造良好的工作和学习氛围，让员工体验享受式的学习，帮...,北京鹏诺知识产权代理有限公司,20人以下,民营,不限,2,,面议 ,2020-10-16,大兴
美容美发,本机构专业从事美容行业，有优秀美丽的老板，氛围融洽，诚邀志投道合的伙伴加入。,北京素研美容有限公司,20-99人,民营,不限,3,招聘 美甲 美睫美容师,5000-8000元 ,2020-10-16,顺义
金融/银行/投资/基金/证券,公司主要从事金融方面，随着公司的不断壮大，公司目前招聘的职位有很多，客服，销售，公司会提供给员工整洁的办公环境，给予高薪资高提成，高资源，还会不定期聚餐，生日福利等，期待大家的加入,北京羿弘咨询服务有限公司,20-99人,民营,高中,20,销售专员,12000-20000元 ,2020-10-19,朝阳
媒体/影视/文化,北京数易文化国学院是专业从事易学研究、易学培训的专业机构。《易经》也称《周易》或《易》，是中国传统思想文化中自然哲学与伦理实践的根源，对中国文化产生了巨大的影响。,北京数易通智国际文化传媒有限公司,100-499人,民营,,,,,,
其它行业,北京中兵卫保安服务有限公司创建于2018年，是一家集人防、技防、消防等多种安全服务类型为一体的全牌照安保公司。公司核心人员由多位警界、安防与高端涉外服务领域的资深专业人士共同创立，旨在利用先进的安全服务理念，以期保障客户的各项商业行为顺利、圆满地开展。公司业务服务范围覆盖全国及海外，业务类型涵盖：场地护卫、大型活动安保、VIP贴身护卫服务、风险评估、现金和贵重物品押送、移动财产看护、联网报警、安...,北京中兵卫保安服务有限公司,20-99人,民营,,,,,,
媒体/影视/文化,公司成立于2020年，主营业务泛娱乐，包含电影版权销售，茶室K歌，私人影院，游戏，足疗项目等。,北京明玺科技有限公司,20人以下,民营,,,,,,
,,,,,,,,,,
快速消费品(食品/饮料/烟酒/化妆品),威海林源正大食品有限公司。,威海林源正大食品有限公司,20-99人,民营,,,,,,
咨询/管理产业/法律/财会,免费咨询——专业律师时时在线免费解答各种知识产权法律问题！业务范围如下：1、国际商标注册一手渠道（马德里、单一国家查询、注册）；2、代报商标新申请、转让、续展、变更、复审、异议、无效、撤三等案件；3、国内商标案件正文撰写（商标驳回复审、撤三答辩、异议申请或答辩、无效宣告申请或答辩等案件撰写）；4、版权登记，软件著作权申请，下证时间1-35工作日可选；5、查领商标、版权、...,北京简明国际知识产权代理有限公司,20人以下,民营,,,,,,
其它行业,地址；北京顺义后沙峪古城村东大街10号院一家专门销售全球购童装的店铺，欢迎你的加入,北京唯家美衣服饰店,20-99人,民营,,,,,,
贸易/交通/运输/物流,北京同城物流配送，主要是海淀区，公司管理宽松，期待您的加入。,河北岳晟供应链管理有限公司,20人以下,民营,不限,5,货运司机,8000-12000元 ,2020-10-20,海淀
医疗设备/器械,"北京华安中医院，位于北京市海淀区西四环，四季青桥北。地址：北京市海淀区西四环北路63号，邮编：100091。是以医疗、科研、教学为一体的综合性医疗机构,拥有大批专家教授、硕士、博士导师和德、美、日进口仪器,医院有强大的综合诊疗实力，设有内科、外科、妇产科、骨伤科、中医科、皮肤科、美容科、针灸科、推拿科、肿瘤科、肛肠科、医学影像科、医学检验科及多种辅助治疗科室。",北京华安中医医院,20-99人,http://www.huaan120.com,,,,,,
石油/石化/化工,北京泊溪科技有限责任公司是位于北京的一家高科技公司，致力于石油钻完井固井工具的研制、生产、销售和技术服务。公司有多名国内知名的完井固井工具方面专家，已开发研制了多项具有自主知识产权的完井固井工具，都具有国家专利，得到了广泛应用，产品成功率高于国内外同类产品，在国内完井固井工具方面处于领先地位。,北京泊溪科技有限责任公司,20人以下,民营,大专,1,机械工程师,面议 ,2020-10-20,西城
生产/制造,东展科博（北京）技术有限公司成立于2011年，位于北京石景山区，主要为客户提供滤波、电磁兼容、信息智能、电子测试等系列产品，为客户提供产品的同时，深切关注客户需求，不断丰富产品种类，从产品到系统解决方案，积累了丰富的行业经验，训练出一批成熟稳定的研发团队和技术团队，形成了完善的销售服务体系，以优质的产品、严格的管理、良好的信誉赢得用户点赞。产品系列滤波系列：自有核心技术的滤波...,东展科博（北京）技术有限公司,20-99人,http://www.dzkbtech.com,,,,,,
贸易/交通/运输/物流,中国兵器工业集团下属中国北方工业公司的全资子公司企业性质：国企,北方装备有限责任公司,100-499人,国企,高中,1,,3000-5000元 ,2020-10-21,石景山
广告/会展,技术开发，技术推广，技术转让，技术咨询，技术服务，计算机系统服务，基础软件服务，应用软件服务，软件开发，软件咨询，体育咨询，公共关系服务，工艺美术设计，电脑动画设计，企业策划，设计，制作，代理，发布广告，市场调查，企业管理，企业管理咨询，组织文化艺术交流活动（不含营业性演出）文艺创作，承办展览展示活动，会议服务，影视策划，（企业依法自主选择经营项目，开展经营活动，依法须经批准的项目，经相关部门批准...,北京轻曼网络科技有限公司,20-99人,http://www.qingmanit.com,不限,20,,面议 ,2020-10-21,通州
生产/制造,我公司是一家集开发，生产，销售于一体的服装公司，成立于2009年。,北京温特质服装贸易有限公司,20-99人,民营,不限,1,招聘版师,面议 ,2020-10-21,朝阳
其它行业,北京海普智能科技有限公司属于一家民营人力资源服务有限公司，服务于全国各大、中、小企业！,北京海普智能科技有限公司,100-499人,民营,大专,5,高薪商务推广潍坊,5000-8000元 ,2020-10-22,潍城
媒体/影视/文化,北京天裁崛起文化传媒有限公司是一家互联网和移动互联网内容供应商，秉承“内容为王，精品制作”的理念，目前以策划、投资、拍摄、制作、宣发短视频、短剧、网大、网剧为主，正聚势崛起。,北京天裁崛起文化传媒有限公司,20人以下,民营,不限,2,,面议 ,2020-10-21,三河
媒体/影视/文化,我中心从事图书策划、编辑、组稿及出版业务，与多家出版社和出版商有长期稳定的合作。每年编辑出版社科、管理、励志、卫生、教育等上百个图书品种。中心的发展期待你的加盟。,中青少（北京）教育科技中心,20-99人,股份制企业,本科,6,急聘图书撰稿编辑,5000-8000元 ,2020-10-26,丰台
计算机/网络/通信,"北京沃行通科技有限公司,2020年06月12日成立，经营范围包括技术开发、技术咨询、技术交流、技术转让、技术推广、技术服务；软件咨询；软件开发；基础软件服务；应用软件服务；计算机系统服务；设计、制作、代理、发布广告；公共关系服务；会议服务；市场调查；企业管理咨询；文艺创作；企业策划、设计；销售工艺品、文化用品、服装、鞋帽、电子产品、日用品、自行开发的产品(不从事实体店铺经营）。（市场主体依法自主选...",北京沃行通科技有限公司,100-499人,http://www.wxt5g.cn/,,,,,,
,,,,,,,,,,
礼品/玩具/工艺美术/收藏品,天意文化是以文创输出、高端收藏、艺术体验为经营主体的大型企业集团。总部坐落于北京东区文化创意产业园区，拥有近万平米的独立艺术空间，内设文博IP文创馆、非遗艺术馆、国礼艺术馆、红色收藏馆、艺术品鉴定中心、艺术培训中心、艺术影院等多功能艺术体验机构。业务板块涵盖国礼艺术品、文创衍生品、红色经典收藏、古董鉴藏、高端艺术品定制等传统艺术品类，以及艺术设计陈列、艺术影音制作、文化游学、收藏鉴定、教育培训、趣...,北京天意博金科技发展有限公司,100-499人,http://www.cacca.cn,,,,,,
计算机/网络/通信,北京鼎艺华声科技有限公司成立于2019年，公司致力于为小、中、高学校提供高质量的美育教育整体解决方案，是新三板上市公司北京世纪明德教育科技有限公司资深合作伙伴；同时，深度挖掘线下精准用户资源，打造集升学指导、乐器推广销售、线上授课为一体的综合化线上专业资讯平台，帮助更多学生以及家长了解美育教育的实用性、可行性。以梦为马，不负韶华，现诚邀您加入我们，成为公司未来蓝图规划中的重要拼图。,北京鼎艺华声科技有限公司,20人以下,民营,本科,3,小程序运营编辑,5000-8000元 ,2020-12-02,丰台
建筑/装修,寻求安装工人....................................,北京恒宏科技有限公司,20人以下,民营,不限,10,货运司机月薪1万不是梦,12000-20000元 ,2020-12-02,昌平
酒店/餐饮,岗位职责:快餐制作（有培训）订餐、传菜、收拾餐厅任职资格:1年以上餐饮经验（快餐经验可加分）热爱餐饮行业，做事任劳任怨。聪明会沟通工作时间:每周休息1天。上班时间根据商场时间为准，暂定早10点-晚10点,北京周韩食铺餐饮有限公司,20人以下,民营,不限,4,餐厅服务员（含后厨和前厅...,5000-8000元 ,2020-12-10,海淀
酒店/餐饮,坐落于国贸地区，不论您是商务出差还是休闲旅游北京瀚金佰九号温泉国际酒店都是理想的下榻之处。酒店地理位置优越，距离南苑机场21km，距离北京火车站8km。离这最近的是四惠地铁站，距离仅1km。著名的景点朝阳公园和欢乐谷均在酒店附近，您可根据时间提前做好行程安排。,北京瀚金佰九号国际温泉酒店,500-999人,民营,高中,2,,8000-12000元 ,2020-12-02,朝阳
酒店/餐饮,烤全羊近几年盛行在老百姓生活中，仅北京地区从事烤全羊的公司有六十多家，真正做好，有口碑的寥寥无几。育龙庄园烤全羊在北京地区服务广大客户4年有余，深受大家喜爱。目前合作高端民宿、私人会所、高端轰趴馆700余家，未来3-5年围绕北京将开发8-10家分店。,中赛乐佳（北京）科技有限公司,20人以下,民营,,,,,,
物业管理/商业中心,"北京运程嘉景商务管理技术研究所,成立日期:2004年02月17日,创建于北京市,经营范围:技术开发、技术推广、技术转让、技术咨询；软件开发；承办展览展示；设计、制作、代理、发布广告；从事机动车公共停车场经营；物业管理；家庭劳务服务；销售机械设备、五金交电、日用品、文化用品、计算机、软件及辅助设备。",北京运程嘉景自动化停车技术有限公司,20-99人,民营,,,,,,
酒店/餐饮,中餐简餐连锁北京核心商圈积极向上踏实进取激励机制激励机制重视员工感受有爱心有善心爱家敬业爱家敬业家庭爱家敬业,北京海泽润餐饮管理有限公司,20人以下,民营,不限,4,普工/学徒工,3000-5000元 ,2020-12-11,朝阳
其它行业,长期招聘改衣工人长期招聘改衣工人长期招聘改衣工人长期招聘改衣工人长期招聘改衣工人长期招聘改衣工人长期招聘改衣工人长期招聘改衣工人,北京木易皮具护理有限公司,20人以下,民营,不限,4,招聘改衣工人,面议 ,2020-12-04,朝阳
咨询/管理产业/法律/财会,技术开发，技术推广，技术转让，技术咨询，技术服务，健康管理，健康咨询，计算机系统服务,北京爽猫科技有限公司,20-99人,其他,不限,10,,3000-5000元 ,2020-12-03,丰台
教育/培训,文师教育，秉承聚精会神做教育，一心一意做服务的原则，为广大学员提供一站式服务和专业化的学历提升解决方案，是以学习者为中心面向个人及组织提供学习和教育服务的领航企业。,北京文师创达教育科技有限公司,20-99人,其他,大专,8,网络销售,8000-12000元 ,2020-12-04,大兴
超市/百货/零售,本公司代理销售五粮液、国窖，古井贡酒、董酒、泸州老窖，仝小锅等产品,北京佳合永成商贸有限公司,20人以下,民营,不限,10,,8000-12000元 ,2020-12-08,门头沟
贸易/交通/运输/物流,北京万方物流是一家承载京津冀重要物流车队，目前自有车队是200多台。有着物流运输丰富经验的车队。,北京万方货物运输有限公司,100-499人,民营,,,,,,
其它行业,北京世纪中彩视频技术有限公司，2011年成立，主要运营福彩网络视频业务。依托于控股公司（北京德法利投资有限公司）现成为全国唯一一家提供福彩网络视频项目的节目制作及终端产品的运营商，主要业务是为全国各省(市)福彩中心提供一站式福彩网络视频项目搭建及运营服务。本着提升品牌、提升销量、服务中心、服务业主、服务彩民、服务社会的宗旨，网络视频可协助中心实现投注站信息化管理，线上线下综合培训、市场营销宣传等...,北京世纪中彩视频传媒技术股份有限公司,500-999人,股份制企业,大专,24,市场管理员,5000-8000元 ,2020-12-04,海淀
酒店/餐饮,"雪蓓餐饮管理（北京）有限公司,成立日期:2018年06月29日,创建于北京市。公司在烘焙、冷饮、饮品行业创开拓新领域，以创新思路为发展根本、坚持客户为上，市场第一的原则，坚守诚信底线，务实探索。",雪蓓餐饮管理（北京）有限公司,20-99人,民营,,,,,,
媒体/影视/文化,企业依法自主选择经营项目，开展经营活动；依法须经批准的项目，经相关部门批准后依批准的内容开展经营活动；不得从事本市产业政策禁止和限制类项目的经营活动。）,河南沐莱文化传媒有限公司,20-99人,民营,不限,30,北京双子座国际会所,12000-20000元 ,2020-12-06,朝阳
保健按摩,100多平公司喜欢吃苦耐劳的，不喜欢公主病的，不想用长像去衡量别人,桥西区静芳保健按摩店,20人以下,民营,,,,,,
酒店/餐饮,是通过即时加工制作、商业销售和服务性劳动于一体，向消费者专门提供各种酒水、食品，消费场所和设施的食品生产经营行业。餐饮业是中国第三产业中一个传统服务性行业，经历了改革开放起步、数量型扩张,北京合和至餐饮有限公司,20-99人,民营,不限,15,家中工作当天结,面议 ,2020-12-11,北京
快速消费品(食品/饮料/烟酒/化妆品),负责长子营全镇及长子营开发区韵达快递业务.负责快件派送，揽收。,北京千和意超市,20人以下,民营,不限,3,,8000-12000元 ,2020-12-07,大兴
保健按摩,我们以倡导休闲放松、释放压力、缓解疲劳、消除病痛为服务理念，以享受“自然、和谐、轻松”的养生境界为服务目标，以科学、诚实、倡导健康养生创造一流团队服务为宗旨。,北京润禾到家健康管理服务有限公司,20人以下,民营,,,,,,
计算机/网络/通信,北京四谛科技有限公司聚焦产业互联网，旨在通过互联网基础设施逐步优化实体产业结构，实现产业降本增效。旗下录屋项目始于2017年，聚焦家装产业，通过联合装修公司、建材商户和家装监理搭建录屋家装产业联盟，以更高的标准服务装修业主，同时缓解产业日益严峻的获客压力。目前，录屋家装产业联盟已在北京地区开展经营活动，得到了产业各从业群体和装修业主的广泛认可。接下来，联盟在进一步优化服务流程的同时，会逐步将服务拓...,北京四谛科技有限公司,20-99人,民营,不限,20,周末兼职推广,500元/天 ,2020-12-08,北京
贸易/交通/运输/物流,中运全速（北京）速运有限公司是经北京邮政管理局审批通过，在工商行政管理机关依法登记；专门从事仓储、速递、物流配送的专业公司。　　公司成立至今一直秉承着‘全心、全力、全速’的服务理念，和‘与客户共同发展’的企业愿景，一切以客户为先，不断提升服务质量与服务品质，以期给客户最好的服务体验。　　公司的业务主要以高端配送为主，市场涵盖金融、政务、保险、通讯、互联网等多个领域。　　2015年公司筹...,中运全速（北京）速运有限公司,20人以下,民营,不限,2,,5000-8000元 ,2020-12-07,朝阳
教育/培训,专业从事体育培训的公司，业务包括花式跳绳、篮球、羽毛球、游泳、击剑等,北京乐体时代教育咨询有限公司,20-99人,民营,,,,,,
广告/会展,“盟友会展融媒”是由北京盟友广告有限公司洞察当今传媒产业发展最新时态探索出的一项影视传媒系统概念+品牌名称；盟友传媒一直深耕于会展产业的视听全媒体制播运营，聚焦中国品牌博览会视听内容策划/摄制/传播全案宣传推广服务；经过多年的探索和实践，当前已经发展形成了会展体系内成熟的融媒体制播系统，打造出集“会展电视媒体运营、央视电视栏目运营、商务视听广告策制、视频直播、VR网展...,北京盟友广告有限公司,20-99人,http://www.myhztv.com/,不限,3,,5000-8000元 ,2020-12-09,朝阳
媒体/影视/文化,"北京人民智库文化传媒有限公司成立于2016-07-28,注册资本为500万元人民币。秉承“以人为本、和而不同”的企业发展理念，倾力打造一个融合,友爱，进取的发展环境，夯实公司跨越式发展的基础。在这个充满机遇挑战的新的历史时期，公司将以市场为导向，以人才为根本，以技术为支撑，以资本为纽带，打造一个实力雄厚、核心竞争力强大的文化型企业。人民智库目前除现有的期刊发行、会议、咨询服务业务以外，也...",北京人民智库文化传媒有限公司,100-499人,民营,,,,,,
教育/培训,以研究自闭症（孤独症）儿童心理发展，集康复训练、成长学习引导为重点的专业化服务机构。专门针对自闭儿童的特殊生活习性及环境需求，有针对性的解决方案改造成适合自闭症儿童的科技化成长体系。中心开展国内外各类主流和非主流的自闭症（孤独症）康复训练，包括对语言、注意力、认知理解、情绪行为、生活自理、社交能力、粗大和精细动作的训练等。,东区儿童成长（北京）科技有限公司,20-99人,民营,中专/技校,5,招生老师,8000-12000元 ,2020-12-10,朝阳
媒体/影视/文化,公司简介北京天和琪美是由美国协和集团投资的中国北京全资子公司，总部位于美国芝加哥，并在德国法兰克福设有分公司，是一家集弦乐销售、代理及有自主进出口经营权的专业乐器及文化产业公司。我公司多年来致力于为国内专业的音乐团体、大剧院、专业音乐院校的弦乐器采购项目提供乐器咨询、供应服务。我公司以专业演奏家、专业制琴师及世界知名弦乐器品牌经销商三位一体组合为基础，为乐团提供细致的前期咨询、根据乐团的采购需...,北京天和琪美文化发展有限公司,20人以下,民营,不限,2,,面议 ,2020-12-10,通州
礼品/玩具/工艺美术/收藏品,万帝珠宝是集生产设计、零售服务于一身的综合性经营企业，全国连锁品牌名店，在山东、河北等区域设有几十家分店，经营珠宝金饰等业务已超过十几年历史。公司本着诚信经营、心比金纯的经营理念，致力于服务社会，引领饰尚潮流；万帝崇尚杰出、强调耀目，矢志以永不懈怠的姿态、永不枯竭的激情，借助自身敏锐的时尚嗅觉、一流的技艺团队与制作设备，将国际风尚与东方审美浑然相融，赋予珠宝完美非凡而又丰富多样的形态。...,历城区万明珠宝店,100-499人,民营,不限,4,丁豪广场高薪诚聘珠宝导购,5000-8000元 ,2020-12-08,高新
计算机/网络/通信,公司诚意聘请老人，待遇从优，不招新人，不招学徒，主要负责北京就近上门维修,北京秀樾巷广告有限公司,20人以下,民营,不限,20,北京修电脑上门师傅,12000-20000元 ,2020-12-10,海淀
金融/银行/投资/基金/证券,北京晟程世纪投资管理有限公司成立于2012年7月，是一家专注为广大中小微企业和个人用户提供综合金融信息咨询服务的助贷机构，也是首都金融服务商会常务理事单位。公司核心成员及专业顾问团队均来自银行、上市公司、国企央企、投资机构、证券、信托等金融机构以及知名律所、会计师事务所等。经过数年的精心耕耘，运用专业的金融管理团队，多层级的风控体系以及稳定的资金对接渠道，致力于为中小微企业主提供高效、安全的融...,北京晟程世纪投资管理有限公司,20-99人,民营,不限,10,,5000-8000元 ,2020-12-11,丰台
媒体/影视/文化,北京微道互动广告有限公司，是一家以移动互联网、互联网广告媒体资源整合营销、购买、技术开发为主的广告公司。,北京微道互动广告有限公司,20人以下,民营,不限,2,视频制作视频剪辑后期制作,面议 ,2020-12-10,唐山
建筑/装修,成立于2005年，专门从事国内外供热采暖、制冷系统、以及系统集成(设计、设备销售、安装调试、工程承包)、EMC合同管理业务、节能改造、运行管理的专业化综合工程服务公司。公司为国家供热节能协会的会员单位，具有较强的技术实力。专门致力于供热/制冷系统改造、设备销售、作为跨越供热、制冷两大领域的集成商，我们拥有多样化的高素质专业人才。随着公司的不断壮大，公司按业务种类分为两个部门：1、供热事...,陕西东风热谷科技有限公司,20人以下,民营,高中,1,销售代表,5000-8000元 ,2020-12-09,莲湖
计算机/网络/通信,中科数字通(北京)科技有限公司（简称“数字通”）是国家高新、中关村高新技术企业、双软企业。通过了国际能力成熟度模型集成CMMI五级认证、ISO9001质量管理体系认证、企业资信等级认证、企业信用等级认证。中国优秀软件企业，信息技术应用创新工作委员会会员单位、北京软件和信息服务业协会第九届理事会会员单位、中关村企业信用促进会会员单位，拥有软件著作权、商标、专利二十余项知识产权。是专业从事自动化、网络...,中科数字通（北京）科技有限公司,20-99人,http://www.sztbj.com,大专,3,JAVA工程师,12000-20000元 ,2020-10-27,丰台
农/林/牧/渔,工作内容1.负责公司产品（兽药）的销售及推广2.有销售行业工作经验3.开拓新市场，增加产品销售4.负责辖区市场信息的收集任职资格1.高中中专及以上学历，畜牧兽医兽药及市场营销等相关专业优先考虑2.具有半年以上市场销售经验3.反应敏捷，表达能力强，具有较强的沟通能力，具有亲和力4.具备一定的市场分析及判断能力，良好的客户服务意识5有责任心，能承受较大的工作压力,燕翔(北京）生物技术有限公司,20人以下,民营,大专,5,销售代表,面议 ,2020-10-27,丰台
教育/培训,本公司是一家教育培训机构，向全国中小学及高中推介校长教师培训教材，教育光盘，学校图书馆装备。上班时间每周一至周五的8:30分至下午5:30分《中午有两个小时休息》，有午餐。国家法定假日均休息。,北京国盛燕舞文化传播有限公司,20-99人,民营,不限,3,,3000-5000元 ,2020-10-28,门头沟
农/林/牧/渔,奥耐尔（Honneur）意指在生产活动和商业营销中始终如一笃守诚信，始于1992年，历经两年研发期并于1994年成立北京奥耐尔营养科技有限公司，秉承该词内涵精神，开中国专业从事幼小动物配方奶粉研发、生产和经营之先河。是中国大的动物配方奶粉知名生产商，历年销售额一直占据中国市场50%以上，奥氏犊牛配方奶粉也已风靡大江南北，成为国内大代乳粉民族品牌。,北京奥耐尔农牧科技有限公司,20-99人,民营,不限,3,,8000-12000元 ,2020-12-01,长安
物业管理/商业中心,职位：消防中控员要求：1、男性；2、有国家承认专业上岗证书；,北京安逸车科技服务有限公司,20-99人,民营,不限,2,房车租赁销售,3000-5000元 ,2020-11-16,丰台
酒店/餐饮,中融永信（北京）投资管理有限公司成立于2012年，注册资金两千万元整，总部位于北京市海淀区。是一家致力于食堂管理、食堂承包、食堂托管、团餐配送、物业管理，后勤综合服务的专业机构；截止2020年我公司拥有做店40余家，服务客户百余家，在京自建中央厨房7个，总面积达4000余平米。每日供餐量达60000余人，公司年营业综合收入超过4亿元。现有员工1000余名，其中高级管理人员30名，中级管理人...,中融永信（北京）投资管理有限公司,500-999人,民营,,,,,,
保健按摩,1、年龄在25~45岁之间，女性；2、身体健康，耐心、细心，责任心强，有较强的服务意识；,武安市武安镇肖菊台理疗店,20人以下,民营,不限,4,北京KTV招聘服务员女孩...,8000-12000元 ,2020-10-31,通州
超市/百货/零售,北京义利食品商业连锁有限公司于2011年03月17日在大兴分局登记成立，公司经营范围包括预包装食品销售、含冷藏冷冻食品。,北京义利食品商业连锁有限公司,100-499人,其他,高中,5,,3000-5000元 ,2020-10-29,东城
贸易/交通/运输/物流,本公司现业务拓展，涉猎餐饮业。现需要大量餐饮工作人员。经营项目：火锅。从事过餐饮服务人员优先考虑。,北京凯旋之旅汽车租赁有限公司,20人以下,民营,,,,,,
保健按摩,健康养生连锁于2005年成立于上风上水之地北京昌平，公司自成立以来，始终秉承“常知足、守正道”的企业精神，以“传承匠心匠艺、为全民健康助力”为己任，在团队建设方面打造王牌服务，在产品体系方面开发专属特色项目，公司以“常做通调补、养足精气神，做自己健康的第一责任人”做教育引领，致力于成为健康养生行业首选价值品牌。同时，我们在服务过程中高度关注客户需求，精选业内专业养生产品研发机构联合创新，引入砭道疗...,北京君和源商务服务有限公司,20-99人,民营,不限,20,吧台服务员包食宿,3000-5000元 ,2020-10-28,昌平
媒体/影视/文化,公司位于北京市海淀区五道口附近，经营范围包括组织文化艺术交流活动（不含营业性演出）；文艺创作；影视策划；教育咨询；文化咨询；体育咨询；会议服务；公共关系服务；承办展览展示活动；演出经纪；设计、制作、代理、发布公告；企业策划、设计；工艺美术设计；电脑动画设计；产品设计；包装装潢设计；技术开发、技术推广、技术转让、技术咨询、技术服务；销售自行开发的产品；市场调查；企业管理咨询；经济贸易咨询；健康管理（...,北京名仕博雅文化发展有限公司,20人以下,http://www.boyaarts.cn,,,,,,
其它行业,技术开发、技术服务、技术转让；计算机系统服务；计算机系统集成；软件开发；基础软件服务；应用软件服务（不含医用软件）；产品设计；销售电子产品、器件和元件、仪器仪表、计算机、软件及辅助设备、汽车零配件、汽车、建筑材料、橡胶制品、机械设备、五金交电（不含电动自行车）、工艺品（不含文物）；太阳能发电；工程和技术研究与试验发展；数据处理(数据处理的银行卡中心、PUE值在1.5以上的云计算数据中心除外）；货...,聚鑫恒通（北京）科技有限公司,20-99人,民营,不限,1,学生兼职,200元/天 ,2020-10-28,北京
超市/百货/零售,信息港（北京）科技有限公司成立于2012年，注册资本金1000万元。总部设在北京。天津、南京、成都、深圳、郑州等省及香港均设有分子公司，公司尊崇“踏实、拼搏、责任”的企业精神，并以“迎接挑战、勇于创新、敢于担当、永不退缩”的经营理念，以全新的管理模式，卓越的产品品质，坚持用户至上的服务理念，创造良好的企业环境。信息港承接手机及其他智能终端的国代业务及线上TP供货平台和护盘商业务，同时通过自营及联盟...,信息港（北京）科技有限公司,20-99人,民营,不限,2,,5000-8000元 ,2020-10-29,丰台
咨询/管理产业/法律/财会,~迅鉴空间~系2020年6月24日左右成立，地址位于朝阳区垡头翠城馨园甲401号楼1层101内C0202543，与多家机构战略合作，主要经营企业管理咨询；企业管理；酒店管理；餐饮管理；物业管理；公共关系服务；经济贸易咨询；承办展览展示活动；企业策划；市场调查；技术进出口、代理进出口、货物进出口；机动...等,讯鉴空间（北京）管理咨询有限公司,20人以下,民营,中专/技校,1,总经理助理月薪面议包吃住,面议 ,2020-10-29,海淀
教育/培训,青橙艺术教育是一所拥有整套学习生涯教学方案的综合类艺术培训机构。培训项目涵盖少儿才艺、成人爱好、艺考生备考、中考艺术培训、赛前培训、企业活动演出策划、课程研发输出等。青橙艺术教育位于大兴区政治中心和商业中心，地理位置优越交通便利，是学员工作、学习之余培养艺术修为的绝佳之选。机构旗下教师均为教育行业内佼佼者。我们帮助每个学员规划艺术发展方向和学习方案，把最科学的方法传授给学员，使得教学不...,北京青橙之星教育咨询有限公司,20-99人,合资,,,,,,
贸易/交通/运输/物流,北京万世昌商贸有限公司成立与1999年，多年来得益于广大客户的巨大支持和帮助，更得益于公司高素质的员工队伍，公司得以健康、协调地稳步发展。我公司多年对接企事业单位，在行业内有一定知名度。现因业务需要招聘业务员，招贤纳士。,北京万世昌商贸有限公司,20人以下,民营,不限,1,,面议 ,2020-10-29,大兴
媒体/影视/文化,北京龙诚新新娱乐有限公司北京龙诚新新娱乐有限公司北京龙诚新新娱乐有限公司,北京龙诚新新娱乐有限公司,20-99人,民营,不限,30,,12000-20000元 ,2020-10-29,朝阳
计算机/网络/通信,全球化是一种服务世界的能力，中国企业应当坚定的走向全球。臻翕天使跨境电商服务平台立足中国，放眼全球，整合不同国家的优质商品，拒绝劣质低廉商品，实现商品国际互通，提供境内外全方位服务，将成为全中国人民从中国走向全球的高速快车。增强消费者之间以及和商家的粘性，能够实现商品共享，互利互惠，多元化的营销模式，帮助全球中小企业及拥有优质产品的代理商搭建全领域的服务平台。,北京聚汇付信息技术有限公司,20-99人,股份制企业,,,,,,
快速消费品(食品/饮料/烟酒/化妆品),本公司从事于快消品批发零售，我们诚信优质的服务得到各行客户一致好评,北京盛达兴龙商贸有限公司,20-99人,民营,,,,,,
耐用消费品(服装服饰/纺织/皮革/家具/家电),以汽车销售为主的公司。位于北京市昌平区东三旗亚北博晟汽车会展中心。,逸嘉（北京）国际咨询有限公司,20-99人,民营,大专,10,无责任阶梯底薪,8000-12000元 ,2020-10-29,桐乡
医药/生物工程,任职要求:1.药学、医学或市场销售及相关专业大专以上；2.有临床业务开发及学术推广经验；3.如非医药专业，须有3年以上相关工作经验；4.在当地有络资源、具备开发能力优先。,北京华康惠卿国际医药科学研究院,100-499人,民营,,,,,,
超市/百货/零售,公司以人为本，协同发展，共求进步为原则，希望志同道合的伙伴一起创业。人和为基，共创一条发展新路。年假是春节双休，辛苦一年的你和家人过一个从容的春节。,北京兵祥商贸有限公司,20人以下,民营,不限,1,高薪直招店员,2000-3000元 ,2020-10-30,房山
超市/百货/零售,姜皇后煎饼是北京的特色美食，属于各地与众不同的美食经典，失误做法与其他没事不同，改变了传统的馅饼制作方法，加入了新鲜时尚美味元素。经过三百度高温烤制而成，能够保证里层松软，外层酥脆，带给人们口感上的享受。,北京羿陆乐通国际物流有限公司,20人以下,民营,不限,4,招聘煎饼工,面议 ,2020-10-30,朝阳
酒店/餐饮,招聘保险内勤人员若干名,桃城区璐渲火锅店,20-99人,民营,,,,,,
快速消费品(食品/饮料/烟酒/化妆品),酒之诚（北京）国际贸易有限公司于2019年12月16日成立，总部位于北京市经济技术开发区。是一家专业的进口葡萄酒品牌运营公司。公司以葡萄酒为载体，推广葡萄酒文化，倡导一种生活态度。旗下的每一款、每一个年份的葡萄酒都由国际专业品酒师团队精心甄选，全球挑选适合国人日常饮用和品鉴的高品质葡萄酒。目前公司与众多著名酒庄建立了广泛深厚的合作关系，已经取得法国，西班牙，意大利，澳洲和阿根廷等优质法定产区多家顶...,酒之诚（北京）国际贸易有限公司,20-99人,民营,,,,,,
其它行业,薪资待遇1.融资顾问：底薪（无责任底薪5000）+提成+年终奖金+季度奖，人均月薪2w+且包括新人，前10名人均5万以上，前3名10万以上2.团队主管：彻底摆脱员工的收入模式，利用平台自助创业，以合伙人形式提取，月均6万以上。3.团队区长：彻底摆脱员工的收入模式，利用平台自助创业，以合伙人形式提取，月均10万以上。4.工作时间8:30-18:00，周末单休，按照国家法定节假日作息，...,北京融金时代信息科技有限公司,100-499人,http://rongdaizhongxin.com,,,,,,
跨领域经营,公司为多元化跨领域经营公司；主营业务为食品生产经营和网上商城业务。力争在2至3年成为国际化的上市公司。公司广纳贤达人才，共同创出最佳业绩，欢迎加盟公司。,香厨神(哈尔滨)食品有限公司,100-499人,民营,大专,8,销售釆购经理全国,12000-20000元 ,2020-11-15,罗湖
酒店/餐饮,销售食品；餐饮管理；批发食用农产品；零售日用品，家用电器，电子产品；企业管理；市场调查；企业管理咨询；企业策划，设计。（企业依法自主选择经营项目，开展经营活动；销售食品以及依法须经批准的项目，经相关部门批准后依批准的内容开展经营活动；不得从事本市产业政策禁止和限制类项目的经营活动。）,北京美丹餐饮管理有限公司,100-499人,民营,不限,15,急招服务员 随时入职,5000-8000元 ,2020-11-01,朝阳
,,,,,,,,,,
其它行业,公司以“辛苦我一人，温暖千万家”为服务宗旨；以安全、可靠的供热质量，专业、环保的企业形象，稳定、优质的供热服务。,北京孙村永兴建材销售部,20人以下,民营,大专,2,供暖公司招收收费员,面议 ,2020-11-27,大兴
教育/培训,北京育才助学公益基金会是经北京市民政局批准成立的慈善组织，是中国下一代教育基金会（主管单位：教育部）实施徐特立教育基金公益活动的项目执行单位。为促进艺术教育发展基金会自2015年起开展了“国际青少年美术节”活动。活动联合白俄罗斯国家美术馆、中国艺术科技研究所，通过美术考级、国际展览、研学旅行等活动提升学生的核心素养。为了让“国际青少年美术节”活动更好服务于美育教育工作，基金会成立了美育国培（北...,北京元圈影视文化有限公司,20人以下,民营,,,,,,
美容美发,马上春节了、想找个人、平均一天20个客人左右、年轻人多点、剪发15、开了半年了、,廊坊开发区孔雀城昌海理发店,20人以下,民营,,,,,,
计算机/网络/通信,锐捷网络，中国网络解决方案第一品牌。自2000年1月成立至今，锐捷网络始终秉承“敏锐把握应用趋势，快捷满足客户需求”的核心经营理念，在自主研发、自主生产的创新之路上稳健前行。,德博（北京）网络科技有限公司,1000-9999人,http://rujie.com.cn,,,,,,
金融/银行/投资/基金/证券,北京北文文化发展有限公司（简称北京北文）是国内最专业的文化金融行业服务机构，北京文化产权交易中心全国指定服务运营商。北京北文总部位于北京珠市口西大街，拥有办公及营业面积近3000平方米，先后在北京南站、福州和宁波设立三家分支机构，经纪会员单位近百家，服务客户遍布全国。公司拥有文化金融顶层设计专家和专业运营市场化团队，实战经验丰富，在符合国家经济政策、顺应市场经济规律和国民经济发展整体需求基...,北京东康盛唐科技有限公司,20-99人,民营,高中,10,餐饮界展览宣传,100元/天 ,2020-11-13,平谷
建筑/装修,公司成立于2012年，主要销售建筑材料以及装修材料，销售品类如系统铝包木门窗、断桥铝门窗,北京天驰嘉意科技有限公司,20人以下,民营,不限,4,销售顾问,3000-5000元 ,2020-11-13,路北区
计算机/网络/通信,“红”——象征喜庆、激情活力，代表顺达成功；象征进步觉悟，事业兴旺。 “鼎”——权力象征、传国重器，代表吉祥亨通；犹如网格事业，国之重器。 “盛”——繁华景象、空前盛世，代表殷盛富强。好比民族复兴，伟大空前。  红鼎盛（北京）国际科技有限公司于2020年9月25日成立，主要经营技术开发、技术咨询、技术服务、技术交流、技术推广、技术转让；计算机系统服务、软件开发及；经济贸易咨询、企业...,红鼎盛（北京）国际科技有限公司,100-499人,其他,高中,10,,600元/周 ,2020-11-09,昌平
快速消费品(食品/饮料/烟酒/化妆品),-公司介绍：北京美吾之美生物科技有限公司是一家跨界融合发展型企业。经过一年多的精心筹备，公司于2020年7月在北京市石景山区正式注册成立。公司在产业发展定位和战略规划方面，积极响应中央号召，按照国家推进产业结构转型升级的总体布局和要求，立足国内，放眼全球，以化妆品科技、生物科技、大数据技术、互联网科技、物流科技、物联网科技等最新前沿技术为支撑，着力在化妆品产业供给侧改革上寻求创新突破，致力于成...,北京美吾之美生物科技有限公司,20-99人,其他,中专/技校,20,销售专员,8000-12000元 ,2020-11-06,石景山
超市/百货/零售,水果，生鲜，海鲜，厨房用品，零食，供应链，企业策划，高科技产品服务等等,北京金果智慧生物科技有限公司,20-99人,民营,不限,10,小程序销售,3000-5000元 ,2020-11-02,丰台
贸易/交通/运输/物流,公司简介北京中科金源环保科技有限公司以“绿水青山就是金山银山”为发展理念，以科技为核心动力，高质量发展环保产业，打造生态文明，实现绿色发展，为城市发展提供强大助力。公司集研发、设计、施工、监测和运行管理于一体，实现各类项目的全周期服务。同时，公司紧系国内外生态环保的最新发展成果、先进的管理办法、成熟的治理经验，并将之运用于公司经营的各类项目。公司经营领域包括水环境治理改善、大气污染防治和治理、...,北京中科金源环保科技有限公司,20人以下,民营,,,,,,
建筑/装修,四川中京泰建筑工程有限公司(以下简称中京泰建筑)是国内领先的大型基础设施综合服务商， 2017年8月挂牌成立。主要从事基础设施建设的咨询规划、设计建造、施工、管理运营的全方位服务。公司作为国家建设单位的一员，始终遵循“创造卓越，诚信发展”的行为准则，为创建优质工程，建设美丽中国而贡献自己的力量。　　本公司是由一群具有二十多年丰富施工经验的工程技术人员和管理人员组建的，拥有1000多名工程建设人...,四川中京泰建筑工程有限公司,20-99人,民营,不限,5,,8000-12000元 ,2020-11-03,丰台
媒体/影视/文化,北京煜恒传媒有限公司成立于2016年，是一家具有完整的直播硬件配备，实力星探以及艺人培训团队，全力打造寻星、造星、成星的一站式服务机构。公司业务以艺人直播为主，以艺人招募、培养、向各大主播平台输送艺人为辅。进行主播后台运营管理，解决其所遇到问题。以专业直播运营体系和管理团队对主播进行人气扶持。业务更是涉及到，微电影拍摄、网络短片、电视广告、大型晚会以及影视后期制作。公司将自己的核心...,北京煜恒文化传媒有限公司,20-99人,民营,,,,,,
计算机/网络/通信,东方雅达（北京）科技有限公司成立于2020年4月。公司依托于自主开发的代码，开发的一款内部管理saas软件，为企业解决管理上的痛点、难点。,东方雅达（北京）科技有限公司,20-99人,民营,高中,3,,5000-8000元 ,2020-11-09,顺义
超市/百货/零售,经营范围：销售文化用品，体育用品、花、草及观赏植物，日用杂货、针纺用品等等,北京美联电子商务中心,20人以下,民营,不限,2,,200元/天 ,2020-11-04,北京
超市/百货/零售,岩板石英石台面生产安装,武进区丁堰凤迈胜装饰材料经营部,20人以下,http://www.keerworld.com,不限,4,普工安装工,5000-8000元 ,2020-12-01,钟楼
其它行业,北京华奥鼎盛汽车服务有限公司成立于2020年7月，位于北京市平谷区王辛庄镇王辛庄村平镇路东侧，占地面积9700多平方米。华奥鼎盛设施完善、环境舒适的综合性修理厂。公司实现汽车一站式服务基地。,北京华奥鼎盛汽车服务有限公司,20人以下,民营,中专/技校,5,汽车美容及洗车工,3000-5000元 ,2020-11-08,平谷
医药/生物工程,北京脑康生物科技生物有限责任公司是一家专业从事大脑保健产品研发、生产、销售的高科技民营企业。,北京脑康生物科技有限责任公司,20-99人,民营,,,,,,
超市/百货/零售,北京爱亲科技股份有限公司（前身北京华恩投资有限公司成立于1999年），是全国母婴用品零售龙头企业，致力于为妈妈和宝贝提供母婴产品[2]。旗下连锁品牌爱亲母婴生活馆现拥有数千家加盟店面，业务遍及全国所有省市。2011年企业员工总数超过500人。,北京爱亲科技股份有限公司,500-999人,民营,,,,,,
媒体/影视/文化,金马地带KTV环境优美，设备先进，地段绝佳,莲池区蓝羽音乐娱乐厅,20-99人,民营,,,,,,
医药/生物工程,公司主要从事医疗大健康产业，全国各地近百家门诊医院实体，主要是和线上咨询相呼应，也有健康体检小屋、签约私人家庭医生、医来伸手、同世堂加盟、中医医生集团等项目，是一家快速发展掘起的医疗集团，因发展需要，现需招聘各类人才。男怕入错行，选对行业很重要，没有人会怀疑医疗行业的前途，医疗将成为下一个十年的支柱产业。像我们如果不是医学行业的人能有幸加入医疗行业，还是一个比较难得的机会的，公司现在正在筹备...,北京满堂红医院管理有限公司,500-999人,股份制企业,中专/技校,5,,3000-5000元 ,2020-11-07,昌平
计算机/网络/通信,本公司成立于2010年一直致力于华为，惠普，戴尔全系列产品的分销。产品涉及戴尔笔记本，台式机，显示器，工作站，服务器及华为笔记本，平板，惠普笔记本等产品销售。,北京君禄洪缘科技有限公司,20人以下,民营,,,,,,
环保,加工塑料板管、棒材、绝缘电缆料颗粒；技术开发；专业承包；销售化工产品（不含危险化学品、不含一类易制毒化学品）、建筑材料、五金交电（不含电动自行车）、文化用品、日用百货、通讯设备、安防电子产品（此项限分支机构经营）；租赁建筑机械；安防电子产品开发；物业管理；出租商业用房；出租办公用房。（企业依法自主选择经营项目，开展经营活动；依法须经批准的项目，经相关部门批准后依批准的内容开展经营活动；不得从事本市...,北京盛中塑业有限公司,20人以下,其他,不限,1,,3000-5000元 ,2020-11-10,大兴
快速消费品(食品/饮料/烟酒/化妆品),北京熊来了嗲案子商务有限公司是一家电商公司，目前在天猫、京东、等各大平台销售新疆特产和坚果,北京东晓新越酒店,20-99人,民营,不限,2,,3000-5000元 ,2020-11-09,海淀
酒店/餐饮,北京麦穗酒店管理有限公司是京粮置业旗下的一家酒店管理公司，有4家分公司，分别在昌平、延庆、房山、昌黎,北京麦穗酒店管理有限公司,20-99人,国企,不限,1,客房领班,3000-5000元 ,2020-11-19,昌平
教育/培训,北京硅谷文化传媒有限公司是一家致力于影视文化创意、影视制作、营销策划、互动营销、活动策划推广的公司。公司自建立以来，秉承“创新是一个民族的灵魂，是一个企业兴旺发达的不竭动力”的理念，立足互联网时代带来的机遇，在移动互联网的大时代背景下，借鉴国内外的基础上推陈出新，以互联网思维创新影视节目及影视节目的推广，创新线下活动及活动的全网营销推广，整合线上线下及传统影视平台资源，为客户创就领导品牌，全方...,北京硅谷文化传媒有限公司,20-99人,民营,本科,1,,2000元/月 ,2020-11-11,杭州
教育/培训,提供各种教育类课程，包括语言学习、留学旅游及学位课程以及文化交流。产品线囊括3-18岁青少儿英语课程、18岁以上成人英语和在线英语课程，以及海外留学项目等。,纽约（北京）国际科技有限公司,20-99人,合资,本科,3,会计师讲师,8000-12000元 ,2020-11-09,秀洲
咨询/管理产业/法律/财会,我们欢迎希望自己拥有美好的未来人生的人才加入华信创投大家庭。通过公司的培养以及个人的努力，我们相信优秀的你不用多久，就会升职加薪、当上总经理、出任CEO、走上人生巅峰，想想有没有点小激动呢。服务范围：代理公司注册：企业注册、注册资金、注册地址、专项审批、增资、异地经营、工商年检等疑难问题，能切实帮助公司省钱、省时、省力、彻底摆脱烦恼,华信优势（北京）教育科技有限公司,20-99人,民营,,,,,,
酒店/餐饮,永顺炸鸡二十几年老店，通州家喻户晓特色小吃，店面虽小但是门口每天排队，验证了二十几年做下来的品质，新鲜健康是我们一直的追求。永顺炸鸡精选优质鸡产品，使用独家秘方腌制，去腥入味，用独到的烹制方法，保证肉质的鲜嫩多汁，同时保证鸡肉营养不会流失，色泽金黄，皮脆肉嫩，入口香而不腻，咬上一口唇齿留香，让人久久不能忘怀！,北京正香永顺餐饮管理有限公司,20-99人,民营,不限,10,全国合伙人,面议 ,2020-11-10,北京周边
咨询/管理产业/法律/财会,经营范围包括计算机技术开发、转让、咨询服务，企业管理咨询，经济贸易咨询，展览展示服务，会议服务，市场调查，从事广告业务，教育咨询，财务咨询，翻译服务，计算机系统服务。（依法须经批准的项目，经相关部门批准后方可开展经营活动）,天津盈和优元信息科技有限公司,20-99人,民营,大专,10,电话销售销售代表,5000-8000元 ,2020-11-10,海淀
超市/百货/零售,北京张一元西坝河东里茶庄，位于朝阳区西坝河东里京客隆超市内，经营张一元品牌茶叶。,北京张一元西坝河东里茶庄,20-99人,民营,不限,1,张一元茶庄营业员,2000-3000元 ,2020-11-19,朝阳
生产/制造,北京艾唯博瑞科技有限公司“艾唯博瑞”是注册服务品牌，公司成立于2010年1月。作为中国领先的互联网业务解决方案提供商，艾唯博瑞的愿景是竭尽所能协助客户成功构建并运营自己的数字自媒体营销平台，并帮助其经营与消费者的关系。公司秉承以客户为中心的经营理念，努力实现提升用户体验、帮助客户经营与消费者关系、提升订单转化率以及提升客户工作效率四大客户价值。艾唯博瑞长期致力于为客户提供互联网整体解...,北京艾唯博瑞科技有限公司,20-99人,http://www.iwbr.com.cn/,本科,1,,8000-12000元 ,2020-11-11,东城
媒体/影视/文化,是一个集艺人经纪，明星经纪，网红经纪，摄影Studios，选角Casting，影视制作，商演，演艺活动，全国活动供应商，项目负责为一体的综合娱乐公司，集聚众多影视流量，全国知名艺人与大量专业院校毕业的新人演艺人员，以及一手的全国中外籍演员，模特，礼仪，儿童，提供网红、兼职、双语主持人、化妆师、摄影摄像、保安、保洁、中外籍文艺演出、主播、歌手、乐队、中老年模特、模特大赛、影视服装、兼职、各类活动商业...,北京艺星壹艺影视文化有限公司,20人以下,民营,不限,3,电话销售,12000-20000元 ,2020-11-10,通州
家政,海阔凭鱼跃，天高任鸟飞，心有多大，你的舞台就有多大这是一个年轻的舞台这也是一个能够让你充分展示自我和挑战自我的平台！！！这也更是一个能够让你发挥出无限创造力和锻炼自己的平台！！！我们的舞台，同样也是你的平台，现在平台摆在这里，至于舞台的大小等你来创造！！！以换工作为习惯的，想高薪但又不想付出的，请绕道，因为你来了还是要走，我们欣赏人才，重用人才，拒绝庸才。本公司接受家政委托...,山东全保物业管理有限公司,100-499人,民营,不限,5,六千起聘别墅看管员包吃住...,5000-8000元 ,2020-11-13,房山
