ISBN,author,binding,comments,img_url,link,page,press,price,score,time,title,translator
9787541147845,[日] 山田宗树,45.0元,9422,https://img9.doubanio.com/view/subject/s/public/s29721886.jpg,https://book.douban.com/subject/27110733/,409,文治图书·四川文艺出版社,45.0元,8.6,2018-5,被嫌弃的松子的一生,王蕴洁、刘珮瑄
9787540487683,[日]小川糸,48.00元,5967,https://img2.doubanio.com/view/subject/s/public/s29967212.jpg,https://book.douban.com/subject/30255971/,272,湖南文艺出版社,48.00元,7.5,2019-1-31,闪闪发光的人生,吴曦
9787532744756,[日]芥川龙之介,平装,51384,https://img1.doubanio.com/view/subject/s/public/s3435158.jpg,https://book.douban.com/subject/3136271/,189,上海译文出版社,12.00元,8.7,2008-7,罗生门,林少华
9787551819251,[日] 中岛敦,45.00元,4363,https://img1.doubanio.com/view/subject/s/public/s30020978.jpg,https://book.douban.com/subject/30394154/,352,三秦出版社,45.00元,8.5,2019-3,山月记,徐建雄
9787544281102,[日] 东野圭吾,精装,28946,https://img3.doubanio.com/view/subject/s/public/s28363320.jpg,https://book.douban.com/subject/26639966/,264,南海出版公司,39.50元,8.2,2016-1,新参者,岳远坤
9787509002780,[日] 乙一,平装,36441,https://img1.doubanio.com/view/subject/s/public/s2756239.jpg,https://book.douban.com/subject/2297697/,319,当代世界出版社,20.00元,8.6,2007-10,ZOO,李颖秋
9787541157493,[日]森见登美彦,45,602,https://img3.doubanio.com/view/subject/s/public/s33712391.jpg,https://book.douban.com/subject/35125822/,248,四川文艺出版社,45,8.6,2020-10,春宵苦短，少女前进吧！,陈晶
9787513328081,[日] 北野武,精装,25972,https://img1.doubanio.com/view/subject/s/public/s29660257.jpg,https://book.douban.com/subject/27174130/,208,雅众文化,2017-12,8.0,2017-12,北野武的小酒馆,姜向明
9787532726141,[日] 村上春树,平装,25750,https://img1.doubanio.com/view/subject/s/public/s1029647.jpg,https://book.douban.com/subject/1031740/,333,上海译文出版社,18.80元,8.2,2001-8,寻羊冒险记,林少华
9787220115578,[日] 涩泽龙彦,平装,336,https://img9.doubanio.com/view/subject/s/public/s33521834.jpg,https://book.douban.com/subject/34888141/,224,四川人民出版社,36.00元,8.0,2020-1,狐媚记,夏言
9787544294119,[日]东野圭吾,精装,1965,https://img9.doubanio.com/view/subject/s/public/s32313104.jpg,https://book.douban.com/subject/30317423/,304,南海出版公司,55.00,7.5,2019-5,我杀了他,郑琳
9787550297012,[日] 三浦紫苑,平装,4318,https://img9.doubanio.com/view/subject/s/public/s29351116.jpg,https://book.douban.com/subject/26959623/,232,北京联合出版公司,32.00元,8.3,2017-3,假如岁月足够长,周慧
9787508689210,[日] 佐野洋子,36.00元,1052,https://img9.doubanio.com/view/subject/s/public/s29987866.jpg,https://book.douban.com/subject/30220031/,172,中信出版集团,2018-7,8.4,2018-7,没有神也没有佛,陈系美
9787020120321,[日] 三岛由纪夫,精装,790,https://img3.doubanio.com/view/subject/s/public/s29918141.jpg,https://book.douban.com/subject/26877556/,178,人民文学出版社,28.00元,8.7,2018-8,金阁寺,陈德文
9787122250155,[日] 东野圭吾,精装,11797,https://img9.doubanio.com/view/subject/s/public/s29710294.jpg,https://book.douban.com/subject/26598142/,183,化学工业出版社,CNY 32.00,7.3,2016-1-1,湖畔,沈杨
9787020159925,[日]  树木希林,49.00元,628,https://img2.doubanio.com/view/subject/s/public/s33659572.jpg,https://book.douban.com/subject/34933201/,208,人民文学出版社,49.00元,7.4,2020-7,一切随缘,陈林俊
9787514382143,[日] 池井户润,平装,634,https://img9.doubanio.com/view/subject/s/public/s33634786.jpg,https://book.douban.com/subject/34869556/,408,现代出版社,50.00元,8.5,2020-3,半泽直树 3,凌文桦
9787513320191,[日] 伊坂幸太郎,平装,2580,https://img3.doubanio.com/view/subject/s/public/s28429801.jpg,https://book.douban.com/subject/26712094/,356,新星出版社,35.00元,8.1,2016-2,汽油生活,潘璐
9787532777600,[日]村上春树,平装,654,https://img1.doubanio.com/view/subject/s/public/s33607558.jpg,https://book.douban.com/subject/30144094/,454,上海译文出版社,52,8.4,2018-7,舞！舞！舞！,林少华
9787516825983,[日] 中田永一,平装,42,https://img1.doubanio.com/view/subject/s/public/s33758997.jpg,https://book.douban.com/subject/35074041/,48.00,台海出版社,48.00,8.0,2020-10,如空气般存在的我,刘姿君
9787550272484,[日] 是枝裕和、[日] 中村航,32.00,5319,https://img2.doubanio.com/view/subject/s/public/s28660552.jpg,https://book.douban.com/subject/26735085/,240,北京联合出版公司,32.00,7.7,2016-5-20,奇迹,毛叶枫
9787532777570,[日]村上春树,平装,589,https://img9.doubanio.com/view/subject/s/public/s33607556.jpg,https://book.douban.com/subject/30144092/,166,上海译文出版社,32,7.6,2018-7,1973年的弹子球,林少华
9787532748495,村上春树,平装,8032,https://img3.doubanio.com/view/subject/s/public/s3964580.jpg,https://book.douban.com/subject/3931510/,158,上海译文出版社,18.00元,8.0,2009-8,神的孩子全跳舞,林少华
9787532742936,[日] 村上春树,平装,18301,https://img1.doubanio.com/view/subject/s/public/s2897088.jpg,https://book.douban.com/subject/2158194/,152,上海译文出版社,16.00元,7.7,2007-7,且听风吟,林少华
9787535662194,[日] 米泽穗信,平装,2109,https://img1.doubanio.com/view/subject/s/public/s27631559.jpg,https://book.douban.com/subject/24383185/,195,湖南美术出版社,25.00元,7.9,2013-6,冰菓,方宁
9787540485603,[日]与谢野晶子,56.00元,685,https://img9.doubanio.com/view/subject/s/public/s29720364.jpg,https://book.douban.com/subject/30135659/,320,浦睿文化·湖南文艺出版社,56.00元,8.0,2018-4,胭脂用尽时，桃花就开了,陈黎、张芬龄
9787544281324,[日]宫部美雪,精装,2912,https://img1.doubanio.com/view/subject/s/public/s28341617.jpg,https://book.douban.com/subject/26651873/,384,南海出版公司,45.00元,7.7,2016-1,火车,张秋明
9787532175505,[日] 樱庭一树,49.00元,359,https://img9.doubanio.com/view/subject/s/public/s33626646.jpg,https://book.douban.com/subject/34996428/,352,上海文艺出版社,49.00元,8.7,2020-4-16,赤朽叶家的传说,虞侃
9787544294201,[日] 东野圭吾,精装,2297,https://img1.doubanio.com/view/subject/s/public/s29980489.jpg,https://book.douban.com/subject/30330292/,251,南海出版社,49.50,7.1,2019-3,沉睡的森林,郑琳
9787539976327,宫部美雪,平装,4586,https://img9.doubanio.com/view/subject/s/public/s27524396.jpg,https://book.douban.com/subject/25954353/,1692,江苏凤凰文艺出版社,168.00元,8.1,2014-9,所罗门的伪证,徐建雄
9787600617081,村上春树,111.50元,2058,https://img9.doubanio.com/view/subject/s/public/s33541754.jpg,https://book.douban.com/subject/10529920/,1248,南海出版公司,111.50元,7.9,2011-1-1,1Q84（全三册）,施小炜
9787532743025,(日)村上春树,平装,13758,https://img3.doubanio.com/view/subject/s/public/s2634110.jpg,https://book.douban.com/subject/2174013/,220,上海译文出版社,15.00元,8.4,2007-7,国境以南 太阳以西,林少华
9787544295161,[日] 东野圭吾,精装,1091,https://img2.doubanio.com/view/subject/s/public/s32328083.jpg,https://book.douban.com/subject/30433571/,224,南海出版公司,49.5,6.9,2019-6,预知梦,吕灵芝
9787800916953,（日本）大江健三郎,平装,766,https://img1.doubanio.com/view/subject/s/public/s27418627.jpg,https://book.douban.com/subject/1062476/,358,王新新,1996-04,8.6,1996-04,万延元年的足球队,于长敏
9787201079707,[日]太宰治,精装,7922,https://img9.doubanio.com/view/subject/s/public/s26368496.jpg,https://book.douban.com/subject/24226728/,392,天津人民出版社,29.90元,8.3,2013-3,人间失格,高詹灿、袁斌
9787513336031,[日] 伊坂幸太郎,平装,530,https://img3.doubanio.com/view/subject/s/public/s33561470.jpg,https://book.douban.com/subject/34438686/,368,新星出版社,58.00,8.0,2020-2,沙漠,穆迪
9787559429353,[日]谷川俊太郎,45,1692,https://img1.doubanio.com/view/subject/s/public/s29895037.jpg,https://book.douban.com/subject/30325334/,224,江苏凤凰文艺出版社,45,7.6,2018-11-1,三万年前的星空,田原
9787505742529,[日] 向田邦子,38.6元,1240,https://img3.doubanio.com/view/subject/s/public/s29708651.jpg,https://book.douban.com/subject/27611177/,240,文治图书·中国友谊出版公司,38.6元,8.0,2018-3,隔壁的女人,安素
9787549623761,[日]松本清张,平装,2545,https://img3.doubanio.com/view/subject/s/public/s29672481.jpg,https://book.douban.com/subject/27193113/,470,文汇出版社,68.00元,7.8,2018-1,黑色皮革手册,邱振瑞
9787208084476,[日] 星野道夫,29.00元,5652,https://img2.doubanio.com/view/subject/s/public/s4279052.jpg,https://book.douban.com/subject/3765620/,260,上海人民出版社,29.00元,8.7,2010-2,在漫长的旅途中,蔡昭仪
9787208077928,[日] 京极夏彦,平装,20786,https://img2.doubanio.com/view/subject/s/public/s3178553.jpg,https://book.douban.com/subject/3140801/,526,上海人民出版社,36.00,8.0,2008-8,姑获鸟之夏,林哲逸
9787549580439,[日] 涩泽龙彦,精装,782,https://img2.doubanio.com/view/subject/s/public/s28752752.jpg,https://book.douban.com/subject/26774091/,250页,广西师范大学出版社,42.00,8.1,2016-4,唐草物语,林青
9787513317658,[日] 伊坂幸太郎,平装,5164,https://img1.doubanio.com/view/subject/s/public/s28060437.jpg,https://book.douban.com/subject/26359751/,344,新星出版社,35.00,8.2,2015-4,重力小丑,吕灵芝
9787559640901,[日]芥川龙之介,平装,106,https://img2.doubanio.com/view/subject/s/public/s33644092.jpg,https://book.douban.com/subject/35008015/,290,一頁folio | 北京联合出版公司,29.00,8.6,2020-6,芥川龙之介  妄想者手记,陈德文
9787514512182,[日] 小泉八云,68,229,https://img2.doubanio.com/view/subject/s/public/s30009192.jpg,https://book.douban.com/subject/30418942/,528,中国致公出版社,68,8.0,2019-4,怪谈,郭睿、王如胭、孟令堃
9787544247399,[日] 东野圭吾,平装,23223,https://img1.doubanio.com/view/subject/s/public/s4435059.jpg,https://book.douban.com/subject/4753783/,344,南海出版公司,28.00元,7.4,2010-8,分身,王维幸
9787223011297,[日] 田中芳树,19.80元,5663,https://img2.doubanio.com/view/subject/s/public/s28291162.jpg,https://book.douban.com/subject/1418999/,412,西藏人民出版社,19.80元,9.2,2004-7-1,银河英雄传说,蔡美娟
9787513323253,[日] 道尾秀介,平装,2488,https://img9.doubanio.com/view/subject/s/public/s29107086.jpg,https://book.douban.com/subject/26873412/,376,新星出版社,38.00,7.5,2016-10,向日葵不开的夏天,于彤彤
9787547436936,[日] 森见登美彦,59.8,82,https://img2.doubanio.com/view/subject/s/public/s33771913.jpg,https://book.douban.com/subject/35217608/,,山东画报出版社,59.8,8.6,,热带,高一君
9787020123384,[日] 又吉直树,38.00,3461,https://img1.doubanio.com/view/subject/s/public/s29453417.jpg,https://book.douban.com/subject/26969582/,154,人民文学出版社,38.00,7.7,2017-6,火花,毛丹青
9787541155000,[日] 本多孝好,45,1257,https://img2.doubanio.com/view/subject/s/public/s33594233.jpg,https://book.douban.com/subject/34799802/,256,文治图书·四川文艺出版社,45,7.2,2020-6,人生删除事务所,吕灵芝
9787532754076,佚名,精装,628,https://img1.doubanio.com/view/subject/s/public/s6983838.jpg,https://book.douban.com/subject/6038874/,538,上海译文出版社,53.00元,8.7,2011-12-1,平家物语,王新禧
9787020133314,[日] 东野圭吾,精装,3922,https://img3.doubanio.com/view/subject/s/public/s29561701.jpg,https://book.douban.com/subject/27125950/,288,人民文学出版社,49.90元,6.9,2017-10,第十年的情人节,朱田云
9787213096297,[日] 池井户润,平装,317,https://img3.doubanio.com/view/subject/s/public/s33628150.jpg,https://book.douban.com/subject/34941828/,519,浙江人民出版社,55.00元,8.2,2020-5,陆王,励立蓉、安素
9787544284585,[日] 东野圭吾,平装,1263,https://img3.doubanio.com/view/subject/s/public/s29085641.jpg,https://book.douban.com/subject/26888804/,384,南海出版公司,42.00元,7.6,2016-10,单恋,赵峻
9787532764488,[日] 太宰治,精装,2631,https://img2.doubanio.com/view/subject/s/public/s27257332.jpg,https://book.douban.com/subject/25814725/,255,上海译文出版社,35.00,8.8,2014-2,人间失格·斜阳,竺家荣
9787544755634,[日] 森茉莉,精装,737,https://img1.doubanio.com/view/subject/s/public/s28385958.jpg,https://book.douban.com/subject/26577701/,314,译林出版社,38.00,7.5,2016-3,我的美的世界,谢同宇
9787532764778,[日] 三岛由纪夫,精装,1769,https://img3.doubanio.com/view/subject/s/public/s27292730.jpg,https://book.douban.com/subject/25839618/,251,上海译文出版社,38,8.7,2014-4-1,仲夏之死,陈德文
9787509005163,[日] 乙一,平装,18768,https://img9.doubanio.com/view/subject/s/public/s3840924.jpg,https://book.douban.com/subject/3801097/,148,当代世界出版社,20.00,7.8,2009-6,夏天·烟火·我的尸体,王华懋
9787540493363,[日]森见登美彦,45.00,1227,https://img1.doubanio.com/view/subject/s/public/s33477697.jpg,https://book.douban.com/subject/34463603/,384,湖南文艺出版社,45.00,8.3,2019-9,太阳与少女,吴曦
9787555020752,[日] 西加奈子,39.8,440,https://img1.doubanio.com/view/subject/s/public/s33535348.jpg,https://book.douban.com/subject/34880830/,212,海峡文艺出版社,39.8,8.0,2019-12,草莓、极光与火焰,吴曦
9787544292900,[日]村上春树,精装,878,https://img3.doubanio.com/view/subject/s/public/s29782551.jpg,https://book.douban.com/subject/30203785/,360,南海出版公司,49.60元,8.6,2018-9-1,1Q84 BOOK2,施小炜
9787513323062,[日] 伊坂幸太郎,平装,4687,https://img1.doubanio.com/view/subject/s/public/s28950917.jpg,https://book.douban.com/subject/26846483/,376,新星出版社,38.00,8.2,2016-8,不然你搬去火星啊,星野空
9787559639257,[日] 三浦紫苑,42.00元,252,https://img9.doubanio.com/view/subject/s/public/s33552235.jpg,https://book.douban.com/subject/34937287/,304,文治图书·北京联合出版社,42.00元,8.2,2020-4-30,哪啊哪啊神去村,王蕴洁
9787544292870,岩井俊二,精装,5093,https://img1.doubanio.com/view/subject/s/public/s29775868.jpg,https://book.douban.com/subject/30230525/,184,南海出版公司,45.00元,8.9,2018-6-1,情书,穆晓芳
9787208128934,[日] 三浦紫苑,平装,4530,https://img2.doubanio.com/view/subject/s/public/s28344932.jpg,https://book.douban.com/subject/26358994/,255,上海人民出版社,32.00元,8.2,2016-1-1,真幌站前多田便利屋,田肖霞
9787508690070,[日]利利·弗兰克,45.00元,429,https://img1.doubanio.com/view/subject/s/public/s29952608.jpg,https://book.douban.com/subject/30251580/,299,中信出版集团,45.00元,9.0,2018-7,东京塔,李颖秋
9787559623287,[日] 东野圭吾,平装,4298,https://img1.doubanio.com/view/subject/s/public/s29963217.jpg,https://book.douban.com/subject/30380271/,336,北京联合出版公司,45.00元,6.0,2018-12,危险的维纳斯,星野空
9787544771177,[日] 藤泽周平,精装,699,https://img1.doubanio.com/view/subject/s/public/s29831797.jpg,https://book.douban.com/subject/27169514/,451,译林出版社,65.00,8.9,2018-8,蝉时雨,高詹灿
9787201126548,[日] Keigo（河尻圭吾）,平装,5852,https://img3.doubanio.com/view/subject/s/public/s29748861.jpg,https://book.douban.com/subject/30191460/,224,天津人民出版社,49.80,8.3,2018-5,我的生活不可能那么坏,雅众文化
9787020115778,[日] 乙一,平装,2198,https://img9.doubanio.com/view/subject/s/public/s28703076.jpg,https://book.douban.com/subject/26775247/,276,人民文学出版社,39.80,8.0,2016-6,箱庭图书馆,潘璐
9787544280570,[日] 伊坂幸太郎,精装,4680,https://img2.doubanio.com/view/subject/s/public/s33516463.jpg,https://book.douban.com/subject/34778578/,288,南海出版公司,58.00,8.3,2019-11-1,恐妻家,边大玉
9787533958688,[日] 远藤周作,精装,120,https://img1.doubanio.com/view/subject/s/public/s33625449.jpg,https://book.douban.com/subject/34856730/,395,浙江文艺出版社,69.00元,9.0,2020-1,武士,林水福
9787532770342,[日] 太宰治,精装,3084,https://img3.doubanio.com/view/subject/s/public/s28462810.jpg,https://book.douban.com/subject/26577688/,190,上海译文出版社,32.00,8.6,2016-1-1,斜阳,竺家荣
9787806795095,佐野洋子,28.00元,13913,https://img9.doubanio.com/view/subject/s/public/s1673084.jpg,https://book.douban.com/subject/1257365/,30,接力出版社,28.00元,9.0,2004-10,活了100万次的猫,唐亚明
9787533946739,（日）夏目漱石,平装,2735,https://img9.doubanio.com/view/subject/s/public/s29610224.jpg,https://book.douban.com/subject/26933790/,208,浙江文艺出版社,32.00元,8.4,2017-1,少爷,徐建雄
9787544294126,[日]东野圭吾,精装,2296,https://img2.doubanio.com/view/subject/s/public/s30007923.jpg,https://book.douban.com/subject/30317422/,267,南海出版公司,49.50元,7.4,2019-3,毕业,黄真
9787532773725,[日] 夏目漱石,精装,515,https://img1.doubanio.com/view/subject/s/public/s29428369.jpg,https://book.douban.com/subject/26877749/,261,上海译文出版社,39.00,8.4,2017-3-1,三四郎,吴树文
9787559637291,[日] 伊坂幸太郎,平装,1176,https://img1.doubanio.com/view/subject/s/public/s33640048.jpg,https://book.douban.com/subject/35040230/,280,北京联合出版公司,48.00元,7.7,2020-6,双子星,代珂
9787532749447,[日] 青山七惠,精装,16112,https://img1.doubanio.com/view/subject/s/public/s4102527.jpg,https://book.douban.com/subject/4173403/,166,上海译文出版社,20.00元,7.7,2010-1,温柔的叹息,竺家荣
9787544291811,[日]东野圭吾,精装,1958,https://img3.doubanio.com/view/subject/s/public/s29968890.jpg,https://book.douban.com/subject/27666929/,528,南海出版公司,59.6,7.3,2018-5,幻夜,李炜
9787533962265,(日) 伊坂幸太郎,平装,116,https://img1.doubanio.com/view/subject/s/public/s33763687.jpg,https://book.douban.com/subject/35217434/,328,浙江文艺出版社,49.80,6.9,2020-11,梦境救援,高一君
9787532744497,（日）三岛由纪夫,平装,10972,https://img1.doubanio.com/view/subject/s/public/s3511607.jpg,https://book.douban.com/subject/3391246/,140,上海译文出版社,15.00,8.2,2009-1,潮骚,唐月梅
9787544249409,[日]黑泽明,精装,3115,https://img2.doubanio.com/view/subject/s/public/s27325332.jpg,https://book.douban.com/subject/25903505/,272,南海出版公司,39.50元,8.5,2014-8,蛤蟆的油,李正伦
9787532771097,谷崎润一郎,精装,2092,https://img1.doubanio.com/view/subject/s/public/s28394218.jpg,https://book.douban.com/subject/26666029/,173,上海译文出版社,CNY 35.00,8.0,2016-1-1,阴翳礼赞,陈德文
9789571350813,湊佳苗、湊かなえ,NTD250元,27707,https://img2.doubanio.com/view/subject/s/public/s33712373.jpg,https://book.douban.com/subject/3920130/,224,時報文化,NTD250元,8.6,2009-8,告白,丁世佳
9787511380760,[日] 宫部美雪,平装,65,https://img1.doubanio.com/view/subject/s/public/s33715398.jpg,https://book.douban.com/subject/34895682/,48,中国华侨出版社,48,7.5,2020-9,怪谈百物语：哭泣童子,高詹燦
9787559422538,芥川龙之介,48.00,1712,https://img2.doubanio.com/view/subject/s/public/s29953233.jpg,https://book.douban.com/subject/30244065/,290,江苏凤凰文艺出版社,48.00,8.2,2018-9-1,地狱变,青禾
9787020136759,[日]三浦紫苑,49.00元,1616,https://img9.doubanio.com/view/subject/s/public/s29807074.jpg,https://book.douban.com/subject/27663281/,252,人民文学出版社,49.00元,8.5,2018-6,编舟记,蒋葳
9787222155428,[日] 高村光太郎,32.00元,4342,https://img2.doubanio.com/view/subject/s/public/s29344743.jpg,https://book.douban.com/subject/26938527/,128,云南人民出版社,32.00元,7.8,2017-1,山之四季,王珏
9787503310119,芥川龙之介,简装,3257,https://img2.doubanio.com/view/subject/s/public/s28038043.jpg,https://book.douban.com/subject/2062557/,223,解放军文艺出版社,8.00,9.3,1999年,地狱变,楼适夷、文洁若
9787201141176,[日]石川啄木,592,1419,https://img9.doubanio.com/view/subject/s/public/s33669996.jpg,https://book.douban.com/subject/30316751/,,天津人民出版社,58.00,8.4,,石川啄木短歌,周作人
9787535476784,[日]川村元气,38元,6409,https://img2.doubanio.com/view/subject/s/public/s32326172.jpg,https://book.douban.com/subject/26242908/,214,长江文艺出版社,38元,7.5,2014-11-20,如果世上不再有猫,王蕴洁
9787559620132,[日] 吉竹伸介,49.80元,979,https://img1.doubanio.com/view/subject/s/public/s29797138.jpg,https://book.douban.com/subject/30252127/,,后浪丨北京联合出版公司,49.80元,7.9,,今天也要好好地过,汪婷
9787541146640,[日] 太宰治,42.80元,3447,https://img1.doubanio.com/view/subject/s/public/s29450549.jpg,https://book.douban.com/subject/27042834/,296,四川文艺出版社,42.80元,8.1,2017-6,小说灯笼,陈系美
9787208137004,[日] 吉田修一,平装,6160,https://img1.doubanio.com/view/subject/s/public/s28873148.jpg,https://book.douban.com/subject/26760976/,396,上海人民出版社,42.00元,8.4,2016-7-31,怒,岳远坤
9787559627490,[日]小林一茶,精装,3056,https://img9.doubanio.com/view/subject/s/public/s30017714.jpg,https://book.douban.com/subject/30355936/,208,雅众文化,2019-3,7.8,2019-3,这世界如露水般短暂,陈黎、张芬龄
9787544276207,[日] 东野圭吾,平装,10482,https://img1.doubanio.com/view/subject/s/public/s28035637.jpg,https://book.douban.com/subject/26298572/,327,南海出版公司,39.5,7.9,2015-4-1,彷徨之刃,刘珮瑄
9787539999166,太宰治,平装,3869,https://img9.doubanio.com/view/subject/s/public/s29961784.jpg,https://book.douban.com/subject/30190063/,304,读客图书·江苏凤凰文艺出版社,39.90元,8.2,2018-4-1,人间失格,陆求实
9787559437426,夏目漱石,平装,207,https://img1.doubanio.com/view/subject/s/public/s33519558.jpg,https://book.douban.com/subject/33445295/,464,江苏凤凰文艺出版社,45.90,8.8,2019-11-1,我是猫,黄悦生
9787532744398,[日] 三岛由纪夫,平装,6619,https://img3.doubanio.com/view/subject/s/public/s3511611.jpg,https://book.douban.com/subject/3391245/,165,上海译文出版社,18.00,8.4,2009-1,假面自白,唐月梅
9787544749107,[日]北野武,29,8144,https://img9.doubanio.com/view/subject/s/public/s27997234.jpg,https://book.douban.com/subject/25944034/,138,译林出版社,29,8.6,2015-2,菊次郎与佐纪,陈宝莲
9787550293151,[日] 东野圭吾,平装,18219,https://img2.doubanio.com/view/subject/s/public/s29195703.jpg,https://book.douban.com/subject/26920165/,368,北京联合出版公司,39.80元,6.8,2017-1,拉普拉斯的魔女,王蕴洁
9789571383583,村上春樹、高妍（繪）,精装,97,https://img3.doubanio.com/view/subject/s/public/s33734600.jpg,https://book.douban.com/subject/35216707/,104,時報,NTD499.00,8.7,2020-9-29,棄貓,賴明珠
9787532754373,[英] 石黑一雄,精装,6649,https://img2.doubanio.com/view/subject/s/public/s29858413.jpg,https://book.douban.com/subject/6060455/,258,上海译文出版社,28.00元,7.7,2011-5-1,浮世画家,马爱农
9787544290425,[日] 是枝裕和,45.00,1957,https://img1.doubanio.com/view/subject/s/public/s29492798.jpg,https://book.douban.com/subject/27068271/,217,南海出版公司,45.00,7.9,2017-8-1,下一站，天国,金晖
9787929114117,乙一,49.8,861,https://img9.doubanio.com/view/subject/s/public/s33653515.jpg,https://book.douban.com/subject/26889178/,363,人民文学出版社,49.8,8.9,2016-8,动物园,张筱森
9787214058577,山崎丰子,48.00元,1707,https://img3.doubanio.com/view/subject/s/public/s3973491.jpg,https://book.douban.com/subject/3863454/,831,江苏人民出版社,48.00元,8.8,2009-7,白色巨塔,娄美莲等
9787532745975,(日)村上春树,平装,8334,https://img9.doubanio.com/view/subject/s/public/s3211725.jpg,https://book.douban.com/subject/3168460/,165,上海译文出版社,15.00元,7.8,2008-8,1973年的弹子球,林少华
9787559611567,[日] 东野圭吾,平装,8975,https://img9.doubanio.com/view/subject/s/public/s29659546.jpg,https://book.douban.com/subject/27173553/,327,北京联合出版公司,42.00元,7.1,2018-1,白金数据,王蕴洁
9787229080969,三岛由纪夫,精装,1216,https://img1.doubanio.com/view/subject/s/public/s27297248.jpg,https://book.douban.com/subject/25900284/,300,重庆出版社,45.00,9.3,2014-7,天人五衰,文洁若
9787220115875,[日] 三岛由纪夫,42.00元,600,https://img9.doubanio.com/view/subject/s/public/s33492075.jpg,https://book.douban.com/subject/34820849/,224,四川人民出版社,42.00元,9.5,2019-10,近代能乐集,玖羽
9787533938611,[日]大江健三郎,45.00元,1301,https://img9.doubanio.com/view/subject/s/public/s29243126.jpg,https://book.douban.com/subject/26940247/,336,浙江文艺出版社,45.00元,8.5,2017-3,个人的体验,王中忱
9787544293495,[日]奥田英朗,精装,2015,https://img3.doubanio.com/view/subject/s/public/s29828741.jpg,https://book.douban.com/subject/30257740/,519,南海出版公司,68.00元,8.1,2018-8,无理时代,曹逸冰
9787532745982,[日] 村上春树,平装,5889,https://img9.doubanio.com/view/subject/s/public/s30026255.jpg,https://book.douban.com/subject/3168468/,227,上海译文出版社,38.00元,8.2,2018-6,斯普特尼克恋人,林少华
9787020118472,[日] 谷川俊太郎,39.00,4274,https://img3.doubanio.com/view/subject/s/public/s28977211.jpg,https://book.douban.com/subject/26832913/,272,雅众文化,2016-8,7.7,2016-8,二十亿光年的孤独,田原
9787544717274,[日] 紫式部,平装,3591,https://img1.doubanio.com/view/subject/s/public/s6710048.jpg,https://book.douban.com/subject/6714015/,1238,译林出版社,89.00元,8.4,2011-7,源氏物语,林文月
9787544257442,[日] 伊坂幸太郎,精装,1561,https://img1.doubanio.com/view/subject/s/public/s29541007.jpg,https://book.douban.com/subject/27136843/,272,南海出版公司,45.00元,8.0,2017-10,死神的精确度,星野空
9787544284981,[日] 铃木光司,精装,2290,https://img9.doubanio.com/view/subject/s/public/s29056526.jpg,https://book.douban.com/subject/26861459/,245,南海出版公司,39,8.6,2017-1-1,环界1,贺迎
9787559603340,[日] 东野圭吾,平装,17685,https://img9.doubanio.com/view/subject/s/public/s29466436.jpg,https://book.douban.com/subject/27028847/,39.80元,北京联合出版公司,39.80元,7.2,2017-6,沉睡的人鱼之家,王蕴洁
9787540483531,[日] 西加奈子,45.00,2863,https://img1.doubanio.com/view/subject/s/public/s29652117.jpg,https://book.douban.com/subject/27176872/,288,湖南文艺出版社,45.00,7.8,2018-1,鱼河岸小店,吴曦
9787544251785,(日) 山本文绪,平装,8045,https://img3.doubanio.com/view/subject/s/public/s11368500.jpg,https://book.douban.com/subject/6885715/,224,南海出版公司,25.00元,7.7,2012-10,蓝另一种蓝,张苓
9787802255784,[日] 梦野久作,平装,6117,https://img2.doubanio.com/view/subject/s/public/s3348202.jpg,https://book.douban.com/subject/3286829/,450,新星出版社,33.00元,7.9,2009-1,脑髓地狱,林敏生
9787513312622,(日)堀辰雄,26.00元,4894,https://img9.doubanio.com/view/subject/s/public/s27236014.jpg,https://book.douban.com/subject/25714740/,128,新星出版社,26.00元,7.3,2013-10-1,起风了,烨伊
9787513317702,[日] 连城三纪彦,平装,2298,https://img1.doubanio.com/view/subject/s/public/s28063947.jpg,https://book.douban.com/subject/26367367/,214,新星出版社,28.00,8.7,2015-5,宵待草夜情,李盈春
9787220116865,[日] 涩泽龙彦,平装,217,https://img2.doubanio.com/view/subject/s/public/s33571272.jpg,https://book.douban.com/subject/34907858/,240,后浪丨四川人民出版社,39.80元,8.5,2020-4,龙彦之国绮谭集,王子豪
9787548401087,[日]凑佳苗、湊かなえ,26.00元,12023,https://img3.doubanio.com/view/subject/s/public/s4425090.jpg,https://book.douban.com/subject/4836682/,2010年6月,哈尔滨出版社,26.00元,8.5,2010年6月,告白,丁世佳
9787513259156,[日] 牧田善二,59.80元,198,https://img9.doubanio.com/view/subject/s/public/s33744385.jpg,https://book.douban.com/subject/35233219/,248,中国中医药出版社,59.80元,7.5,2020-10,饮食术,肖爽、梁永宣
9787201118284,谷崎润一郎,精装,1135,https://img2.doubanio.com/view/subject/s/public/s29539673.jpg,https://book.douban.com/subject/27135710/,96,天津人民出版社,49.00元,8.6,2017-9,春琴抄,曹曼
9787532155606,三浦紫苑,28.00元,5681,https://img3.doubanio.com/view/subject/s/public/s28041280.jpg,https://book.douban.com/subject/26261735/,256,上海文艺出版社,28.00元,8.4,2015-3,编舟记,蒋葳
9787530218198,[日]东野圭吾,精装,6181,https://img1.doubanio.com/view/subject/s/public/s30014627.jpg,https://book.douban.com/subject/30210694/,272,北京十月文艺出版社,49.50,7.0,2018-8,悲剧人偶,杨婉蘅
9787532782925,[日] 又吉直树,58,1053,https://img2.doubanio.com/view/subject/s/public/s33535643.jpg,https://book.douban.com/subject/34900487/,280,上海译文出版社,58,6.6,2020-3,东京百景,毛丹青
9787513340267,[日] 连城三纪彦,平装,978,https://img1.doubanio.com/view/subject/s/public/s33654477.jpg,https://book.douban.com/subject/35058746/,328,新星出版社,52.00,8.2,2020-6,鼠之夜,吴曦
9787807001508,[日] 东野圭吾,平装,45968,https://img3.doubanio.com/view/subject/s/public/s5909700.jpg,https://book.douban.com/subject/3102324/,377,海南出版社,29.80元,7.7,2008-6,秘密,赵博
9787555229049,渡边淳一,平装,10944,https://img9.doubanio.com/view/subject/s/public/s28342236.jpg,https://book.douban.com/subject/26665723/,332,青岛出版社,39,7.3,2015-11-1,情人,祝子平
9787532170784,[日]荻原浩,49.00元,882,https://img9.doubanio.com/view/subject/s/public/s33470576.jpg,https://book.douban.com/subject/30487096/,360,上海文艺出版社,49.00元,7.4,2019-9-20,草莓人生,黄悦生
9787544249867,[日] 村上春树,精装,45473,https://img9.doubanio.com/view/subject/s/public/s4577386.jpg,https://book.douban.com/subject/5502995/,416,南海出版公司,39.50元,7.6,2011-1,1Q84 BOOK 3,施小炜
9787532765232,[日]夏目漱石,平装,2974,https://img1.doubanio.com/view/subject/s/public/s27309159.jpg,https://book.douban.com/subject/25883054/,144,上海译文出版社,25.00,8.7,2014-6,草枕,陈德文
9787559632241,[日]东野圭吾,平装,2383,https://img3.doubanio.com/view/subject/s/public/s33532030.jpg,https://book.douban.com/subject/33427878/,328,北京联合出版公司,46.8,7.1,2019-12,梦幻花,王蕴洁
9787543886025,[日]松浦弥太郎,平装,9441,https://img9.doubanio.com/view/subject/s/public/s28031144.jpg,https://book.douban.com/subject/25858068/,417,浦睿文化,2014-4-10,7.4,2014-4-10,100个基本,尹宁
9787544265324,[日] 村上春树 著、[德] 卡特·曼施克 图,精装,17560,https://img9.doubanio.com/view/subject/s/public/s25980725.jpg,https://book.douban.com/subject/21692813/,78,南海出版公司,29.50元,7.6,2013-4,眠,施小炜
9787540212834,[日] 三岛由纪夫,平装,1873,https://img9.doubanio.com/view/subject/s/public/s1078614.jpg,https://book.douban.com/subject/1091904/,1061,北京燕山出版社,38.00元,9.2,2001-1,丰饶之海（上下）,许金龙 等
9787561370698,[日]夏目漱石,精装,3129,https://img1.doubanio.com/view/subject/s/public/s29432467.jpg,https://book.douban.com/subject/25720322/,278,陕西师范大学出版总社,29.80元,8.7,2013-8-1,心,竺家荣
9787559638083,[英] 亨利·斯各特·斯托克斯,58.00元,1173,https://img3.doubanio.com/view/subject/s/public/s33597630.jpg,https://book.douban.com/subject/34897115/,352,雅众文化 | 北京联合出版公司,58.00元,8.9,2020-3,美与暴烈：三岛由纪夫传,于是
9787532768776,[日] 村上春树,35.00元,10806,https://img3.doubanio.com/view/subject/s/public/s28004680.jpg,https://book.douban.com/subject/26286208/,258,上海译文出版社,35.00元,7.7,2015-2,没有女人的男人们,竺家荣、姜建强、岳远坤、陆求实、林少华、毛丹青
9787544781817,[日]小西甚一,48.00,57,https://img1.doubanio.com/view/subject/s/public/s33658999.jpg,https://book.douban.com/subject/35008723/,211,译林出版社,48.00,8.4,2020-4,日本文学史,郑清茂
9787220114106,[日] 出久根达郎,49.00元,589,https://img1.doubanio.com/view/subject/s/public/s33458359.jpg,https://book.douban.com/subject/34394563/,440,四川人民出版社,49.00元,8.1,2019-9,给作家标个价,黄悦生
9787503918087,[日]渡边淳一,平装,11774,https://img2.doubanio.com/view/subject/s/public/s1372053.jpg,https://book.douban.com/subject/1035517/,284,文化艺术出版社,24.00,7.6,2004-02,男人这东西,炳坤 郑成
9787559632784,[日]乙一 等,平装,1837,https://img3.doubanio.com/view/subject/s/public/s33472500.jpg,https://book.douban.com/subject/33476148/,264,北京联合出版公司,42.00,7.3,2019-9,杀死玛丽苏,赵婉宁
9787544269506,八木泽里志,55.00,444,https://img1.doubanio.com/view/subject/s/public/s33614389.jpg,https://book.douban.com/subject/34800934/,352,南海出版公司,55.00,7.8,2020-3-1,在森崎书店的日子,李盈春
9787544247023,[日] 东野圭吾,平装,35897,https://img9.doubanio.com/view/subject/s/public/s26581474.jpg,https://book.douban.com/subject/4580972/,324,南海出版公司,28.00元,7.7,2010-3,流星之绊,徐建雄
9787521722703,[日] 姬野薰子,58.00,64,https://img9.doubanio.com/view/subject/s/public/s33759495.jpg,https://book.douban.com/subject/35218424/,464,中信出版社,58.00,8.3,2020-10,以爱之名,匡匡
9787521703955,太宰治,平装,2761,https://img9.doubanio.com/view/subject/s/public/s32306756.jpg,https://book.douban.com/subject/33418869/,192,中信出版集团,39.90,7.8,2019-6,人间失格,田原
9787544277716,东野圭吾,精装,7420,https://img3.doubanio.com/view/subject/s/public/s28112461.jpg,https://book.douban.com/subject/26387513/,272,南海出版公司,39.50元,7.8,2015-7-1,麒麟之翼,田秀娟
9787569930269,[日] 曾根圭介,45.00,380,https://img2.doubanio.com/view/subject/s/public/s33698943.jpg,https://book.douban.com/subject/35016962/,200,北京时代华文书局,45.00,7.8,2020-8,鼻,李惠芬
9787546352251,[日]三津田信三,平装,6712,https://img3.doubanio.com/view/subject/s/public/s5957771.jpg,https://book.douban.com/subject/6249670/,456,吉林出版集团有限责任公司,35.00元,8.8,2011-6,首无·作祟之物,张舟
9787535683625,(日) 增村博 编绘、(日) 宫泽贤治 原著,精装,2202,https://img2.doubanio.com/view/subject/s/public/s29872872.jpg,https://book.douban.com/subject/30237190/,326,湖南美术出版社,68.00元,8.7,2018-11,银河铁道之夜,周龙梅
9787208070318,[日] 渡边淳一,15.00元,16045,https://img1.doubanio.com/view/subject/s/public/s3232018.jpg,https://book.douban.com/subject/2119843/,160,上海人民出版社,15.00元,6.8,2007-5,钝感力,李迎跃
9787544782982,[日] 小松左京,58.00元,382,https://img3.doubanio.com/view/subject/s/public/s33679560.jpg,https://book.douban.com/subject/35076020/,502,译林出版社,58.00元,7.9,2020-7,日本沉没,高晓钢、张平、陈晓琴
9787530218525,[日] 三岛由纪夫,精装,2285,https://img3.doubanio.com/view/subject/s/public/s29872600.jpg,https://book.douban.com/subject/30278166/,280,北京十月文艺出版社,49.50元,8.7,2018-10,金阁寺,代珂
9787559451965,[日]森见登美彦,49.80元,263,https://img3.doubanio.com/view/subject/s/public/s33737860.jpg,https://book.douban.com/subject/35218025/,208,江苏凤凰文艺出版社,49.80元,8.2,2020-11,奔跑吧！梅洛斯：新解,代珂
9787201154527,[日]太宰治,平装,1427,https://img9.doubanio.com/view/subject/s/public/s33609455.jpg,https://book.douban.com/subject/34924767/,208,天津人民出版社,39.80,8.2,2020-1,女生徒,陆求实
9787544289443,[日] 东野圭吾,精装,525,https://img2.doubanio.com/view/subject/s/public/s33724103.jpg,https://book.douban.com/subject/35039915/,240,南海出版公司,59.00元,7.2,2020-10,长长的回廊,蓝佳
9787541157714,(日) 小川糸,49.8,494,https://img9.doubanio.com/view/subject/s/public/s33722834.jpg,https://book.douban.com/subject/35167938/,248,四川文艺出版社,49.8,7.0,2020-12,岁月的针脚,吕灵芝
9787532726745,[日] 村上春树,平装,35775,https://img2.doubanio.com/view/subject/s/public/s2333463.jpg,https://book.douban.com/subject/1015452/,190,上海译文出版社,13.50元,8.3,2001-8,国境以南 太阳以西,林少华
9787513315340,伊坂幸太郎,平装,18196,https://img9.doubanio.com/view/subject/s/public/s27988705.jpg,https://book.douban.com/subject/25892399/,244,新星出版社,28,7.8,2015-2,余生皆假期,吕灵芝
9787532784356,[日]稻垣惠美子,49元,140,https://img3.doubanio.com/view/subject/s/public/s33736140.jpg,https://book.douban.com/subject/35127701/,189,上海译文出版社,49元,7.4,2020-10,五十岁，我辞职了,郭丽
9787208152038,[日]  吉田修一,平装,3667,https://img1.doubanio.com/view/subject/s/public/s29782727.jpg,https://book.douban.com/subject/30223812/,416,上海人民出版社,55.00,8.5,2018-6,横道世之介,林雅惠
9787544291224,[日]东野圭吾,精装,10338,https://img1.doubanio.com/view/subject/s/public/s29516909.jpg,https://book.douban.com/subject/27102207/,248,南海出版公司,45,7.4,2017-9,放学后,赵峻
9787532748822,（日）三岛由纪夫,平装,7446,https://img1.doubanio.com/view/subject/s/public/s4418737.jpg,https://book.douban.com/subject/3987362/,402,上海译文出版社,32.00元,8.9,2010-8,春雪,唐月梅
9787532749317,[日] 谷崎润一郎,平装,7667,https://img1.doubanio.com/view/subject/s/public/s4386238.jpg,https://book.douban.com/subject/4151117/,123,上海译文出版社,18.00元,8.3,2010-6,阴翳礼赞,陈德文
9787544291163,[日] 东野圭吾,精装,7682,https://img9.doubanio.com/view/subject/s/public/s30014645.jpg,https://book.douban.com/subject/27112607/,598,南海出版公司,59.60元,9.0,2017-7,白夜行,刘姿君
9787530217559,[日] 东野圭吾,精装,18323,https://img9.doubanio.com/view/subject/s/public/s29623074.jpg,https://book.douban.com/subject/27200261/,240,北京十月文艺出版社,45,7.6,2018-1,假面山庄,陈文娟
9787532764266,日本NHK特别节目录制组,平装,11498,https://img9.doubanio.com/view/subject/s/public/s27235715.jpg,https://book.douban.com/subject/25822105/,269,上海译文出版社,CNY 45.00,8.3,2014-3,无缘社会,高培明
9787547006078,太宰治,平装,6899,https://img2.doubanio.com/view/subject/s/public/s4154403.jpg,https://book.douban.com/subject/4259314/,181,万卷出版公司,19.80元,8.3,2010.1,人间失格,李欣欣、游绣月
9787544767620,[日] 谷崎润一郎,65.00,2791,https://img1.doubanio.com/view/subject/s/public/s29474517.jpg,https://book.douban.com/subject/27068645/,580,译林出版社,65.00,8.9,2017-6,细雪,周逸之
9787544285643,[日] 东野圭吾,精装,12369,https://img1.doubanio.com/view/subject/s/public/s29236389.jpg,https://book.douban.com/subject/26906797/,312,南海出版公司,45.00元,7.7,2017-1-1,圣女的救济,袁斌
9787544265584,[日] 川端康成,精装,11472,https://img1.doubanio.com/view/subject/s/public/s28371548.jpg,https://book.douban.com/subject/24736900/,208,南海出版公司,29.50,8.2,2013-9-15,千只鹤,叶渭渠
9787540497743,[日] 涩泽龙彦,平装,84,https://img9.doubanio.com/view/subject/s/public/s33721515.jpg,https://book.douban.com/subject/35190899/,320,浦睿文化·湖南文艺出版社,58,8.8,2020-10,极乐鸟与蜗牛,黄怡轶
9787543633650,夏目漱石,平装,8990,https://img2.doubanio.com/view/subject/s/public/s3606963.jpg,https://book.douban.com/subject/1400059/,262,青岛出版社,19.80,8.7,2005-05-01,心,林少华
9787544281331,[日] 东野圭吾,精装,16599,https://img1.doubanio.com/view/subject/s/public/s28373307.jpg,https://book.douban.com/subject/26651926/,232,南海出版公司,39.50,8.0,2015-1,红手指,于壮
9787020114115,[日] 乙一,平装,6489,https://img9.doubanio.com/view/subject/s/public/s33666435.jpg,https://book.douban.com/subject/26723423/,368,人民文学出版社,49.80,8.3,2016-8-1,动物园,张筱森
9787532776580,[日] 村上春树,平装,26756,https://img3.doubanio.com/view/subject/s/public/s29687411.jpg,https://book.douban.com/subject/27199470/,780,上海译文出版社,98.00元,7.5,2018-3,刺杀骑士团长,林少华
9787544258210,[日] 东野圭吾,精装,12148,https://img9.doubanio.com/view/subject/s/public/s30014644.jpg,https://book.douban.com/subject/27115970/,336,南海出版公司,45.00元,8.0,2017-11,秘密,连子心
9787532734191,[日] 村上春树,平装,92320,https://img1.doubanio.com/view/subject/s/public/s1154159.jpg,https://book.douban.com/subject/1059419/,514,上海译文出版社,25.00元,8.1,2003-4,海边的卡夫卡,林少华
9787543064089,[日] 太宰治,25.00元,37196,https://img9.doubanio.com/view/subject/s/public/s7003165.jpg,https://book.douban.com/subject/6973970/,240,武汉出版社,25.00元,8.3,2011-12,人间失格,烨伊
9787208164482,[日] 吉田修一,平装,774,https://img9.doubanio.com/view/subject/s/public/s33662774.jpg,https://book.douban.com/subject/35067527/,344,上海人民出版社,55.00元,7.7,2020-7,找不到工作的一年,覃思远
9787544234726,[日] 岛田洋七,平装,19629,https://img2.doubanio.com/view/subject/s/public/s3922462.jpg,https://book.douban.com/subject/2008284/,256,南海出版公司,20.00元,8.7,2007-3,佐贺的超级阿嬷,陈宝莲
9787521702224,[日]伊藤诗织,平装,12163,https://img9.doubanio.com/view/subject/s/public/s30025945.jpg,https://book.douban.com/subject/30484795/,223,中信出版集团,48.00元,8.8,2019-4,黑箱,匡匡
9787540485252,[日] 村田沙耶香,45.00元,13729,https://img2.doubanio.com/view/subject/s/public/s29725172.jpg,https://book.douban.com/subject/28171580/,208,湖南文艺出版社·向上文学品牌,45.00元,7.7,2018-4,人间便利店,吴曦
9787540473990,[日] 凑佳苗,36.80元,11003,https://img1.doubanio.com/view/subject/s/public/s28458228.jpg,https://book.douban.com/subject/26681984/,240,湖南文艺出版社,36.80元,8.8,2016-4,告白,竺家荣
9787544245517,（日）东野圭吾,平装,126073,https://img2.doubanio.com/view/subject/s/public/s4066862.jpg,https://book.douban.com/subject/4074636/,215,南海出版公司,20.00,7.6,2010-1,放学后,赵峻
9787550230415,[日]渡边淳一,精装,23388,https://img1.doubanio.com/view/subject/s/public/s27301157.jpg,https://book.douban.com/subject/25891771/,384,北京联合出版公司,39.80元,7.7,2014-6,失乐园,竺家荣
9787532753451,[英] 石黑一雄,精装,22415,https://img3.doubanio.com/view/subject/s/public/s29857821.jpg,https://book.douban.com/subject/5988624/,249,上海译文出版社,27.00元,8.2,2011-5,远山淡影,张晓意
9787569926910,[日]小林泰三,精装,9366,https://img3.doubanio.com/view/subject/s/public/s33499480.jpg,https://book.douban.com/subject/30359030/,208,北京时代华文书局,49.00,8.5,2019-10-1,醉步男,丁丁虫
9787505936690,（日本）谷崎润一郎,平装,3403,https://img3.doubanio.com/view/subject/s/public/s1054650.jpg,https://book.douban.com/subject/1069210/,335,中国文联出版社,20.00元,7.3,2000-08,痴人之爱,郑明钦
9787544242820,[日] 村上春树,精装,80850,https://img3.doubanio.com/view/subject/s/public/s3507580.jpg,https://book.douban.com/subject/3369600/,198,南海出版公司,25.00,8.2,2009-1,当我谈跑步时我谈些什么,施小炜
9787559433725,芥川龙之介,精装,4086,https://img3.doubanio.com/view/subject/s/public/s32293921.jpg,https://book.douban.com/subject/33396515/,328,江苏凤凰文艺出版社,59.90,8.9,2019-4,罗生门,鲁迅、文洁若、文学朴
9787532767106,[日] 芥川龙之介,30.00元,3513,https://img1.doubanio.com/view/subject/s/public/s27971757.jpg,https://book.douban.com/subject/25923427/,169,上海译文出版社,30.00元,8.6,2014-9,河童,秦刚
9787513341233,[日] 原田舞叶,平装,34,https://img9.doubanio.com/view/subject/s/public/s33736356.jpg,https://book.douban.com/subject/35182229/,304,新星出版社,52.00,8.7,2020-11,浪击而不沉,星野空
9787544283830,[日]东野圭吾,精装,9813,https://img2.doubanio.com/view/subject/s/public/s28968023.jpg,https://book.douban.com/subject/26853726/,294,南海出版公司,39.80元,7.1,2016-8,假面饭店,宋扬
9787544265027,[日] 川端康成,精装,3970,https://img1.doubanio.com/view/subject/s/public/s26852737.jpg,https://book.douban.com/subject/24736901/,264,南海出版公司,35.00,8.3,2013-9-15,山音,叶渭渠
9787544255264,[日] 东野圭吾,平装,35480,https://img3.doubanio.com/view/subject/s/public/s6942170.jpg,https://book.douban.com/subject/6746289/,274,南海出版公司,28.00元,8.4,2011-9,新参者,岳远坤
9787532743001,[日] 村上春树,平装,29347,https://img1.doubanio.com/view/subject/s/public/s2897068.jpg,https://book.douban.com/subject/2158189/,521,上海译文出版社,27.00元,8.5,2007-7,海边的卡夫卡,林少华
9787514377835,池井户润,平装,1159,https://img2.doubanio.com/view/subject/s/public/s33648633.jpg,https://book.douban.com/subject/34428990/,368,现代出版社,50.00元,8.0,2019-10,半泽直树1,凌文桦
9787559639363,[日] 若竹千佐子,42.00元,1800,https://img2.doubanio.com/view/subject/s/public/s33602083.jpg,https://book.douban.com/subject/34950362/,207,北京联合出版公司,42.00元,7.6,2020-3,我将独自前行,杜海玲
9787532777631,[日]村上春树,平装,3594,https://img3.doubanio.com/view/subject/s/public/s29808501.jpg,https://book.douban.com/subject/30144098/,153,上海译文出版社,28,7.6,2018-7,且听风吟,林少华
9787532777624,[日]村上春树,平装,1097,https://img3.doubanio.com/view/subject/s/public/s33607560.jpg,https://book.douban.com/subject/30144097/,455,上海译文出版社,52,8.3,2018-7,世界尽头与冷酷仙境,林少华
9787533960544,[日] 谷崎润一郎、[日] 芥川龙之介、[日] 梦野久作、[日] 江户川乱步、[日] 佐藤春夫、[日] 山本周五郎、太宰治、[日] 海野十三、[日] 坂口安吾、小酒井不木等,366,1050,https://img9.doubanio.com/view/subject/s/public/s33621376.jpg,https://book.douban.com/subject/34998081/,,浙江文艺出版社,49.80元,7.6,,推理要在本格前,徐建雄
9787213097546,[日] 乙一,平装,798,https://img3.doubanio.com/view/subject/s/public/s33681210.jpg,https://book.douban.com/subject/35094679/,312,浙江人民出版社,45.00元,7.1,2020-8,失踪假日,张秀强、李志颖、修愚
9787544278843,（日）村上春树,精装,8118,https://img3.doubanio.com/view/subject/s/public/s28316091.jpg,https://book.douban.com/subject/26575679/,200,南海出版公司,CNY 36.00,8.4,2015-9-1,当我谈跑步时，我谈些什么（2015典藏版）,施小炜
9787559817631,[日] 涩泽龙彦,精装,508,https://img1.doubanio.com/view/subject/s/public/s33516227.jpg,https://book.douban.com/subject/33438831/,256,广西师范大学出版社,54.00,8.9,2019-11,梦的宇宙志,蕾克
9787544229418,[日] 梦枕貘,平装,9175,https://img9.doubanio.com/view/subject/s/public/s1975474.jpg,https://book.douban.com/subject/1220219/,286,南海出版公司,20.00元,8.6,2005-1,阴阳师,林青华
9787544277242,[日] 乙一,精装,2392,https://img1.doubanio.com/view/subject/s/public/s33468909.jpg,https://book.douban.com/subject/33460032/,208,南海出版公司,49.50元,8.3,2019-9,在黑暗中等,田秀娟
9787540488789,[日] 谷川俊太郎,272,2306,https://img1.doubanio.com/view/subject/s/public/s30015279.jpg,https://book.douban.com/subject/30376420/,,湖南文艺出版社,45.00元,7.1,,一个人生活,高伟健
9787510891663,[日] 涩泽龙彦,平装,96,https://img9.doubanio.com/view/subject/s/public/s33720766.jpg,https://book.douban.com/subject/35100839/,168,天使逹,2020-9,7.6,2020-9,怪奇人物博物馆,詹妍
9787532759545,[日] 三岛由纪夫,精装,1630,https://img1.doubanio.com/view/subject/s/public/s27292728.jpg,https://book.douban.com/subject/25839615/,473,上海译文出版社,50,8.9,2014-4-1,禁色,陈德文
9787530218181,(日) 东野圭吾,精装,4501,https://img2.doubanio.com/view/subject/s/public/s29860723.jpg,https://book.douban.com/subject/30210250/,256,北京十月文艺出版社,49.50元,7.6,2018-6,谁杀了她,袁斌
9787532784936,[日]小林美希,平装,504,https://img3.doubanio.com/view/subject/s/public/s33689091.jpg,https://book.douban.com/subject/35127691/,312,上海译文出版社,45.00,7.7,2020-8,不让生育的社会,廖雯雯
9787555257035,[日] 渡边淳一,平装,2644,https://img3.doubanio.com/view/subject/s/public/s29647440.jpg,https://book.douban.com/subject/27194307/,411,青岛出版社,45,7.8,2018-1,失乐园,林少华
9787539995144,[日] 中岛敦,49.80元,387,https://img2.doubanio.com/view/subject/s/public/s33516352.jpg,https://book.douban.com/subject/34795345/,240,江苏凤凰文艺出版社,49.80元,9.1,2019-11,山月记,代珂
9787544282604,[日]东野圭吾,精装,10117,https://img2.doubanio.com/view/subject/s/public/s28663923.jpg,https://book.douban.com/subject/26774897/,360,南海出版公司,45.00元,8.0,2016-6,流星之绊,徐建雄
9787544274050,(日)村上春树,平装,12878,https://img9.doubanio.com/view/subject/s/public/s27653606.jpg,https://book.douban.com/subject/25982254/,213,南海出版公司,39.00,8.1,2014-10,大萝卜和难挑的鳄梨,施小炜
9787530218488,[日] 三岛由纪夫,精装,1949,https://img9.doubanio.com/view/subject/s/public/s29856364.jpg,https://book.douban.com/subject/30255008/,192,北京十月文艺出版社,45,8.8,2018-9,潮骚,张舟
9787544274692,(日)东野圭吾,精装,31964,https://img3.doubanio.com/view/subject/s/public/s27753770.jpg,https://book.douban.com/subject/26118072/,296,南海出版公司,39.50元,7.7,2015-1,祈祷落幕时,代珂
9787530220139,[日] 三岛由纪夫,精装,619,https://img2.doubanio.com/view/subject/s/public/s33624102.jpg,https://book.douban.com/subject/34924508/,213,北京十月文艺出版社,49.50,8.9,2020-4,假面的告白,孙容成、戴焕
9787513335256,[日]秋吉理香子,平装,4831,https://img3.doubanio.com/view/subject/s/public/s30021261.jpg,https://book.douban.com/subject/30475757/,236,新星出版社,42.00,8.0,2019-3,圣母,郑晓蕾
9787544245852,[日]东野圭吾,平装,44592,https://img3.doubanio.com/view/subject/s/public/s4123451.jpg,https://book.douban.com/subject/4152754/,296,南海出版公司,25.00,7.6,2010-1,时生,徐建雄
9787540497415,[日] 伊坂幸太郎,48.00元,154,https://img9.doubanio.com/view/subject/s/public/s33723876.jpg,https://book.douban.com/subject/35152303/,312,湖南文艺出版社,48.00元,7.4,2020-9,跷跷板妖怪,吕灵芝
9787307215955,[日] 堀江敏幸,49.00,34,https://img9.doubanio.com/view/subject/s/public/s33727494.jpg,https://book.douban.com/subject/35133785/,204,武汉大学出版社,49.00,7.9,2020-9-15,法镜般的神眼之下,陆求实
9787532777617,[日]村上春树,平装,3853,https://img2.doubanio.com/view/subject/s/public/s33607563.jpg,https://book.douban.com/subject/30144095/,521,上海译文出版社,59.00,7.9,2018-8,海边的卡夫卡,林少华
9787532763863,[日] 贵志祐介,88.00,8033,https://img1.doubanio.com/view/subject/s/public/s27251177.jpg,https://book.douban.com/subject/25752955/,1075,上海译文出版社,88.00,9.0,2014-4,来自新世界 （上下）,丁丁虫
9787540471842,[日] 东野圭吾,39.80元,43625,https://img9.doubanio.com/view/subject/s/public/s28976475.jpg,https://book.douban.com/subject/26413027/,304,湖南文艺出版社,39.80元,7.5,2015-7,虚无的十字架,王蕴洁
9787544277723,东野圭吾,精装,12781,https://img2.doubanio.com/view/subject/s/public/s28112483.jpg,https://book.douban.com/subject/26387514/,312,南海出版公司,39.50元,7.6,2015-7-1,时生,徐建雄
9787544268417,[日] 村上春树,精装,36336,https://img3.doubanio.com/view/subject/s/public/s27094300.jpg,https://book.douban.com/subject/25733470/,288,南海出版公司,39.50元,8.2,2013-10-1,没有色彩的多崎作和他的巡礼之年,施小炜
9787532730001,[日] 村上春树,平装,38288,https://img1.doubanio.com/view/subject/s/public/s1801057.jpg,https://book.douban.com/subject/1291809/,450,上海译文出版社,23.00元,8.6,2002-12,世界尽头与冷酷仙境,林少华
9787540498023,[日] 涩泽龙彦,平装,87,https://img9.doubanio.com/view/subject/s/public/s33721516.jpg,https://book.douban.com/subject/35188587/,296,浦睿文化·湖南文艺出版社,56,8.4,2020-10,巴比伦空中花园,袁璟
9787513323369,[日] 坂本健一,45,5717,https://img9.doubanio.com/view/subject/s/public/s29562634.jpg,https://book.douban.com/subject/27006320/,176,新星出版社,45,8.5,2017-6-1,今日店休,吴菲
9787513303293,（日）江户川乱步,平装,5822,https://img1.doubanio.com/view/subject/s/public/s6565108.jpg,https://book.douban.com/subject/6558046/,288,新星出版社,28.00元,8.2,2011-7,人间椅子,王华懋
9787559629364,[日] 今敏,平装,8303,https://img9.doubanio.com/view/subject/s/public/s33443865.jpg,https://book.douban.com/subject/30473909/,368,北京联合出版公司,88.00元（上下册）,9.1,2019-8,OPUS 作品,Mrs.X
9787532752980,[日]青山七惠,精装,12164,https://img1.doubanio.com/view/subject/s/public/s8895208.jpg,https://book.douban.com/subject/6009666/,174,上海译文出版社,20.00元,7.5,2011-3,一个人的好天气,竺家荣
9787544269797,[日] 川端康成,精装,8205,https://img1.doubanio.com/view/subject/s/public/s27219149.jpg,https://book.douban.com/subject/25788092/,320,南海出版公司,39.50元,8.6,2014-1,古都,叶渭渠、唐月梅
9787532726172,[日] 村上春树,平装,58957,https://img1.doubanio.com/view/subject/s/public/s1029019.jpg,https://book.douban.com/subject/1039752/,141,上海译文出版社,11.80元,7.8,2001-8,且听风吟,林少华
9787544297004,[日] 乙一,精装,1001,https://img1.doubanio.com/view/subject/s/public/s33683297.jpg,https://book.douban.com/subject/34856708/,176,南海出版公司,45.00元,7.8,2020-7,将死未死的青,连子心
9787222132405,芥川龙之介,68.00元,6216,https://img3.doubanio.com/view/subject/s/public/s28302171.jpg,https://book.douban.com/subject/26627837/,472,云南人民出版社,68.00元,9.2,2015-8-7,罗生门,赵玉皎
9787544713986,[日] 伊坂幸太郎,精装,20371,https://img9.doubanio.com/view/subject/s/public/s4444885.jpg,https://book.douban.com/subject/5038409/,432,译林出版社,35.00元,9.0,2010-9,金色梦乡,李彦桦
9787544285377,[日] 村上春树,精装,19058,https://img1.doubanio.com/view/subject/s/public/s29197698.jpg,https://book.douban.com/subject/26889236/,247,南海出版公司,45.00元,8.3,2017-1,我的职业是小说家,施小炜
9787213095931,[日]角田光代,48,5378,https://img2.doubanio.com/view/subject/s/public/s33535142.jpg,https://book.douban.com/subject/34911983/,360,浙江人民出版社,48,8.3,2020-1,坡道上的家,杨明绮
9787532743513,[日] 青山七惠,平装,84051,https://img9.doubanio.com/view/subject/s/public/s2732804.jpg,https://book.douban.com/subject/2250587/,141,上海译文出版社,15.00元,7.6,2007-9,一个人的好天气,竺家荣
9787563334421,[日] 川端康成,平装,47612,https://img3.doubanio.com/view/subject/s/public/s1056010.jpg,https://book.douban.com/subject/1005521/,318,广西师范大学出版社,23.80元,8.2,2002-2,伊豆的舞女,叶渭渠
9787559610935,[日] 是枝裕和,平装,11080,https://img9.doubanio.com/view/subject/s/public/s29952694.jpg,https://book.douban.com/subject/30374817/,280,北京联合出版公司,45.00,8.6,2019-1,小偷家族,赵仲明
9787544296274,[日] 乙一,精装,10180,https://img9.doubanio.com/view/subject/s/public/s33451826.jpg,https://book.douban.com/subject/34778574/,192,南海出版公司,45.00,7.5,2019-9,夏天、烟火和我的尸体,连子心
9787532741977,[日]夏目漱石,平装,9671,https://img1.doubanio.com/view/subject/s/public/s27245349.jpg,https://book.douban.com/subject/2046977/,397,上海译文出版社,14.00,8.1,2007-3,我是猫,刘振瀛
9787540484651,[日] 是枝裕和、[日] 佐野晶,49.80,17960,https://img3.doubanio.com/view/subject/s/public/s29707420.jpg,https://book.douban.com/subject/27611824/,298,湖南文艺出版社,49.80,8.9,2018-4,如父如子,丹勇
9787506380263,太宰治,平装,33491,https://img3.doubanio.com/view/subject/s/public/s28323390.jpg,https://book.douban.com/subject/26647769/,219,作家出版社,25.00元,8.2,2015-8,人间失格,杨伟
9787020107407,[日] 紫式部,精装,2533,https://img3.doubanio.com/view/subject/s/public/s28280241.jpg,https://book.douban.com/subject/26291587/,1068,人民文学出版社,75.00元,8.0,2015-8,源氏物语,丰子恺
9787122346032,[日]冈岛二人,平装,11236,https://img1.doubanio.com/view/subject/s/public/s33317677.jpg,https://book.douban.com/subject/33658616/,320,化学工业出版社,48.00元,8.8,2019-11,克莱因壶,张舟
9787201048161,[日] 岩井俊二,平装,89546,https://img9.doubanio.com/view/subject/s/public/s1127135.jpg,https://book.douban.com/subject/1080370/,256,天津人民出版社,18.00元,8.6,2004-7,情书,穆晓芳
9787532744565,[日] 三岛由纪夫,平装,21851,https://img3.doubanio.com/view/subject/s/public/s3511590.jpg,https://book.douban.com/subject/3391248/,227,上海译文出版社,24.00,8.7,2009-1,金阁寺,唐月梅
