info,salary,treatment
长沙沐海文化传播有限公司 / 岳麓银盆岭 / 网络推广 / 学历不限 / 9月15日,3001-5000元,包吃，包住
长沙纽扣美学化妆培训学校 / 芙蓉解放东路 / 网站运营 / 大专 /,8001-10000元,房补，带薪年假，交通补助
长沙战三国信息科技有限公司 / 长沙 / 网络推广 / 学历不限 /,3001-5000元,包吃，包住
无锡利宝电子科技有限公司 / 宁乡 / 网络管理员 / 学历不限 /,面议,话补，房补，年底双薪
苏州协利森精密机械有限公司 / 浏阳 / 网络管理员 / 学历不限 /,12001-20000元,话补，房补，年底双薪
苏州协利森精密机械有限公司 / 开福 / 网络管理员 / 学历不限 /,12001-20000元,话补，房补，年底双薪
驰海网络 / 岳麓桐梓坡 / 网站编辑 / 学历不限 /,3001-5000元,带薪年假
驰海网络 / 岳麓桐梓坡 / 网络推广 / 学历不限 /,3001-5000元,带薪年假
华语传媒 / 网站运营 / 学历不限 /,3001-5000元,包吃，包住，交通补助
驰海网络 / 岳麓桐梓坡 / 网站运营 / 学历不限 /,3001-5000元,带薪年假
驰海网络 / 岳麓桐梓坡 / 网站运营 / 学历不限 /,3001-5000元,带薪年假
驰海网络 / 岳麓桐梓坡 / 网站运营 / 学历不限 /,3001-5000元,带薪年假
湖南融万企业管理有限公司 / 雨花汽车南站 / 网络推广 / 学历不限 /,5001-8000元,双休
长沙希娜塔雏田文化传播有限公司 / 岳麓 / 游戏设计开发 / 学历不限 /,5001-8000元,包吃，包住，五险一金
湖南掌族科技 / 长沙 / 网络推广 / 学历不限 /,2001-3000元,双休
湖南融万企业管理有限公司 / 雨花汽车南站 / 网络推广 / 学历不限 /,面议,双休
湖南融万企业管理有限公司 / 雨花汽车南站 / 其他 / 学历不限 /,8001-10000元,双休
长沙纽扣美学化妆培训学校 / 芙蓉解放东路 / 网络推广 / 高中 /,3001-5000元,话补，房补，带薪年假
湖南小柿信息科技有限公司 / 长沙 / 程序员 / 学历不限 /,2000元以下,
长沙美之源信息科技有限公司 / 雨花 / 网店运营 / 大专 /,面议,
长沙美之源信息科技有限公司 / 雨花 / 店铺运营推广 / 大专 /,5001-8000元,
长沙美之源信息科技有限公司 / 雨花 / 商务主管经理 / 大专 /,5001-8000元,
长沙美之源信息科技有限公司 / 雨花 / 淘宝美工 / 学历不限 /,3001-5000元,双休
长沙美之源信息科技有限公司 / 雨花 / 产品经理专员 / 大专 /,5001-8000元,
个人 / 望城望城新区政府 / 软件实施工程师 / 学历不限 /,12001-20000元,话补，房补，年底双薪
个人 / 天心劳动广场 / 软件实施工程师 / 学历不限 /,12001-20000元,话补，房补，年底双薪
个人 / 开福北站路 / 技术经理总监 / 学历不限 /,20000元以上,话补，房补，年底双薪
长沙别遇网络科技有限公司 / 芙蓉 / 网络推广 / 学历不限 /,3001-5000元,房补，带薪年假，包住
个人 / 长沙 / 其他 / 学历不限 /,面议,
长沙断桥铝门窗阳光房厂家 / 长沙 / 网络推广 / 学历不限 /,3001-5000元,包吃
湖南森宇洋湖进出口贸易有限公司 / 长沙 / 网络推广 / 学历不限 /,5001-8000元,话补，房补，带薪年假
湖南东邦信息科技有限公司 / 长沙 / 其他 / 学历不限 /,5001-8000元,包吃，包住，交通补助
长沙51电脑科技 / 长沙 / 技术支持维护 / 学历不限 /,面议,包吃
湖南三头牛科技有限公司 / 长沙 / 软件工程师 / 学历不限 /,面议,五险一金
湖南三头牛科技有限公司 / 长沙 / App开发工程师 / 学历不限 /,面议,五险一金
湖南三头牛科技有限公司 / 长沙 / 软件工程师 / 学历不限 /,面议,五险一金
长沙市岳麓区创富食品商行 / 岳麓 / 网络推广 / 高中 /,12001-20000元,包吃，包住
湖南新起点职业培训学校 / 芙蓉五一大道 / 网站编辑 / 学历不限 /,面议,年底双薪，双休，五险一金
阿班品牌设计 / 长沙 / 网络工程师 / 大专 /,5001-8000元,年底双薪，带薪年假，包吃
象样游戏 / 网络推广 / 学历不限 /,3001-5000元,话补，房补，带薪年假
长沙热点文化传播有限公司 / 宁乡 / 网站编辑 / 中专技校 /,3001-5000元,包吃，包住，交通补助
长沙吉客科技有限公司 / 长沙 / 网站编辑 / 学历不限 /,3001-5000元,双休，五险一金
长沙吉客科技有限公司 / 长沙 / 网络推广 / 学历不限 /,3001-5000元,双休，五险一金
青岛狼人网络 / 雨花韶山南路 / 网络推广 / 学历不限 /,5001-8000元,带薪年假，包吃，包住
湖南新与成企业管理咨询有限公司 / 岳麓 / 网络推广 / 学历不限 /,3001-5000元,带薪年假，双休，交通补助
长沙华双节能科技有限公司 / 岳麓汽车西站 / 网络推广 / 学历不限 /,面议,包住，五险一金
湖南峰与恒文化传媒有限公司 / 天心 / 其他 / 学历不限 /,3001-5000元,包住
长沙天禹电子科技有限公司 / 长沙 / App开发工程师 / 学历不限 /,3001-5000元,包吃
湖南炎亨网络科技有限公司 / 岳麓阳光100 / 网络推广 / 学历不限 /,5001-8000元,包吃，包住，交通补助
为民家电 / 天心天心周边 / 其他 / 学历不限 /,,
长沙市芙蓉区元龙网络会所 / 芙蓉张公岭 / 其他 / 学历不限 /,面议,
亿开始公司 / 芙蓉朝阳路 / 网络推广 / 学历不限 /,8001-10000元,五险一金，包住，话补
湖南天祚科技有限公司 / 长沙 / 项目经理 / 大专 /,5001-8000元,五险一金，年底双薪，话补
湖南天祚科技有限公司 / 长沙 / 网络工程师 / 大专 /,5001-8000元,五险一金，年底双薪，话补
长沙鑫方案办公设备 / 芙蓉 / 技术支持维护 / 学历不限 /,面议,包吃，包住，年底双薪
个人 / 开福通泰街 / 网站编辑 / 学历不限 /,5001-8000元,
广州艾美网络科技有限公司 / 长沙 / 硬件工程师 / 大专 /,3001-5000元,双休，五险一金
湖南老铜匠建材有限公司 / 芙蓉 / 网络推广 / 学历不限 /,3001-5000元,房补，年底双薪，带薪年假
湖南魔之锐信息科技有限公司 / 长沙 / 游戏设计开发 / 学历不限 /,10001-12000元,年底双薪，带薪年假，双休
湖南魔之锐信息科技有限公司 / 长沙 / 软件工程师 / 学历不限 /,8001-10000元,年底双薪，带薪年假，双休
湖南魔之锐信息科技有限公司 / 长沙 / 产品经理专员 / 学历不限 /,12001-20000元,年底双薪，带薪年假，双休
湖南魔之锐信息科技有限公司 / 长沙 / 网络工程师 / 学历不限 /,8001-10000元,五险一金
科达图文 / 雨花 / 其他 / 学历不限 /,面议,包吃，包住
汇德职业培训学校 / 雨花韶山南路 / 网站编辑 / 学历不限 /,5001-8000元,话补，双休，包住
汇德职业培训学校 / 雨花韶山南路 / 网站运营 / 学历不限 /,5001-8000元,话补，双休，包住
汇德职业培训学校 / 雨花韶山南路 / 网络工程师 / 学历不限 /,5001-8000元,话补，双休，包住
汇德职业培训学校 / 雨花韶山南路 / 网站编辑 / 学历不限 /,3001-5000元,话补，双休，包住
汇德职业培训学校 / 雨花韶山南路 / 网络推广 / 学历不限 /,5001-8000元,话补，包住，交通补助
长沙新东方 / 星沙经济开发区 / 网络推广 / 大专 /,3001-5000元,年底双薪，带薪年假，双休
个人 / 芙蓉五一广场 / 网络推广 / 学历不限 /,面议,话补，房补，年底双薪
长沙市芙蓉区立腾移动业务代办服务部 / 长沙 / 其他 / 学历不限 /,3001-5000元,包吃，包住
新青年聚吧 / 望城 / seo优化 / 学历不限 /,面议,话补，年底双薪，带薪年假
域易科技 / 岳麓含浦 / 网络工程师 / 学历不限 /,5001-8000元,
西安立肯 / 长沙 / 质量工程师 / 学历不限 /,12001-20000元,带薪年假，员工体检，双休
西安立肯 / 长沙 / 网络推广 / 学历不限 /,10001-12000元,带薪年假，员工体检，双休
西安立肯 / 长沙 / 程序员 / 学历不限 /,12001-20000元,带薪年假，员工体检，双休
西安立肯 / 长沙 / 网站运营 / 学历不限 /,面议,带薪年假，员工体检，双休
西安立肯 / 长沙 / 游戏设计开发 / 学历不限 /,12001-20000元,带薪年假，员工体检，双休
西安立肯 / 长沙 / 网页设计制作 / 学历不限 /,10001-12000元,带薪年假，员工体检，双休
西安立肯 / 长沙 / 项目经理 / 学历不限 /,12001-20000元,带薪年假，员工体检，双休
西安立肯 / 长沙 / 前端工程师 / 学历不限 /,12001-20000元,带薪年假，员工体检，包住
西安立肯 / 长沙 / App开发工程师 / 学历不限 /,12001-20000元,房补，带薪年假，员工体检
西安立肯 / 长沙 / 项目经理 / 学历不限 /,5001-8000元,带薪年假，员工体检，包吃
西安立肯 / 长沙 / 软件工程师 / 学历不限 /,10001-12000元,带薪年假，员工体检，包吃
西安立肯 / 长沙 / 前端工程师 / 学历不限 /,10001-12000元,年底双薪，带薪年假，员工体检
西安立肯 / 长沙 / App开发工程师 / 学历不限 /,10001-12000元,带薪年假，员工体检，包吃
长沙米海电子有限公司 / 长沙 / 技术专员助理 / 学历不限 /,3001-5000元,包吃，包住
湖南力度教育咨询有限公司 / 芙蓉马王堆 / 程序员 / 学历不限 /,3001-5000元,
长沙新时玳教育有限公司 / 岳麓望城坡 / 其他 / 学历不限 /,3001-5000元,包吃，包住
188机械网 / 岳麓银盆岭 / 网站编辑 / 大专 /,5001-8000元,带薪年假，交通补助
驰海网络 / 长沙 / 网络推广 / 学历不限 /,5001-8000元,五险一金
驰海网络 / 长沙 / 其他 / 学历不限 /,5001-8000元,五险一金
驰海网络 / 长沙 / 网站编辑 / 学历不限 /,5001-8000元,五险一金
长沙华旭环保科技有限公司 / 望城 / 网络推广 / 学历不限 /,3001-5000元,
长沙华旭环保科技有限公司 / 望城 / 网络管理员 / 学历不限 /,3001-5000元,
长沙牛起鹏网络科技有限公司 / 长沙 / 网络推广 / 学历不限 /,3001-5000元,年底双薪，交通补助
湖南嘉合美络信息技术有限公司 / 岳麓银盆岭 / 网络工程师 / 大专 /,面议,话补，带薪年假，双休
木头人Mootow品牌营销机构 / 长沙 / 软件工程师 / 学历不限 /,面议,
info,salary,treatment
长沙沐海文化传播有限公司 / 岳麓银盆岭 / 网络推广 / 学历不限 / 9月15日,3001-5000元,包吃，包住
长沙纽扣美学化妆培训学校 / 芙蓉解放东路 / 网站运营 / 大专 /,8001-10000元,房补，带薪年假，交通补助
长沙战三国信息科技有限公司 / 长沙 / 网络推广 / 学历不限 /,3001-5000元,包吃，包住
无锡利宝电子科技有限公司 / 宁乡 / 网络管理员 / 学历不限 /,面议,话补，房补，年底双薪
苏州协利森精密机械有限公司 / 浏阳 / 网络管理员 / 学历不限 /,12001-20000元,话补，房补，年底双薪
苏州协利森精密机械有限公司 / 开福 / 网络管理员 / 学历不限 /,12001-20000元,话补，房补，年底双薪
驰海网络 / 岳麓桐梓坡 / 网站编辑 / 学历不限 /,3001-5000元,带薪年假
驰海网络 / 岳麓桐梓坡 / 网络推广 / 学历不限 /,3001-5000元,带薪年假
华语传媒 / 网站运营 / 学历不限 /,3001-5000元,包吃，包住，交通补助
驰海网络 / 岳麓桐梓坡 / 网站运营 / 学历不限 /,3001-5000元,带薪年假
驰海网络 / 岳麓桐梓坡 / 网站运营 / 学历不限 /,3001-5000元,带薪年假
驰海网络 / 岳麓桐梓坡 / 网站运营 / 学历不限 /,3001-5000元,带薪年假
湖南融万企业管理有限公司 / 雨花汽车南站 / 网络推广 / 学历不限 /,5001-8000元,双休
长沙希娜塔雏田文化传播有限公司 / 岳麓 / 游戏设计开发 / 学历不限 /,5001-8000元,包吃，包住，五险一金
湖南掌族科技 / 长沙 / 网络推广 / 学历不限 /,2001-3000元,双休南站 / 网络推广 / 学历不限 /,面议,双休
湖南融万企业
湖南融万企业管理有限公司 / 雨花汽车管理有限公司 / 雨花汽车南站 / 其他 / 学历不限 /,8001-10000元,双休
长沙纽扣美学化妆培训学校 / 芙蓉解放东路 / 网络推广 / 高中 /,3001-5000元,话补，房补，带薪年假
湖南小柿信息科技有限公司 / 长沙 / 程序员 / 学历不限 /,2000元以下,
长沙美之源信息科技有限公司 / 雨花 / 网店运营 / 大专 /,面议,
长沙美之源信息科技有限公司 / 雨花 / 店铺运营推广 / 大专 /,5001-8000元,
长沙美之源信息科技有限公司 / 雨花 / 商务主管经理 / 大专 /,5001-8000元,
长沙美之源信息科技有限公司 / 雨花 / 淘宝美工 / 学历不限 /,3001-5000元,双休
长沙美之源信息科技有限公司 / 雨花 / 产品经理专员 / 大专 /,5001-8000元,
个人 / 望城望城新区政府 / 软件实施工程师 / 学历不限 /,12001-20000元,话补，房补，年底双薪
个人 / 天心劳动广场 / 软件实施工程师 / 学历不限 /,12001-20000元,话补，房补，年底双薪
个人 / 开福北站路 / 技术经理总监 / 学历不限 /,20000元以上,话补，房补，年底双薪
长沙别遇网络科技有限公司 / 芙蓉 / 网络推广 / 学历不限 /,3001-5000元,房补，带薪年假，包住
个人 / 长沙 / 其他 / 学历不限 /,面议,
长沙断桥铝门窗阳光房厂家 / 长沙 / 网络推广 / 学历不限 /,3001-5000元,包吃
湖南森宇洋湖进出口贸易有限公司 / 长沙 / 网络推广 / 学历不限 /,5001-8000元,话补，房补，带薪年假
湖南东邦信息科技有限公司 / 长沙 / 其他 / 学历不限 /,5001-8000元,包吃，包住，交通补助
长沙51电脑科技 / 长沙 / 技术支持维护 / 学历不限 /,面议,包吃
湖南三头牛科技有限公司 / 长沙 / 软件工程师 / 学历不限 /,面议,五险一金
湖南三头牛科技有限公司 / 长沙 / App开发工程师 / 学历不限 /,面议,五险一金
湖南三头牛科技有限公司 / 长沙 / 软件工程师 / 学历不限 /,面议,五险一金
长沙市岳麓区创富食品商行 / 岳麓 / 网络推广 / 高中 /,12001-20000元,包吃，包住
湖南新起点职业培训学校 / 芙蓉五一大道 / 网站编辑 / 学历不限 /,面议,年底双薪，双休，五险一金
阿班品牌设计 / 长沙 / 网络工程师 / 大专 /,5001-8000元,年底双薪，带薪年假，包吃
象样游戏 / 网络推广 / 学历不限 /,3001-5000元,话补，房补，带薪年假
长沙热点文化传播有限公司 / 宁乡 / 网站编辑 / 中专技校 /,3001-5000元,包吃，包住，交通补助
长沙吉客科技有限公司 / 长沙 / 网站编辑 / 学历不限 /,3001-5000元,双休，五险一金
长沙吉客科技有限公司 / 长沙 / 网络推广 / 学历不限 /,3001-5000元,双休，五险一金
青岛狼人网络 / 雨花韶山南路 / 网络推广 / 学历不限 /,5001-8000元,带薪年假，包吃，包住
湖南新与成企业管理咨询有限公司 / 岳麓 / 网络推广 / 学历不限 /,3001-5000元,带薪年假，双休，交通补助
长沙华双节能科技有限公司 / 岳麓汽车西站 / 网络推广 / 学历不限 /,面议,包住，五险一金
湖南峰与恒文化传媒有限公司 / 天心 / 其他 / 学历不限 /,3001-5000元,包住
长沙天禹电子科技有限公司 / 长沙 / App开发工程师 / 学历不限 /,3001-5000元,包吃
湖南炎亨网络科技有限公司 / 岳麓阳光100 / 网络推广 / 学历不限 /,5001-8000元,包吃，包住，交通补助
为民家电 / 天心天心周边 / 其他 / 学历不限 /,,
长沙市芙蓉区元龙网络会所 / 芙蓉张公岭 / 其他 / 学历不限 /,面议,
亿开始公司 / 芙蓉朝阳路 / 网络推广 / 学历不限 /,8001-10000元,五险一金，包住，话补
湖南天祚科技有限公司 / 长沙 / 项目经理 / 大专 /,5001-8000元,五险一金，年底双薪，话补
湖南天祚科技有限公司 / 长沙 / 网络工程师 / 大专 /,5001-8000元,五险一金，年底双薪，话补
长沙鑫方案办公设备 / 芙蓉 / 技术支持维护 / 学历不限 /,面议,包吃，包住，年底双薪
个人 / 开福通泰街 / 网站编辑 / 学历不限 /,5001-8000元,
广州艾美网络科技有限公司 / 长沙 / 硬件工程师 / 大专 /,3001-5000元,双休，五险一金
湖南老铜匠建材有限公司 / 芙蓉 / 网络推广 / 学历不限 /,3001-5000元,房补，年底双薪，带薪年假
湖南魔之锐信息科技有限公司 / 长沙 / 游戏设计开发 / 学历不限 /,10001-12000元,年底双薪，带薪年假，双休
湖南魔之锐信息科技有限公司 / 长沙 / 软件工程师 / 学历不限 /,8001-10000元,年底双薪，带薪年假，双休
湖南魔之锐信息科技有限公司 / 长沙 / 产品经理专员 / 学历不限 /,12001-20000元,年底双薪，带薪年假，双休
湖南魔之锐信息科技有限公司 / 长沙 / 网络工程师 / 学历不限 /,8001-10000元,五险一金
科达图文 / 雨花 / 其他 / 学历不限 /,面议,包吃，包住
汇德职业培训学校 / 雨花韶山南路 / 网站编辑 / 学历不限 /,5001-8000元,话补，双休，包住
汇德职业培训学校 / 雨花韶山南路 / 网站运营 / 学历不限 /,5001-8000元,话补，双休，包住
汇德职业培训学校 / 雨花韶山南路 / 网络工程师 / 学历不限 /,5001-8000元,话补，双休，包住
汇德职业培训学校 / 雨花韶山南路 / 网站编辑 / 学历不限 /,3001-5000元,话补，双休，包住
汇德职业培训学校 / 雨花韶山南路 / 网络推广 / 学历不限 /,5001-8000元,话补，包住，交通补助
长沙新东方 / 星沙经济开发区 / 网络推广 / 大专 /,3001-5000元,年底双薪，带薪年假，双休
个人 / 芙蓉五一广场 / 网络推广 / 学历不限 /,面议,话补，房补，年底双薪
长沙市芙蓉区立腾移动业务代办服务部 / 长沙 / 其他 / 学历不限 /,3001-5000元,包吃，包住
新青年聚吧 / 望城 / seo优化 / 学历不限 /,面议,话补，年底双薪，带薪年假
域易科技 / 岳麓含浦 / 网络工程师 / 学历不限 /,5001-8000元,
西安立肯 / 长沙 / 质量工程师 / 学历不限 /,12001-20000元,带薪年假，员工体检，双休
西安立肯 / 长沙 / 网络推广 / 学历不限 /,10001-12000元,带薪年假，员工体检，双休
西安立肯 / 长沙 / 程序员 / 学历不限 /,12001-20000元,带薪年假，员工体检，双休
西安立肯 / 长沙 / 网站运营 / 学历不限 /,面议,带薪年假，员工体检，双休
西安立肯 / 长沙 / 游戏设计开发 / 学历不限 /,12001-20000元,带薪年假，员工体检，双休
西安立肯 / 长沙 / 网页设计制作 / 学历不限 /,10001-12000元,带薪年假，员工体检，双休
西安立肯 / 长沙 / 项目经理 / 学历不限 /,12001-20000元,带薪年假，员工体检，双休
西安立肯 / 长沙 / 前端工程师 / 学历不限 /,12001-20000元,带薪年假，员工体检，包住
西安立肯 / 长沙 / App开发工程师 / 学历不限 /,12001-20000元,房补，带薪年假，员工体检
西安立肯 / 长沙 / 项目经理 / 学历不限 /,5001-8000元,带薪年假，员工体检，包吃
西安立肯 / 长沙 / 软件工程师 / 学历不限 /,10001-12000元,带薪年假，员工体检，包吃
西安立肯 / 长沙 / 前端工程师 / 学历不限 /,10001-12000元,年底双薪，带薪年假，员工体检
西安立肯 / 长沙 / App开发工程师 / 学历不限 /,10001-12000元,带薪年假，员工体检，包吃
长沙米海电子有限公司 / 长沙 / 技术专员助理 / 学历不限 /,3001-5000元,包吃，包住
湖南力度教育咨询有限公司 / 芙蓉马王堆 / 程序员 / 学历不限 /,3001-5000元,
长沙新时玳教育有限公司 / 岳麓望城坡 / 其他 / 学历不限 /,3001-5000元,包吃，包住
188机械网 / 岳麓银盆岭 / 网站编辑 / 大专 /,5001-8000元,带薪年假，交通补助
驰海网络 / 长沙 / 网络推广 / 学历不限 /,5001-8000元,五险一金
驰海网络 / 长沙 / 其他 / 学历不限 /,5001-8000元,五险一金
驰海网络 / 长沙 / 网站编辑 / 学历不限 /,5001-8000元,五险一金
长沙华旭环保科技有限公司 / 望城 / 网络推广 / 学历不限 /,3001-5000元,
长沙华旭环保科技有限公司 / 望城 / 网络管理员 / 学历不限 /,3001-5000元,
长沙牛起鹏网络科技有限公司 / 长沙 / 网络推广 / 学历不限 /,3001-5000元,年底双薪，交通补助
湖南嘉合美络信息技术有限公司 / 岳麓银盆岭 / 网络工程师 / 大专 /,面议,话补，带薪年假，双休
木头人Mootow品牌营销机构 / 长沙 / 软件工程师 / 学历不限 /,面议,
木头人Mootow品牌营销机构 / 长沙 / 网络推广 / 学历不限 /,3001-5000元,
长沙市芙蓉区恒鼎东投资咨询有限公司 / 芙蓉芙蓉中路 / 网络推广 / 学历不限 /,2001-3000元,包吃
浙江省邮电工程建设有限公司 / 星沙开元路 / 通信工程师 / 学历不限 /,面议,年底双薪，双休，包住
浙江省邮电工程建设有限公司 / 星沙开元路 / 通信技术工程师 / 学历不限 /,3001-5000元,年底双薪，员工体检，双休
长沙立昊通信技术有限公司 / 长沙 / 通信技术工程师 / 大专 /,3001-5000元,年底双薪，员工体检，双休
森迪科技 / 长沙 / 系统架构师 / 学历不限 /,5001-8000元,话补，房补，年底双薪
森迪科技 / 长沙 / App开发工程师 / 学历不限 /,5001-8000元,话补，房补，年底双薪
森迪科技 / 长沙 / 技术专员助理 / 学历不限 /,5001-8000元,话补，房补，年底双薪
森迪科技 / 长沙 / 数据库管理 / 学历不限 /,面议,话补，房补，年底双薪
森迪科技 / 长沙 / 游戏设计开发 / 学历不限 /,3001-5000元,话补，房补，年底双薪
森迪科技 / 长沙 / 前端工程师 / 学历不限 /,5001-8000元,话补，房补，年底双薪
森迪科技 / 长沙 / 硬件工程师 / 学历不限 /,5001-8000元,话补，房补，年底双薪
森迪科技 / 长沙 / 架构师 / 学历不限 /,5001-8000元,话补，房补，年底双薪
森迪科技 / 长沙 / 数据库管理 / 学历不限 /,5001-8000元,话补，房补，年底双薪
森迪科技 / 长沙 / 硬件工程师 / 学历不限 /,5001-8000元,话补，房补，年底双薪
森迪科技 / 长沙 / 网站编辑 / 学历不限 /,3001-5000元,话补，房补，年底双薪
森迪科技 / 长沙 / 技术支持维护 / 学历不限 /,5001-8000元,话补，房补，年底双薪
森迪科技 / 长沙 / 技术支持维护 / 学历不限 /,5001-8000元,话补，房补，年底双薪
森迪科技 / 长沙 / 游戏设计开发 / 学历不限 /,5001-8000元,话补，房补，年底双薪
森迪科技 / 长沙 / 程序员 / 学历不限 /,5001-8000元,话补，房补，年底双薪
森迪科技 / 长沙 / 前端工程师 / 学历不限 /,5001-8000元,话补，房补，年底双薪
森迪科技 / 长沙 / 技术专员助理 / 学历不限 /,5001-8000元,话补，房补，年底双薪
森迪科技 / 长沙 / App开发工程师 / 学历不限 /,5001-8000元,话补，房补，年底双薪
森迪科技 / 长沙 / 硬件工程师 / 学历不限 /,5001-8000元,话补，房补，年底双薪
森迪科技 / 长沙 / 游戏设计开发 / 学历不限 /,5001-8000元,话补，房补，年底双薪
厦门航通盛科技有限公司 / 长沙 / 游戏设计开发 / 学历不限 /,3001-5000元,话补，房补，年底双薪
万树IT / 长沙 / seo优化 / 学历不限 /,3001-5000元,话补，带薪年假，双休
弘盛名车 / 星沙中南汽车世界 / 网络管理员 / 高中 /,3001-5000元,年底双薪，带薪年假，包吃
0731家居网 / 天心友谊路 / 网络推广 / 学历不限 /,3001-5000元,带薪年假，包住，五险一金
长沙炎黄文化科技有限公司 / 宁乡 / 技术支持维护 / 大专 /,3001-5000元,年底双薪，带薪年假，包住
长沙久业科技有限公司 / 长沙 / 网站编辑 / 学历不限 /,2001-3000元,包住
长沙美进网络科技有限公司 / 芙蓉芙蓉周边 / 网站编辑 / 大专 /,3000-5000元,
湖南湘佳牧业股份有限公司 / 长沙 / 网站运营 / 大专 /,3001-5000元,话补，员工体检，包吃
长沙最需网络科技有限公司 / 长沙 / 网站编辑 / 学历不限 /,面议,话补，年底双薪，带薪年假
长沙最需网络科技有限公司 / 长沙 / 网站编辑 / 学历不限 /,3001-5000元,话补，年底双薪，带薪年假
湖南智远电子商务有限公司 / 长沙 / 网站运营 / 学历不限 /,面议,
森迪科技 / 长沙 / 游戏设计开发 / 中专技校 /,3001-5000元,话补，房补，年底双薪
森迪科技 / 长沙 / 软件工程师 / 中专技校 /,3001-5000元,话补，房补，年底双薪
森迪科技 / 长沙 / 软件工程师 / 中专技校 /,3001-5000元,话补，房补，年底双薪
森迪科技 / 长沙 / 前端工程师 / 中专技校 /,3001-5000元,话补，房补，年底双薪
森迪科技 / 长沙 / 软件工程师 / 中专技校 /,3001-5000元,话补，房补，年底双薪
森迪科技 / 长沙 / 软件工程师 / 中专技校 /,3001-5000元,话补，房补，年底双薪
森迪科技 / 长沙 / 网站运营 / 中专技校 /,3001-5000元,话补，房补，年底双薪
森迪科技 / 长沙 / 网络管理员 / 高中 /,面议,话补，房补，年底双薪
森迪科技 / 长沙 / 技术专员助理 / 高中 /,面议,话补，房补，年底双薪
森迪科技 / 长沙 / 网络管理员 / 高中 /,3001-5000元,话补，房补，年底双薪
森迪科技 / 长沙 / seo优化 / 大专 /,3001-5000元,年底双薪，带薪年假，员工体检
森迪科技 / 长沙 / 网站运营 / 大专 /,3001-5000元,房补，年底双薪，带薪年假
湖南美租网络技术有限公司 / 长沙 / 技术支持维护 / 中专技校 /,3001-5000元,话补，房补，年底双薪
湖南威耐斯 / 长沙 / seo优化 / 大专 /,3001-5000元,话补，房补，年底双薪
湖南优才创智 / 学历不限 /,3000-5000,
长沙乐购网络科技有限公司 / 学历不限 /,5000-8000,
北京众智动力科技发展有限公司长沙... / 学历不限 /,5000-8000,
长沙索力网络科技有限公司 / 学历不限 /,3000-5000,
湖南达古信息科技有限公司 / 学历不限 /,8000-12000,
湖南瑞邦管业有限公司 / 学历不限 /,3000-5000,
中原（湖南）房地产代理有限公司 / 学历不限 /,8000-12000,
中原（湖南）房地产代理有限公司 / 学历不限 /,5000-8000,
长沙领秀教育科技有限公司 / 学历不限 /,5000-8000,
长沙玩七三信息技术有限公司 / 学历不限 /,面议,
长沙翡翠教育咨询有限公司 / 学历不限 /,3000-5000,
湖南华信智原信息科技有限公司 / 学历不限 /,3000-5000,
长沙翡翠教育咨询有限公司 / 学历不限 /,面议,
湖南百美贸易有限公司 / 学历不限 /,3000-5000,
长沙新石嘉园生态农业开发有限公司 / 学历不限 /,3000-5000,
长沙海平数码科技有限公司 / 学历不限 /,5000-8000,
湖南微字科技有限公司 / 学历不限 /,面议,
量子财富（湖南）资产管理集团有限公司 / 学历不限 /,5000-8000,
长沙红讯文化传播有限公司 / 学历不限 /,3000-5000,
中国人寿保险 / 学历不限 /,3000-5000,
北京热度文化传媒有限公司 / 学历不限 /,面议,
湖南汇客网络科技有限公司 / 学历不限 /,5000-8000,
长沙诚诺信息技术有限公司 / 学历不限 /,3000-5000,包吃，包住
长沙志尧网络科技有限公司 / 学历不限 /,3000-5000,包吃，包住
湖南点石装饰设计工程有限公司 / 学历不限 /,5000-8000,
湖南微字科技有限公司 / 项目经理 / 学历不限 /,面议,
湖南科大云数教育科技有限公司 / 学历不限 /,3000-5000,
长沙南湖和睦医院有限公司 / 学历不限 /,3000-5000,
长沙战狼教育咨询有限公司 / 学历不限 /,5000-8000,
长沙鼎耀文信息科技有限公司 / 学历不限 /,3000-5000,
长沙鼎耀文信息科技有限公司 / 学历不限 /,3000-5000,
湖南聚晟信息科技有限公司 / 学历不限 /,3000-5000,
长沙吞玩网络科技有限公司 / 学历不限 /,5000-8000,
北京众智动力科技发展有限公司长沙... / 学历不限 /,5000-8000,
长沙杠力机械科技有限公司 / 学历不限 /,5000-8000,
广州粤嵌通信科技股份有限公司湖南... / 学历不限 /,3000-5000,
中国联合网络通信有限公司长沙市分公司 / 学历不限 /,3000-5000,
湖南晟睿互娱网络科技有限公司 / 学历不限 /,5000-8000,
长沙市芙蓉区波西米亚摄影馆 / 学历不限 /,3000-5000,
北京瑞德娇妮商贸有限公司 / 学历不限 /,3000-5000,
湖南茂汇市场管理有限公司 / 学历不限 /,8000-12000,
长沙联联购电子商务有限公司 / 学历不限 /,5000-8000,
湖南霞客游信网络科技有限公司 / 学历不限 /,8000-12000,
长沙创运天网络科技有限公司 / 学历不限 /,5000-8000,包吃，包住
湖南二六网络科技有限公司 / 学历不限 /,8000-12000,
长沙好风文化传媒有限公司 / 学历不限 /,5000-8000,
广州流氓兔网络科技有限公司 / 学历不限 /,3000-5000,
长沙市芙蓉区波西米亚摄影馆 / 学历不限 /,3000-5000,
湖南瑞邦管业有限公司 / 学历不限 /,3000-5000,
湖南华信智原信息科技有限公司 / 学历不限 /,3000-5000,
湖南红杏林文化传播有限公司 / 学历不限 /,2000-3000,
湖南华信智原信息科技有限公司 / 学历不限 /,3000-5000,
长沙嘉龙教育咨询有限公司 / 学历不限 /,面议,
海南海辰科技有限公司 / 学历不限 /,3000-5000,
湖南红手指信息技术有限公司 / 学历不限 /,5000-8000,
湖南卓景京信息技术有限公司 / 学历不限 /,8000-12000,
长沙市岳麓区大江南艺术培训学校 / 学历不限 /,3000-5000,包吃，包住
广州流氓兔网络科技有限公司 / 学历不限 /,3000-5000,
广州流氓兔网络科技有限公司 / 学历不限 /,面议,包吃，包住
优才创智科技有限公司 / 学历不限 /,5000-8000,
长沙玩七三信息技术有限公司 / 学历不限 /,面议,
湖南聚晟信息科技有限公司 / 学历不限 /,5000-8000,
湖南红坊网络科技有限公司 / 学历不限 /,5000-8000,
湖南海文信息技术有限公司长沙分公司 / 学历不限 /,3000-5000,
长沙达内软件有限公司 / 学历不限 /,3000-5000,
长沙市雨花区静安化妆品有限公司 / 学历不限 /,3000-5000,
达内时代科技 / 学历不限 /,3000-5000,
湖南琴海数码股份有限公司 / 学历不限 /,2000-3000,
广州百单网互联网科技有限公司 / 学历不限 /,3000-5000,
湖南宏鑫财富管理有限公司 / 学历不限 /,5000-8000,
湖南律和信息科技有限公司 / 学历不限 /,3000-5000,
北京尚学堂科技有限公司湖南分公司 / 学历不限 /,3000-5000,
长沙梦英东电子商务有限责任公司 / 学历不限 /,3000-5000,
湖南静菡菲网络科技有限公司 / 学历不限 /,面议,
湖南微字科技有限公司 / 学历不限 /,面议,
长沙橙汁汽车服务有限公司 / 学历不限 /,8000-12000,
湖南亮汇网络科技有限公司 / 学历不限 /,5000-8000,包吃，包住
独立经济人 / 学历不限 /,面议,
湖南鼎惠企业管理咨询有限公司 / 学历不限 /,面议,
湖南新环境房地产经纪连锁有限公司 / 学历不限 /,12000-20000,
湖南领翔网络科技有限公司 / 学历不限 /,5000-8000,
长沙翡翠教育咨询有限公司 / 学历不限 /,3000-5000,
广州流氓兔网络科技有限公司 / 学历不限 /,3000-5000,包吃，包住
上海聪信网络科技有限公司 / 芙蓉荷花园 / 网络工程师 / 学历不限 /,面议,双休，五险一金
上海聪信网络科技有限公司 / 芙蓉荷花园 / 软件工程师 / 学历不限 /,面议,双休，五险一金
上海聪信网络科技有限公司 / 芙蓉荷花园 / 程序员 / 学历不限 /,面议,双休，五险一金
上海聪信网络科技有限公司 / 芙蓉荷花园 / 技术支持维护 / 学历不限 /,面议,双休，五险一金
上海聪信网络科技有限公司 / 芙蓉荷花园 / 技术支持维护 / 学历不限 /,面议,双休，五险一金
上海聪信网络科技有限公司 / 芙蓉荷花园 / 技术支持维护 / 学历不限 /,面议,双休，五险一金
上海聪信网络科技有限公司 / 芙蓉荷花园 / 网络工程师 / 学历不限 /,面议,双休，五险一金
上海聪信网络科技有限公司 / 芙蓉荷花园 / 技术专员助理 / 学历不限 /,面议,双休，五险一金
上海聪信网络科技有限公司 / 芙蓉荷花园 / 网站运营 / 学历不限 /,3001-5000元,双休，五险一金
长沙市阳泽装饰设计工程有限公司 / 长沙 / 网站运营 / 大专 /,3001-5000元,
湖南朋来信息科技有限公司 / 开福恒大雅苑 / 程序员 / 学历不限 /,5001-8000元,年底双薪，带薪年假，员工体检
长沙新东方 / 星沙经济开发区 / 程序员 / 学历不限 /,5001-8000元,年底双薪，带薪年假，双休
宁乡梓盟电子商务有限公司 / 宁乡 / seo优化 / 大专 /,面议,包吃，包住
长沙市阳泽装饰设计工程有限公司 / 长沙 / 网站编辑 / 大专 /,3001-5000元,
宁乡梓盟电子商务有限公司 / 宁乡 / 网站运营 / 大专 /,面议,包吃，包住
长沙艾默柯 / 雨花高桥 / 网站运营 / 学历不限 /,3001-5000元,话补，年底双薪，带薪年假
云盟科技 / 雨花井湾子 / 其他 / 大专 /,面议,年底双薪，带薪年假，双休
湖大三佳机电模具技术学校 / 星沙万家丽北路 / 网站运营 / 大专 /,5001-8000元,话补，房补，年底双薪
湖大三佳机电模具技术学校 / 星沙万家丽北路 / seo优化 / 大专 /,3001-5000元,话补，带薪年假，员工体检
大陈智邦（长沙）品牌设计有限公司 / 开福八一桥 / seo优化 / 大专 /,3001-5000元,交通补助
长沙久业科技有限公司 / 长沙 / 网站编辑 / 中专技校 /,2001-3000元,
长沙迪安信息科技有限公司 / 开福开福周边 / 其他 / 大专 /,面议,带薪年假，双休，包吃
长沙迪安信息科技有限公司 / 开福开福周边 / 其他 / 大专 /,面议,带薪年假，双休，包吃
上海奥速仕信息科技有限公司 / 长沙 / App开发工程师 / 大专 /,面议,年底双薪，带薪年假，双休
瑞塞电气 / 长沙 / 软件工程师 / 大专 /,面议,话补，房补，年底双薪
瑞塞电气 / 长沙 / 硬件工程师 / 大专 /,面议,话补，房补，年底双薪
长沙唐传电子商务有限公司 / 岳麓岳麓 / 软件工程师 / 大专 /,5000-8000元,年底双薪
湖南玲丽教育科技有限公司 / 长沙 / 网站运营 / 学历不限 /,3001-5000元,话补，包住，交通补助
长沙县星沙蒋再新通讯行 / 长沙 / 其他 / 高中 /,3001-5000元,带薪年假，包吃，包住
长沙中软计算机系统服务有限公司 / 长沙 / 前端工程师 / 学历不限 /,3001-5000元,年底双薪，带薪年假，员工体检
长沙中软计算机系统服务有限公司 / 长沙 / 程序员 / 大专 /,3001-5000元,带薪年假，员工体检，双休
长沙嘉程建筑防水工程有限公司 / 长沙 / 网站运营 / 大专 /,3001-5000元,带薪年假
点燃网络 / 长沙 / 程序员 / 学历不限 /,3001-5000元,包吃，包住
湖南杠杆科技有限公司 / 开福东风路 / 测试员 / 大专 /,3001-5000元,话补，带薪年假，员工体检
湖南杠杆科技有限公司 / 开福东风路 / 游戏设计开发 / 大专 /,3001-5000元,年底双薪，带薪年假，员工体检
湖南杠杆科技有限公司 / 开福 / 游戏设计开发 / 大专 /,面议,员工体检，交通补助
中移铁通有限公司长沙分公司 / 长沙 / 通信工程师 / 高中 /,3001-5000元,带薪年假，包住，五险一金
长沙市启航学校 / 岳麓湖南商学院 / seo优化 / 大专 /,2000-5000元,
万树IT / 长沙 / 程序员 / 大专 /,3001-5000元,话补，年底双薪，带薪年假
万树IT / 长沙 / 程序员 / 大专 /,3001-5000元,话补，年底双薪，带薪年假
万树IT / 长沙 / 程序员 / 大专 /,3001-5000元,话补，年底双薪，带薪年假
军威联航 / 星沙经济开发区 / 技术支持维护 / 大专 /,3001-5000元,年底双薪，带薪年假，五险一金
湖南优才创智 / 长沙 / 前端工程师 / 学历不限 /,3001-5000元,话补，房补，年底双薪
湖南优才创智 / 长沙 / App开发工程师 / 学历不限 /,3001-5000元,话补，房补，年底双薪
湖南优才创智 / 长沙 / App开发工程师 / 学历不限 /,5001-8000元,话补，带薪年假，员工体检
湖南亿旺慈孝信息科技有限公司 / 长沙 / 网站运营 / 学历不限 /,8001-10000元,话补，房补，年底双薪
湖南优才创智 / 长沙 / 程序员 / 大专 /,3001-5000元,话补，房补，年底双薪
湖南优才创智 / 长沙 / 程序员 / 大专 /,3001-5000元,话补，房补，年底双薪
湖南优才创智 / 长沙 / 前端工程师 / 大专 /,3001-5000元,话补，房补，年底双薪
长沙中建嘉和投资有限公司 / 长沙 / 技术支持维护 / 本科 /,5001-8000元,话补，带薪年假，员工体检
长沙创娱网络科技有限公司 / 岳麓 / 网络管理员 / 学历不限 /,5001-8000元,房补，年底双薪，带薪年假
长沙市星润物业服务有限公司 / 长沙 / 网络管理员 / 中专技校 /,3001-5000元,年底双薪，带薪年假，包吃
湖湘职校 / 长沙 / 网站编辑 / 大专 /,3001-5000元,包住
湖南百林信息技术有限公司 / 岳麓咸嘉新村 / 程序员 / 大专 /,5001-8000元,带薪年假，双休，包吃
普策斯网络 / 雨花韶山南路 / 程序员 / 中专技校 /,2001-3000元,带薪年假，双休，五险一金
苏州丽建企业管理有限公司 / 雨花 / 网络管理员 / 不限学历 /,5001-8000元,话补，房补，年底双薪
长沙市恒聚信息技术有限公司 / 天心芙蓉南路 / 软件工程师 / 本科 /,5001-8000元,带薪年假，双休，五险一金
