age,country,director,film_length,img,language,score,screenwriter,summary,title,to_star,type
2020-04-24,美国,山姆·哈格雷夫,116,https://img3.doubanio.com/view/photo/s_ratio_poster/public/p2593425210.jpg,英语 / 印地语 / 孟加拉语,7.1,乔·罗素/安德·帕克斯/安东尼·罗素/Fernando León González,泰勒·雷克（克里斯·海姆斯沃斯饰）是一名无所畏惧的黑市雇佣兵，一无所有的他奉命营救入狱的黑帮大佬被绑架的儿子。但是在充斥着武器交易商和毒贩的阴暗地下世界中，本就致命的任务更是难以完成，并彻底地改变了雷克和男孩的命运。,惊天营救 Extraction,克里斯·海姆斯沃斯/大卫·哈伯/格什菲·法拉哈尼,动作/惊悚/犯罪
114分钟,日本,福田雄一,IMDb链,https://img9.doubanio.com/view/photo/s_ratio_poster/public/p2595471914.jpg,日语,8.1,福田雄一/西森博之,三桥贵志以转校为契机，决定在新学校“嚣张”一把，从此做个不良少年。为了能在同学中获得存在感，他还特地去发廊弄了一头金色卷发。而和他转到同一所学校的伊藤也有同样的想法。在开学第一天，伊藤和三桥就发现了彼此的秘密，也因此结成盟友。三桥的信条是“无论用多么卑鄙的手段，只要能赢就行”，所以，在和别人打架的时候只要能玩阴的就绝对不正面对抗，但他真正的实力也不容小觑。伊藤为人处世相对正经，有时候甚至会慢半拍，也因此常常被三桥利用且被蒙在鼓里，而在打架方面，他战斗力超群，有着不服输的信念。两个人一起挑战校内校外的不良少年，引发了一连串爆笑事件。,我是大哥大 电影版 今日から俺は！！劇場版,贺来贤人/伊藤健太郎/清野菜名,喜剧
上映日期:,美国,阎羽茜,片,https://img1.doubanio.com/view/photo/s_ratio_poster/public/p2575974437.jpg,英语,5.7,克里斯蒂娜·霍德森/查克·狄克逊/乔丹·B·戈芬克尔/格雷格·兰德,你听过一个有关警察、歌手、神经病和黑手党公主的故事吗？《猛禽小队和哈莉·奎茵》是一个只有哈莉·奎茵本人才能讲出来的超乎寻常的奇妙传奇。哥谭市最为凶残自大的恶棍罗曼·赛恩尼斯和他狂热的手下萨斯为了寻找一个年轻女孩卡斯，将这座城市翻了个底朝天。哈莉、女猎手、黑金丝雀和蕾妮·蒙托亚不期而遇，看似违和的四人组不得不团结一致、携手作战，才有可能打败罗曼。,猛禽小队和哈莉·奎茵 Birds of Prey: And the Fantabulous Emancipation of One Harley Quinn,玛格特·罗比/玛丽·伊丽莎白·温斯特德/罗茜·佩雷兹,动作/犯罪/冒险
片长:,中国台湾,廖明毅,又,https://img9.doubanio.com/view/photo/s_ratio_poster/public/p2613241995.jpg,汉语普通话,7.1,廖明毅,"两个怪胎相遇之后

　　彼此的怪，不再奇怪

　　亚洲首部iPhone拍摄剧情长片

　　在爱情的世界裡，我们是彼此的怪胎。

　　陈柏青是一名严重神经性强迫症患者，有非常严重的洁癖。每月的15号是柏青唯一一天出门採买的日子，就在某个命运的15号，他遇见了与他「同病相怜」的另一个怪胎—陈静。

　　原本以为自己要永远孤单活在这世界上的两人，老天爷让他们相遇，发展出一尘不染的爱情，彷彿拥有了彼此就不再害怕被世界遗弃。然而这段看似命中注定的关係，却在柏青的强迫症突然消失后，渐渐的变了调…爱情的承诺，真的能永保新鲜吗？",怪胎,林柏宏/谢欣颖/张少怀,剧情
2020-01-30,俄罗斯,尼基塔·阿格诺夫,111,https://img1.doubanio.com/view/photo/s_ratio_poster/public/p2581658698.jpg,俄语,6.3,尼基塔·阿格诺夫/提莫非·邓肯/阿莱克西·克莱福科维奇,在一场巨大而神秘的事故之后，一位年轻有才华的建筑师在一个与现实世界相似的奇异世界里苏醒，这个世界建立在这里人民的记忆之上，而这些人则处于深度昏迷之中。由于这些人的记忆力参差不齐、混乱、不稳定，导致奇怪的记忆和回忆——城市、冰川、河流可以共存在一个房间里，所有的物理定律都可以被打破，建筑师必须找到他们昏迷的具体规律，才能找到通往现实世界的出口。就在他与命运抗争的同时遇到了真爱，而经历此次昏迷之后，他发现自己不得不重新认识这个世界……,异界 Кома,林奈·穆罕默托夫/柳波芙·阿克肖诺娃/安东·庞布施尼,动作/科幻/冒险
片长:,美国,马克·托德莱,又,https://img3.doubanio.com/view/photo/s_ratio_poster/public/p2621805920.jpg,英语,6.0,科特·维莫,Marquis（欧玛瑞·哈德威克饰）带着家人飞往偏远的阿帕拉契参加父亲的丧礼，不料途中一场暴风雨使得飞机失控。Marquis醒来时受了伤，自己一人困在Ms.Eloise（洛雷塔·迪瓦恩饰）的阁楼里。Ms.Eloise说自己用了Marquis的血和皮肤制作了巫毒Boogity，并将使用Boogity帮他治疗痊愈。求救无门的Marquis只能想尽办法以智取胜，试图下个月圆之夜之前逃离Ms.Eloise的巫术并拯救自己的家人免于这场邪恶的祭典。,索命咒 Spell,欧玛瑞·哈德威克/洛雷塔·迪瓦恩/洛林·布伦斯,惊悚/恐怖
片长:,印度,Anas Khan,又,https://img2.doubanio.com/view/photo/s_ratio_poster/public/p2613063433.jpg,马拉雅拉姆语,6.7,托维诺·托马斯/Mamta Mohandas/Reba Monica John/Srikant Murali/Saiju Kurup/Prathap Pothen/Anwar Shereef/Renji Panicker/Rony David/Ramu/Dhanesh Anand,一对经历丰富的警察搭档争分夺秒地从过去和假线索中寻找蛛丝马迹，以抓获一个以小女孩为犯罪对象的神秘连环杀手。,法医追凶 Forensic,托维诺·托马斯/Mamta Mohandas/Reba Monica John,悬疑/惊悚/犯罪
2019-12-18,美国,J·J·艾布拉姆斯,片,https://img1.doubanio.com/view/photo/s_ratio_poster/public/p2575456458.jpg,英语,6.3,J·J·艾布拉姆斯/克里斯·特里奥/乔治·卢卡斯/科林·特雷沃罗/德里克·康纳利,本片为2017年电影《星球大战：最后的绝地武士》的续集，“星球大战后传三部曲”的第三部作品，同时是“天行者传奇”的第九部作品以及最终章。在卢克·天行者化为绝地英灵的一年后，残存的抵抗势力将再次面对第一秩序。同时，绝地和西斯之间的大战将天行者的传奇带到最后。,星球大战9：天行者崛起 Star Wars: The Rise of Skywalker,黛西·雷德利/亚当·德赖弗/奥斯卡·伊萨克,动作/科幻/冒险
2020-09-18,美国,Will Wernick,92,https://img1.doubanio.com/view/photo/s_ratio_poster/public/p2617238268.jpg,英语 / 俄语 Russian,5.8,Will Wernick,一个社交媒体人物与他的朋友一起前往莫斯科，以获取他成功的VLOG的新内容。他们总是不断挑战极限，迎合不断增长的受众，他们进入了一个充满神秘，过度和危险的寒冷世界。当现实生活与社交媒体之间的界线变得模糊时，该组织必须为逃避和生存而战。,极限网红 Follow Me,罗南·鲁宾斯坦/霍兰·罗登/丹泽尔·惠特克,惊悚/恐怖
2020-03-06,日本,若松节朗,122分钟(日,https://img9.doubanio.com/view/photo/s_ratio_poster/public/p2578338706.jpg,日语,5.8,前川洋一/门田隆将,"《深夜食堂2》的佐藤浩市和《犬之岛》的渡边谦确定加盟福岛核电站灾难主题新片《福岛50死士》。

　　据悉，本片将围绕冒着生命危险留在核电站的最前线工作人员展开，他们中包括值班主管Isaki和工地主任Yoshida。媒体后来以“福岛50死士”来称呼这批勇士。

　　本片目前还未定档，更多信息静待官宣。",福岛50死士 フクシマフィフティ,佐藤浩市/渡边谦/吉冈秀隆,剧情/灾难
片长:,美国,理查德·塔恩,又,https://img9.doubanio.com/view/photo/s_ratio_poster/public/p2615960204.jpg,英语,6.4,理查德·塔恩/克里斯塔尔·萨瑟兰,据称将聚焦一段更加暗黑、疼痛、现实的校园爱情：一个神秘的女孩新进入一所学校，她喜欢穿松垮的衣服，走路一瘸一拐。女孩加入了校报编辑部，让一个同事男孩无法忘怀。当他慢慢接近她，将学习到自己从未想象过的初恋、心碎、失去。,化学心脏 Chemical Hearts,丽丽·莱因哈特/奥斯汀·艾布拉姆斯/莎拉·琼斯,剧情/爱情
2020-09-03,中国大陆,周润泽,84,https://img2.doubanio.com/view/photo/s_ratio_poster/public/p2617291342.jpg,汉语普通话,5.3,朱子奇/周润泽,上世纪80年代初的东北，爱慕同事周萌的工人刘海柱因帮扶弱者，爱打抱不平，招惹上了不良分子并给自己的家人朋友带来危险。在经历被坏人打伤，被工厂开除等人生打击低谷后，刘海柱更面临危及生命的挑战。但此时，这个神奇的男人竟然还能重新站起来，面对一个个惊天的挑战，令世人震惊的完成着属于他的精彩传奇。,东北往事：我叫刘海柱,许君聪/刘奔/龚小钧,剧情/喜剧/动作
124分钟,意大利 / 法国 / 英国,马提欧·加洛尼,IMDb链,https://img3.doubanio.com/view/photo/s_ratio_poster/public/p2574653120.jpg,意大利语,6.7,卡洛·科洛迪/马提欧·加洛尼/马西莫·切可里尼,意大利真人版《匹诺曹》，故事围绕一个老木匠与他雕刻的小木偶匹诺曹展开。,匹诺曹 Pinocchio,费德里科·伊帕迪/罗伯托·贝尼尼/罗科·帕帕莱奥,奇幻
2020-03-28,中国大陆,胡一泊,88,https://img2.doubanio.com/view/photo/s_ratio_poster/public/p2591947273.jpg,汉语普通话,7.1,胡一泊/叶子源,在全宇宙可以自由通航的未来，在木星举办的竞技真人秀风暴法米拉大赛风靡太阳系，而这一届的冠军之争将在麦当与极光之间展开。,星游记之风暴法米拉2,陶典/山新/小连杀,动画/奇幻/冒险
100分钟,英国,迪恩·克雷格,IMDb链,https://img1.doubanio.com/view/photo/s_ratio_poster/public/p2593716669.jpg,英语,5.5,迪恩·克雷格/Francis Nief/Christelle Raynal,同一场婚礼竟然出现两个版本。山姆·克拉弗林饰演的杰克身为新娘的哥哥，得轮番应付火大的前女友（芙蕾达·苹托饰），一位怀有秘密的不速之客，一颗被乱放的安眠镇静剂，以及当年追不到的梦中情人（奥莉维亚·玛恩饰）。一场婚礼，两样结局。,爱，婚礼，重演 Love Wedding Repeat,山姆·克拉弗林/奥立薇娅·玛恩/埃莉诺·汤姆林森,喜剧
片长:,日本,市野龍一,又,https://img2.doubanio.com/view/photo/s_ratio_poster/public/p2579798643.jpg,日语,6.5,井上祐贵/諒太郎/吉永亚由里/七濑公/新山千春/平田雄也/小池亮介/滨田龙臣/石黑英雄/高桥健介/宇治清高/根岸拓哉/石丸博也,作为民间警备组织E.G.I.S.的一员工作的工藤优信，有着变身为泰迦，泰塔斯，风马这个3人的奥特曼的能力。经过与无数敌人的战斗，优信和泰迦之间的羁绊更加深厚。但是，他们现在却被什么人瞄准了。知道这件事后，新生代的奥特曼们为了拯救他们，陆续集结。小光、翔、大地、凯、小陆、勇海、活海都来了。并且，泰迦的父亲，泰罗也来到了地球。但是，泰罗却猛烈地袭击了儿子泰迦。泰罗到底怎么了？泰迦能和父亲战斗吗！？现在，新生代正面临着巨大的黑暗力量！,泰迦奥特曼剧场版：新生代之巅 劇場版 ウルトラマンタイガ ニュージェネクライマックス,井上祐贵/諒太郎/吉永亚由里,科幻/冒险
片长:,印度,莫希特·苏里,又,https://img2.doubanio.com/view/photo/s_ratio_poster/public/p2581585122.jpg,印地语,7.1,Aseem Arora/Aniruddha Guha/莫希特·苏里,一次警方行动导致他与爱人分离，多年后，这个愤怒的年轻男子大开杀戒，而一名跟他一样满腹仇恨的警察对他穷追不舍。,疯狂流浪者 Malang,阿迪亚·罗伊·卡普尔/亚尼·卡普/迪莎·帕塔尼,动作/犯罪
片长:,日本,杉原輝昭,又,https://img1.doubanio.com/view/photo/s_ratio_poster/public/p2599635057.jpg,日语,7.3,高桥悠也,"2019年，世界被人工智能Humagear统治，身处不同世界的假面骑士ZERO-ONE和假面骑士ZI-O奇迹般地相遇。虽然二人都是为了拯救世界，但等待着他们的究竟是携手还是对立？

　　父亲的梦想、儿子的梦想、各自的想法互相碰撞时，到底会面临怎样的未来…！？",假面骑士令和初代 仮面ライダー 令和 ザ・ファースト・ジェネレーション,高桥文哉/奥野壮/鹤岛乃爱,动画/奇幻
片长:,泰国,撒切普·苏法斯里,又,https://img3.doubanio.com/view/photo/s_ratio_poster/public/p2578940720.jpg,泰语,7.3,阿皮切特·坎普/凯特·松桑南,韩国CJ娱乐宣布将翻拍旗下经典爱情片[假如爱有天意]，制作成泰国版！泰版命名为[爱情自有天意](ClassicAgain，暂译)，将是新人导演ThatchaphongSuphasri的导演处女作，提迪蓬·德查阿派坤、RanchraweeUakoolwarawat主演。影片将于今年晚些时候发行。,假如爱有天意 Classic Again จดหมาย สายฝน ร่มวิเศษ,提迪蓬·德查阿派坤/兰奇拉薇·昂库瓦拉沃特/Sutthirak Subvijitra,剧情/爱情
片长:,立陶宛,Romas Zabarauskas,又,https://img2.doubanio.com/view/photo/s_ratio_poster/public/p2623446913.jpg,英语 / 立陶宛语 / 俄语,6.1,Romas Zabarauskas,影片讲述两个男人之间复杂的情感故事，gay社团律师马吕斯(EimutisKvosciauskas饰)的生活一直在流逝，他整日都在与朋友玩乐、追逐年轻的恋人。而当马吕斯疏远已久的父亲去世。马吕斯发现他与一名困在塞尔维亚贝尔格莱德的叙利亚难民、性工作者阿里(DoğaçYıldız饰)有着意想不到的联系，哀悼也悄然间转变为了爱情。,律师 Advokatas,Eimutis Kvosciauskas/杜嘉克·伊迪兹/达里娅·叶卡马索娃,剧情/同性
片长:,中国大陆,裘仲维,又,https://img2.doubanio.com/view/photo/s_ratio_poster/public/p2609410523.jpg,汉语普通话,5.3,焦裕峰,"故事发生在清河聂氏处理其祖传刀墓事件时期。聂明玦带领聂怀桑为百姓安康，将古墓恢复原状，确保聂氏安稳。

　　这使得聂怀桑从顽皮弟子的心态变得愈加成熟，聂明玦也从中更了解弟弟，帮助他成长为下一代宗主。",陈情令之乱魄,纪李/王翌舟/朱赞锦,奇幻/古装
上映日期:,美国,沃尔特·道恩,2020-04-10(美,https://img2.doubanio.com/view/photo/s_ratio_poster/public/p2616436093.jpg,英语,6.4,乔纳森·阿贝尔/格伦·伯杰/玛雅·福布斯/华莱士·沃洛达斯基/Elizabeth Tippet/托马斯·丹姆,"讲述Poppy和Branch有了一个惊人的发现——除了他们之外，还有其他的魔发精灵世界，各部落的明显差异导致了巨大的冲突。当一种神秘的邪恶力量让所有的精灵世界都面临危险时，Poppy和Branch以及朋友们将踏上一段史诗般的探寻旅程，在长期不和的各精灵族群中创造和谐氛围，让大家团结起来对抗某种厄运。

　　这部片的音乐风格将更加多样化，流行音乐、乡村音乐、嘻哈音乐、硬摇滚、骤停打击乐、电子舞曲等都有。",魔发精灵2 Trolls World Tour,安娜·肯德里克/贾斯汀·汀布莱克/蕾切尔·布鲁姆,动画/歌舞/奇幻/冒险
89分钟,韩国,Byoung-Wook Ahn,IMDb链,https://img9.doubanio.com/view/photo/s_ratio_poster/public/p2615224475.jpg,英语,7.4,洪范基/Kang Shi Hyun/Eddy Lee,在这部热门剧集的电影版续集中，查克回到城市，向一名记者讲述他与古怪的臭屁虫朋友小红和小黄在岛屿上的生活。,爆笑虫子之冒险岛大电影 The Larva Island Movie,洪范基/Kang Shi Hyun/Eddy Lee,喜剧/动画
94分钟,西班牙,卡洛斯·托拉斯,IMDb链,https://img1.doubanio.com/view/photo/s_ratio_poster/public/p2615570169.jpg,西班牙语,5.8,卡洛斯·托拉斯/埃克托·埃尔南德斯·比森斯/大卫·德索拉,安吉尔在救护车服务部门工作在一场悲剧性的事故后，他的个人生活开始恶化，他变得越来越怀疑他的伴侣文。,护理师 El practicante,马里奥·卡萨斯/黛博拉·弗朗索瓦/吉列尔莫·普宁,惊悚
2020-02-21,美国,威廉·布伦特·贝尔,86,https://img1.doubanio.com/view/photo/s_ratio_poster/public/p2574072598.jpg,英语,5.0,史黛西·马妮尔,"UnawareoftheterrifyinghistoryofHeelshireMansion,ayoungfamilymovesintoaguesthouseontheestatewheretheiryoungsonsoonmakesanunsettlingnewfriend,aneerilylife-likedollhecallsBrahms.KatieHolmesstarsinSTXfilmsandLakeshoreEntertainment’s,BRAHMS:THEBOYII,alongsideChristopherConvery(“Gotham”),OwainYeoman(TheBelkoExperience)andRalph...",灵偶契约2 Brahms: The Boy II,凯蒂·霍尔姆斯/欧文·约曼/克里斯托弗·康夫瑞,悬疑/惊悚/恐怖
2020-02-01,中国大陆 / 中国香港,谷垣健治,97,https://img1.doubanio.com/view/photo/s_ratio_poster/public/p2580345427.jpg,粤语 / 汉语普通话 / 日语,4.8,王晶/吕冠南/陈健鸿,香港警察朱福龙（甄子丹饰）因一次工作失误惨被降级，万般无奈之际又遭未婚妻可儿（周励淇饰）悔婚，事业爱情的双重打击令他一蹶不振，暴饮暴食六个月后体重猛增到220磅！上司黄警官不忍其继续堕落，委派朱福龙前往日本押送一名犯人，并承诺只要完成任务就可以为他恢复职位。可惜来到日本，倒霉的事件便接连在他身上发生，不仅财物尽失，连犯人也在押送途中逃脱了。幸好得到前香港警察潇洒哥（王晶饰）的帮助才得以暂时解困，为了完成任务找回犯人，朱福龙与潇洒哥共同行动，不料在查找真相的过程中发现了日本黑帮的惊天阴谋......,肥龙过江 肥龍過江,甄子丹/毛舜筠/周励淇,喜剧/动作
2019-07(FI,中国大陆,郑雷,102,https://img1.doubanio.com/view/photo/s_ratio_poster/public/p2612481747.jpg,汉语普通话,6.7,郑雷,杜燕在车祸中失去了年幼的儿子，万念俱灰的她住在自家经济不景气的森林会所，失去了生活的动力。丈夫白岭的贴心关怀，反倒平添她的伤感。一个清晨，巡视森林的她遇到了另一个“自己”，跟随着那个人，她来到了一个平行世界的进出口并踏过了那扇门，而这也是一场噩梦的开始。在不同的空间里，她遇到了性格完全不同的丈夫、哥哥，而且每个空间的现实都不尽相同，同时，她也遭遇到了各种危险，并差点丧命。最终她得出结论，要杀掉某个空间的自己取而代之，才可以平息这一切。可善良的她终究难以下手，渐渐的，她成了游荡在平行空间中的鬼魂一样的存在，直到不经意间，她回到了看似自己原来空间的地方，而这一场梦境，似乎还未结束。,平行森林,唐小然/赵小东/刘蔚森,科幻/悬疑
上映日期:,美国,彼得·博格,片,https://img2.doubanio.com/view/photo/s_ratio_poster/public/p2581570053.jpg,英语,5.8,布莱恩·海尔格兰德/肖恩·欧奇夫/罗伯特·B·帕克/艾斯·阿特金斯,"这是沃尔伯格和导演彼得·博格自《孤独的幸存者》《恐袭波士顿》《深海浩劫》《22英里》后第五度，合作基于罗伯特·B·派克所著同名小说，派克死后由AceAtkins接手创作，也是以男主角Spenser为中心的八本系列悬疑小说中的一本。Netflix已经和派克遗产方面达成协议，基于Spenser这一角色打造一系列电影。

　　本片将有别于小说，小说讲述Spenser从一个满嘴俏皮话的拳击手变为波士顿的一名私家侦探，电影从Spenser出狱开始讲起，他被剥夺了私人侦探执照，当他揭露了一个耸人听闻的谋杀案和背后阴谋的真相时，他又被拉回了波士顿的黑暗犯罪世界中。尼尔·莫瑞兹(《速度与激情》系列《越狱》)制片，SeanO’Keefe编写剧本。",斯宾塞的机密任务 Spenser Confidential,马克·沃尔伯格/艾伦·阿金/考林·加普,剧情/悬疑/惊悚/犯罪
片长:,英国 / 爱尔兰 / 加拿大 / 美国,弗洛莉娅·塞吉斯蒙迪,又,https://img3.doubanio.com/view/photo/s_ratio_poster/public/p2583506590.jpg,英语,4.5,凯利·海斯/查德·海斯/亨利·詹姆斯,改编自亨利·詹姆斯小说《螺丝在拧紧》（TheTurnoftheScrew），一位男子雇用了一名年轻女家庭教师，来照顾一对骤失双亲的侄儿和侄女，而她发现孤儿的家闹鬼。,拧紧 The Turning,麦肯兹·戴维斯/菲恩·伍法德/布鲁克琳·普林斯,剧情/恐怖
2020-05-29,美国,尼萨·加纳特,IMDb链,https://img3.doubanio.com/view/photo/s_ratio_poster/public/p2601496681.jpg,英语,6.7,Flora Greeson,达科塔·约翰逊(《五十度灰》)和特雷西·埃利斯·罗斯(《喜新不厌旧》)主演的音乐剧情片《高调》发布预告，天后歌手和她的私人助理的故事。天后看似高傲没心没肺，实则对自己40岁后的发展而倍感压力，想寻求艺术上的突破；助理很感激能跟对方合作，但苦于自己碌碌无为只能做杂事，想施展音乐制作方面的才华。此时，可能同时改变两人人生的机会来了：天后将发行下一张专辑，她打破陈规，邀请自荐的助理来担任新专制作人。她们能成功吗？,高调 The High Note,达科塔·约翰逊/特雷西·埃利斯·罗斯/小凯文·哈里森,剧情/爱情/音乐
104分钟,西班牙,Albert Pintó,IMDb链,https://img9.doubanio.com/view/photo/s_ratio_poster/public/p2568865344.jpg,西班牙语,5.7,拉蒙·坎波斯/盖马·R·内拉/Salvador S. Molina/David Orea,故事讲述70年代的马德里，马诺洛和坎德拉带着三个孩子和祖父费尔明定居在马拉萨尼亚的马德里附近。这一举动意味着他们抛弃过去以及在城镇中的生活。马德里是一个全面过渡的大城市，也是正在寻找的繁荣的好地方。但是，奥尔梅多一家人不知道的是，他们买的房子将成为他们最糟糕的噩梦。,马拉萨尼亚32号鬼宅 Malasaña 32,贝戈尼亚·瓦加斯/Iván Marcos/比雅·塞古拉,恐怖
2020-10-02,美国,布瑞亚·格兰特,86,https://img2.doubanio.com/view/photo/s_ratio_poster/public/p2617928843.jpg,英语,5.3,布瑞亚·格兰特,"It's1998andoverthecourseofone12HourShiftatanArkansasHospital,AJunkieNurse(AngelaBettis),HerSchemingCousin(ChloeFarnworth)andagroupofblackmarketOrgan-Tradingcriminals(MickFoley,DavidArquette,DustyWarren)startaheistthatcouldleadtoalloftheirdemise.",轮班12小时 12 Hour Shift,安吉拉·贝蒂斯/大卫·阿奎特/Chloe Farnworth,喜剧/惊悚
2020-09-08,美国,克里斯·帕尔默,86,https://img3.doubanio.com/view/photo/s_ratio_poster/public/p2618259030.jpg,英语,6.1,蒂姆·谢里丹,讲述一个年轻的克拉克·肯特在超人生涯早期的故事。关于这部电影的更多细节没有透露。,超人：明日之子 Superman: Man of Tomorrow,达伦·克里斯/扎克瑞·昆图/艾克·阿玛迪,动作/动画
2020-03-06,日本,木村尚,114,https://img3.doubanio.com/view/photo/s_ratio_poster/public/p2577799411.jpg,日语,6.2,知念实希人/木村尚,本片改编自推理小说家知念实希人的同名小说，背景设定在被铁栅栏封闭的原精神科医院，讲述在监狱里发生了监禁64名身份不明的住院患者和职员的事件，被牵连的速水(坂口饰)在医院内接连遇到不可思议的事情，并试图逃出的故事。,假面病房 仮面病棟,坂口健太郎/永野芽郁/内田理央,剧情/悬疑
2020-01-25,美国,约瑟芬·戴克,片,https://img2.doubanio.com/view/photo/s_ratio_poster/public/p2602031362.jpg,英语,6.2,萨拉·歌宾斯/苏珊·斯卡夫·梅雷尔,影片改编自苏珊·斯卡夫·梅瑞尔小说，背景设置在上世纪60年代，讲述了一对年轻夫妇(勒曼、杨饰)搬去与美国哥特惊悚小说家雪莉·杰克逊(莫斯饰)及其丈夫(斯图巴饰)同住，他们因此卷入一场心理惊悚事件，而这也为杰克逊的下一部小说提供了素材。,雪莉 Shirley,伊丽莎白·莫斯/罗根·勒曼/迈克尔·斯图巴,剧情/惊悚/传记
片长:,日本,萩原健太郎,又,https://img2.doubanio.com/view/photo/s_ratio_poster/public/p2570983662.jpg,日语,6.8,大岛里美,不擅长与人交往的大学生飒太捡到一盒磁带，它属于一年前死去的乐队主唱Aki，自此磁带播放的30分钟内，Aki可以和飒太共用一个身体。Aki利用这个机会，试图重新组建自己曾经被迫解散的乐队ECHOLL。飒太也逐渐被性格乐观的Aki所影响，在和同伴们的合奏中感到快乐。飒太与Aki谋划着制作出最棒的曲子，来吸引Aki曾经的乐队伙伴兼恋人Kana再次加入乐队。飒太逐渐对Kana心生好感，Kana也慢慢打开心扉。可因为某个契机，Kana开始怀疑飒太是不是就是Aki，而飒太和Aki共用身体的时间也开始渐渐变短。,告别前的30分钟 サヨナラまでの30分,新田真剑佑/北村匠海/久保田纱友,剧情
片长:,中国大陆,侯国涛,又,https://img9.doubanio.com/view/photo/s_ratio_poster/public/p2571448144.jpg,汉语普通话,5.6,梁杰理/吕晨悦/王俐丹,讲述一终日与大猩猩为伴的太行山上野人“山魁”，霸踞山林，人莫详知。偶然救下被仇人追杀误闯山林的小女孩“箜儿”。一场古代武侠族群间的争霸暗战也就此撕裂。人类野性中的“抵抗”，与山林野兽的“温情”，层叠出跨越血肉的救赎之勇。,野王,梁杰理/吕晨悦/王俐丹,喜剧/冒险/古装
2020-01-28,美国,莉兹·加伯斯,片,https://img1.doubanio.com/view/photo/s_ratio_poster/public/p2581064917.jpg,英语,6.3,迈克尔·韦/Robert Kolker,艾米·莱安(《失踪宝贝》《火线》)将替代莎拉·保罗森主演犯罪新片《失足少女》(LostGirls)，该项目也从亚马逊转移到了Netflix。奥斯卡提名纪录片导演、制片人莉兹·加博斯(《发生了什么，西蒙妮小姐？》)首次执导剧情长片，MichaelWerwie(《极端邪恶》)编写剧本，讲述真实犯罪故事：MariGilbert无情地驱使执法人员寻找她失踪的女儿，在此过程中，揭露了一波又一波年轻的女性工作者被谋杀在长岛南岸堰洲岛的未被解决的案件。,失踪女孩 Lost Girls,托马辛·麦肯齐/艾米·莱安/迪恩·文特斯,剧情/悬疑/惊悚
片长:,法国,露西·波尔图,又,https://img1.doubanio.com/view/photo/s_ratio_poster/public/p2571391659.jpg,法语,6.4,露西·波尔图/杰瑞米·埃尔卡伊姆/莱拉·斯利马尼,"改编自蕾拉·斯利玛尼同名小说《温柔之歌》。

　　米莉亚姆生育两个孩子之后，再也无法忍受平庸而琐碎的家庭主妇生活，她和丈夫保罗决定雇佣一个保姆，路易丝就这样进入了他们的生活。路易丝无所不能、近乎完美，米莉亚姆夫妇总是骄傲地向别人介绍：“我家的保姆是个仙女。”随着相互依赖的加深，隔阂与悲剧也在缓缓发酵。",温柔之歌 Chanson douce,嘉莲·维雅/莱拉·贝蒂/安托万·赖纳茨,剧情/犯罪
片长:,美国,迈克尔·肖沃特,又,https://img1.doubanio.com/view/photo/s_ratio_poster/public/p2581065467.jpg,英语,5.9,阿隆·艾布拉姆斯/马丁·格罗/Brendan Gall,一对情侣（伊萨·雷和库梅尔·南贾尼饰）正在互诉衷肠，结果被无意中卷入了一场谋杀迷局。洗刷罪名的过程极端又滑稽，他们必须挺过这一夜，以保住两人的恋情和性命。,爱情鸟的自救 The Lovebirds,库梅尔·南贾尼/伊萨·雷/安娜·坎普,喜剧/犯罪
132分钟,加拿大 / 美国,梅丽娜·马苏卡斯,IMDb链,https://img1.doubanio.com/view/photo/s_ratio_poster/public/p2572379837.jpg,英语,7.2,丽娜·维特/詹姆斯·弗雷,"丹尼尔·卡卢亚(《逃出绝命镇》《黑豹》)将主演环球新片《皇后与瘦子》(Queen&Slim)，已定档2019年11月27日北美上映，明年1月开拍。该片是一部复杂的剧情片，讲述一对黑人男女“皇后”和“瘦子”第一次约会，开车被警察叫停。之后的发展跟《逃出绝命镇》就不一样了：两人因自我防卫杀死了那名警察，随后没有自首，而是一起亡命天涯。希望藉由这个爱情故事探索美国的社会和政治。女主角皇后正在选演员，计划用新面孔。

　　《无为大师》《头号玩家》的丽娜·维斯编剧，她的《无为大师》导演搭档MelinaMatsoukas执导，这也是后者首次导演电影。剧本是基于《百万碎片》作者、争议作家詹姆斯·弗雷写的一版剧本进行改编，新电影公司Makeready注资。",皇后与瘦子 Queen & Slim,朱迪·特纳-史密斯/丹尼尔·卡卢亚/茵蒂娅·摩尔,剧情
2020-02-28,日本,诸田敏,64,https://img3.doubanio.com/view/photo/s_ratio_poster/public/p2566905271.jpg,日语,6.7,毛利亘宏,"2018年9月——平凡的高中生们正在为各自的前途奋战。

　　明光院景都正为了梦想的柔道金牌而努力，然而，他在比赛中受伤，从此再难踏上柔道选手之路。明光院心灰意冷之时，神秘的青年突然出现并拿出手表及驱动器……

　　此外，班级里也突然来了一位名为海东大树的转学生……

　　错综复杂的阴谋，层层交叠的陷阱。等待着明光院、庄吾还有月读的，究竟是什么样的未来?",假面骑士时王：盖茨王权 仮面ライダージオウ NEXT TIME ゲイツ、マジェスティ,押田岳/奥野壮/大幡诗绘理,动作/科幻/冒险
2019-12-26,韩国,许秦豪,132,https://img9.doubanio.com/view/photo/s_ratio_poster/public/p2573803146.jpg,韩语,6.6,郑凡植/李智敏,崔岷植与韩石圭有望在《生死蝶变》后时隔20年再度合作，一起出演古装电影《天文》。《天文》将由《德惠翁主》的导演许秦豪执导，将讲述世宗大王和著名科学家蒋英实的故事。,天文：问天 천문: 하늘에 묻는다,崔岷植/韩石圭/申久,剧情/历史/古装
片长:,英国,迈克尔·塞缪尔斯,又,https://img9.doubanio.com/view/photo/s_ratio_poster/public/p2582275464.jpg,英语,7.4,Simon Block,第二次世界大战后在英国被安置和重建的大屠杀儿童的悲惨故事，并最终使人得以肯定。它始于新大陆的不确定性和恐惧，但最终导致了所有人都珍惜的希望和善意以及终生的友谊和幸福。,温德米尔儿童 The Windermere Children,托马斯·克莱舒曼/萝玛拉·嘉瑞/伊恩·格雷,剧情/战争
2020-05-08,中国大陆,崔炎龙,96,https://img2.doubanio.com/view/photo/s_ratio_poster/public/p2601923112.jpg,汉语普通话,5.9,崔炎龙/陈萍萍,北宋年间，景阳冈上猛虎屡屡伤人，导致谣言四起民心飘摇。在这人人自危的时刻，辽人萧赞更是以此为由头，指挥江湖恶人借机生事，为所欲为。路经此地的武松被卷入乱世纷争，路见不平一声吼，哪怕前路危机重重，武松也毫不胆怯，誓要凭一腔热血粉碎天下万恶，拯救苍生于水火。,伏虎武松,袁福福/闫佳颖/张亚奇,动作/武侠/古装
2020-02-28,美国,贝赫·泽特林,111,https://img1.doubanio.com/view/photo/s_ratio_poster/public/p2573546947.jpg,英语,6.5,贝赫·泽特林/伊丽莎·泽特琳,“小飞侠彼得·潘”故事再度新编，讲述女孩Wendy迷失在了一个年龄和时间脱节的神秘岛屿，她必须努力斗争，拯救家庭和自由，让自己快乐年轻的灵魂免于“长大”的威胁。,温蒂 Wendy,德万·法兰斯/亚书亚·麦克/盖奇·纳昆,剧情/奇幻
145分钟,印度,Trivikram Srinivas,IMDb链,https://img9.doubanio.com/view/photo/s_ratio_poster/public/p2579407695.jpg,泰卢固语,6.3,Trivikram Srinivas,舞神阿留阿俊来袭一名在父亲责备声中隐忍长大的年轻人得知自己出生时与百万富翁的儿子调了包他的整个世界因此而颠覆……,调包富少的逆袭 Ala Vaikunthapurramuloo,阿卢·阿尔军/普嘉·海婅/塔布,动作
片长:,英国,迈克尔·温特伯顿,又,https://img9.doubanio.com/view/photo/s_ratio_poster/public/p2594901616.jpg,英语,6.2,史蒂夫·库根/罗伯·布莱顿/克莱尔·基兰,影片除了喋喋不休的逗趣逗嘴，观众还将追随影片中欣赏到著名的德尔菲的阿波罗神庙、雅典的古阿格拉、埃皮达鲁斯的古剧院、独特的海德拉岛、迪罗斯的洞穴、内斯特的宫殿、皮洛斯的尼奥卡斯特罗要塞和古斯塔吉拉等美丽风光。,希腊环游记 The Trip to Greece,史蒂夫·库根/罗伯·布莱顿/克莱尔·基兰,剧情/喜剧
片长:,德国 / 乌克兰 / 英国 / 俄罗斯,伊利亚·赫尔扎诺夫斯基,又,https://img9.doubanio.com/view/photo/s_ratio_poster/public/p2601128944.jpg,俄语,6.8,伊利亚·赫尔扎诺夫斯基,一位孤独的家庭主妇邀请她的母亲在她居住的封闭式科学研究所探望她，在那里他们面对着共同生活的挣扎和丑闻。,列夫·朗道：诺拉与母亲 DAU. Nora Mother,Teodor Currentzis/Lydia Shchegoleva/Radmila Shegoleva,剧情
片长:,日本,村野佑太,又,https://img9.doubanio.com/view/photo/s_ratio_poster/public/p2570352974.jpg,日语,6.4,大河内一楼/宗田理,动画版的故事设定在2020年，讲述了某学校中学一年级的男学生们，集体在废弃工厂建立所谓的“解放区”，并发动了针对大人们的“叛乱”后的故事，借此反映了学生学业过重、学校对学生任意进行体罚等种种社会问题。,我们的七日战争 ぼくらの7日間戦争,芳根京子/北村匠海/宫泽理惠,动画
片长:,挪威,帕尔·奥耶,又,https://img9.doubanio.com/view/photo/s_ratio_poster/public/p2580628804.jpg,挪威语,6.0,克耶尔斯蒂·海伦·拉斯穆森,一辆油罐车在隧道内发生车祸，回家过圣诞的路人被困于隧道大火，山上暴风雪肆虐，急救人员奋力赶往事故隧道，展开救援行动,夺命隧道 Tunnelen,托尔比约恩·哈尔/伊尔瓦·伯杜德/丽莎·卡勒希德,惊悚/灾难
103分钟,德国 / 乌克兰 / 英国 / 俄罗斯,伊利亚·赫尔扎诺夫斯基,IMDb链,https://img9.doubanio.com/view/photo/s_ratio_poster/public/p2601358556.jpg,俄语,6.7,伊利亚·赫尔扎诺夫斯基,故事发生于1956年，备受尊敬的苏联科学家DAU遇见了年轻时的恋人Maria。Maria已是一名希腊演员，准备在莫斯科度过三日时光。两人已经25年未见面。虽然DAU在事业上建树颇丰，他的家庭生活却难谓圆满，甚至令他倍感痛苦。DAU希望通过Maria找回逝去的青春年华。他的妻子Nora突然回到家中，打破了他的幻想。,列夫·朗道：三日 ДАУ. Три дня,特奥特·库伦特基斯/Maria Nafpliotou/拉德米拉·谢戈列瓦,剧情
片长:,中国大陆,项秋良,又,https://img9.doubanio.com/view/photo/s_ratio_poster/public/p2611741995.jpg,汉语普通话,6.1,马怀昌/项秋良/项河生/李嫄,抗日战争时期，日寇对冀中平原进行“大扫荡”，进步青年叶成从北平学成归来加入了村里的地道建设，面对不解和质疑，在党员马政委的领导下，叶成用所学知识带领村民升级完善地道，一次次巧妙化解日军的袭击。狡猾的日军将领采用孤立策略，扫除了叶成周边的地道村。岌岌可危之下，叶成主动出击，利用周边地形将地道连成网络摧毁了敌军的后方炮楼，对日军进行反包围，大获全胜。,奇袭地道战,刘林城/邵芸/刘亚津,剧情/战争
片长:,中国香港,周显扬,又,https://img9.doubanio.com/view/photo/s_ratio_poster/public/p2595882406.jpg,汉语普通话,4.8,周显扬/杜致朗/文萧/邹佩君,拳坛上所向披靡的“死神”周始因一次意外被判入狱五年，出狱后妻子离世，只剩女儿周自在等他。年幼的女儿被发现患上白血病，周始为完成女儿心愿，以36岁高龄重返擂台，与拳王展开IBF金腰带争夺战。即使体能消耗殆尽、头破血流、视线模糊、血肉飞溅，亦会继续打下去，直至分出胜负…,我们永不言弃 我們永不言棄,韩庚/邬君梅/蔡书灵,剧情/动作
片长:,日本,诹访敦彦,又,https://img3.doubanio.com/view/photo/s_ratio_poster/public/p2577057800.jpg,日语,6.2,狗饲恭子/诹访敦彦,影片讲述少女小春从广岛回到故乡岩手，去往风的电话所在地的一段旅程，是一个关于内心治愈，以及我们忘却的珍贵记忆的故事。,风的电话 風の電話,莫托拉·世理奈/西岛秀俊/三浦友和,剧情
101分钟,澳大利亚,托尼·蒂尔斯,IMDb链,https://img1.doubanio.com/view/photo/s_ratio_poster/public/p2532707287.jpg,英语,6.0,黛博拉.考克斯,基于KerryGreenwood所著同名畅销书，讲述20年代私家侦探芙里妮·费雪在澳洲探案的经历。,费雪小姐和泪之穴 Miss Fisher & the Crypt of Tears,埃茜·戴维斯/内森·佩吉/阿什莉·卡明斯,悬疑
2020-02-14,英国,本·库克森,109,https://img9.doubanio.com/view/photo/s_ratio_poster/public/p2567468066.jpg,英语,6.8,本·库克森/迈克尔·莫波格/Toby Torlesse,设定在二战时期，围绕一个年轻牧童展开故事，他涉及到走私犹太儿童穿越边境前往西班牙的交易中。,等待安雅 Waiting for Anya,安杰丽卡·休斯顿/让·雷诺/尼古拉斯·罗尔,剧情/战争
115分钟,美国,克拉克·杜克,IMDb链,https://img1.doubanio.com/view/photo/s_ratio_poster/public/p2599417379.jpg,英语,6.1,克拉克·杜克,本片讲述迪克西黑手党中两名低级毒贩(海姆斯沃斯、杜克饰)本按照阿肯色州毒枭(沃恩饰)的命令生活，但一笔交易出了可怕的差错，随之而来的是致命的后果。,阿肯色 Arkansas,利亚姆·海姆斯沃斯/文斯·沃恩/克拉克·杜克,犯罪
85分钟,美国,刘山姆,IMDb链,https://img9.doubanio.com/view/photo/s_ratio_poster/public/p2587880225.jpg,英语,4.8,J·M·德马泰/马克·米勒,"红子动画真的来了，经典DC漫画《超人：红色之子》动画版发布首张剧照，苏联超人亮相。

　　杰森·伊萨克斯(《蝙蝠侠：红影迷踪》)配音超人，“根妹”艾米·阿克配音路易斯·莱恩，戴德里克·巴德配音莱克斯·卢瑟，瓦内萨·马歇尔配音神奇女侠，罗杰·克莱格·史密斯配音蝙蝠侠。

　　《红子》由刘山姆(《超人之死》《超人王朝》)执导，将于明年第一季发碟和登陆数字平台。漫画来自马克·米拉，提出：如果超人不是降落在美国小镇，而是在乌克兰，长大成为了苏联领导人，胸前的S变成镰刀和锤子，他和世界会是怎样？对社会主义、资本主义、历史和人性的探讨相当有意思。",超人：红色之子 Superman: Red Son,詹森·艾萨克/艾米·阿克/戴德里克·巴德,动画
2020-06-29,马来西亚,季竹青,108,https://img1.doubanio.com/view/photo/s_ratio_poster/public/p2578831848.jpg,汉语普通话,6.8,季竹青,"吉隆坡的德诚华人高中附近发生了一起连环杀人事件，单身母亲刘梅（36岁）的高中生儿子辰辰（17岁）被列为杀害同班同学刚子（17岁）的头号嫌疑犯，下落不明。被害人刚子的母亲顾毓芬（40余岁）面对儿子的突然死亡精神恍惚，生活陷入僵局。作为被害人的母亲，顾毓芬成了所有人同情的对象，而作为凶手的母亲，刘梅却成了众矢之的。

　　然而事情并没有表面看到的那么简单。在如今的“监视型社会”的压力下，偶然发现了自己儿子另一面的两位母亲,要面对的不仅仅是失去孩子的痛苦，还有很多意想不到的抉择。眼睛看到的是事实，却未必是真实。",加害者，被害人 Victim(s),黄璐/韩家濠/林健文,剧情/同性/犯罪
片长:,英国 / 美国,丹尼斯·塔诺维奇,又,https://img1.doubanio.com/view/photo/s_ratio_poster/public/p2588262927.jpg,英语 / 瑞典语 / 俄语 / 德语 / 法语,6.1,Ellen Furman/丽莎·马克伦德/詹姆斯·帕特森 /安德鲁·斯特恩,杰弗里·迪恩·摩根(《行尸走肉》)、法米克·詹森([x战警]、[飓风营救])将共同出演全新影片[明信片杀戮]，该片由雅努什·卡明斯基执导，改编自詹姆斯·帕特森、丽莎·马克伦德的原著小说。故事讲述纽约侦探(摩根饰)的女儿和女婿在伦敦遭遇残忍杀害，而这让他的生活陷入混乱，就此他开始展开调查，而每到一个地方，他都将类似谋杀案以明信片形式寄给一名记者。片中法米克·詹森扮演其妻子。杰米·布莱克利也加盟该片。GoodFilmsCollective制作发行影片，影片预计明年上映。,明信片杀戮 The Postcard Killings,杰弗里·迪恩·摩根/法米克·詹森/娜奥米·巴特里克,悬疑/犯罪
2020-03-13,美国,安德鲁·欧文,115,https://img1.doubanio.com/view/photo/s_ratio_poster/public/p2566581198.jpg,英语,6.6,乔恩·欧文/乔·戈恩,讲述了基督教音乐明星杰里米·坎普的真实生活故事和他爱与失去的旅程，这似乎证明了永远都有希望。,我仍然相信 I Still Believe,布丽特·罗伯森/K·J·阿帕/梅丽莎·罗斯伯格,剧情/爱情/音乐
片长:,中国大陆,胡国瀚,又,https://img2.doubanio.com/view/photo/s_ratio_poster/public/p2584700822.jpg,汉语普通话,5.8,夏天兰/胡国瀚,本片讲述了一夜之间二十七具尸体被悬挂当街，且都被抽去了骨头，死相诡谲。向来不信邪的宋慈以一种追求极致真相的态度与女助手雨墨深入调查。通过对死者关系网的盘查，宋慈发现这是起随机杀人案，有价值的是“27”这个数字，这与十年前的波旬教案有关，他向恩师耿知年请教，谁知当天二十七具尸体就在府衙中自燃，虽灰飞烟灭却有迹可寻，宋慈不得不怀疑这一切正和当年负责波旬教案的耿知年有关。与此同时，怀揣着隐秘身世的雨墨也已渐渐接近“真相”，那是她同样无法接受的真相……,法医宋慈,于震/许清雅/潘长江,悬疑/古装
2020-01-09,美国,彼得·西格尔,片,https://img1.doubanio.com/view/photo/s_ratio_poster/public/p2552656717.jpg,英语,6.0,埃里希·霍贝尔/乔·霍贝尔,特工J.J.（戴夫巴蒂斯塔饰）执行任务时闯出大祸，为了补锅，被委派与拍档波比监视一对母女，点知被目标人物之一的九岁小妹妹──苏菲（高儿寇曼饰）轻易识破。惨被揸住痛脚的J.J.唯有不断满足苏菲的要求，不但陪玩陪笑陪返学，居然还要教苏菲做间谍，闹出无穷笑料。古惑的苏菲更帮J.J.与她妈妈姬蒂牵红线，势要将J.J.这座冰山劈开！正当J.J.逐渐融入这对母女的生活时，潜伏的危机却慢慢浮现……,我的间谍 My Spy,戴夫·巴蒂斯塔/克洛伊·科尔曼/克里斯汀·沙尔,喜剧/动作
90分钟,中国大陆,卢庚戌,IMDb链,https://img1.doubanio.com/view/photo/s_ratio_poster/public/p2572401707.jpg,汉语普通话,4.0,丛洋/王九苓/张挺/王佳伟/刘珊/董润年,"根据经典同名歌曲改编，还原校园民谣时期大学校园里的一段真实故事。

　　当母胎单身的工科男欧洋（谢彬彬饰）邂逅文艺女校花方瑶（徐娇饰），为了毕业前脱单，欧洋阴差阳错地学起了吉他，伙同损友们上演了一出“音乐求爱”的大戏，于是一段充满欢笑眼泪，热血而又遗憾的初恋开始了……",一生有你2019,徐娇/谢彬彬/晏紫东,爱情
120分钟,美国,泰勒·派瑞,IMDb链,https://img9.doubanio.com/view/photo/s_ratio_poster/public/p2579629375.jpg,英语,6.5,泰勒·派瑞,影片讲述葛蕾丝·华特斯经历前夫出轨的情伤后，终于靠着新恋情重新站起。谁知美好表象下藏有无数秘密，葛蕾丝在发现真相之后，身心受创的她开始反击。,失宠 A Fall from Grace,亚德里安·帕斯达/泰勒·派瑞/西西莉·泰森,惊悚
片长:,美国,Nicole Conn,又,https://img2.doubanio.com/view/photo/s_ratio_poster/public/p2602894273.jpg,英语,7.7,佐伊·文图拉/凯拉·拉多姆斯基/凯伊·兰兹/哈莉·简·科扎克/弗伦奇·斯图尔特/布洛克·艾略特/莱斯利·尼科尔/布鲁斯·戴维森,一位身败名裂的联邦调查局探员，被停职，在失去母亲的痛苦中挣扎，来到了她小时候常去的小山村。她得到了一个特殊需要的男孩的朋友，他拥有非凡的天赋，通过他坚不可摧的精神和独特的人生观治愈他人。虽然她很受伤，但她开始透过他的眼睛看到拼图的碎片。,美好正逢时 More Beautiful for Having Been Broken,佐伊·文图拉/凯拉·拉多姆斯基/凯伊·兰兹,爱情/同性
2019-12-05,意大利 / 德国,马尔科·达莫雷,115,https://img2.doubanio.com/view/photo/s_ratio_poster/public/p2574932853.jpg,意大利语,7.0,马尔科·达莫雷/莱昂纳多·法索利/Francesco Ghiaccio/Maddalena Ravagli/Giulia Forgione,西罗的身体正沉没在那不勒斯海湾的黑色水域里，在下沉的过程中，记忆不断涌现上来，水声与逃跑者的尖叫声混杂在一起。1980年发生了地震，大楼通通倒塌，破碎的瓦砾下，传出了婴儿的哭声。十年后，当初的婴儿已经长大，他无父无母，在那不勒斯的街头苟且活着。长期以来的经历都是他犯罪道路上最生动的教材，他也因此成为了——命硬仔西罗。,不朽的西罗 L'immortale,马尔科·达莫雷/Darta Danevica/Gennaro Di Colandrea,剧情/动作/犯罪
2020-02-14,日本,成岛出,106,https://img3.doubanio.com/view/photo/s_ratio_poster/public/p2575439681.jpg,日语,6.2,奥寺佐渡子,故事改编自太宰治未完成遗作小说，讲述了拥有好几个情妇的文艺杂志主编田岛周二为了和她们分手，希望贪恋钱财的永井キヌ子假扮他的妻子。这对“假夫妇”将上演什么样的故事呢~,Goodbye 以谎言开端的人生喜剧 グッドバイ～嘘からはじまる人生喜劇～,大泉洋/小池荣子/水川麻美,喜剧
2020-02-15,美国,彼得·派格,85,https://img1.doubanio.com/view/photo/s_ratio_poster/public/p2581161597.jpg,英语,6.7,彼得·派格/约书亚·森特,影片由派格执导，博尔利将饰演山姆，他是一位帅气、有趣、神经质、聪明的同性恋，他在高中时便出柜，在一个密苏里州的小镇，这需要很大的勇气。Terho饰演哈利，两人在情人节那天一起开车前往朋友的订婚派对，当山姆得知哈利已经出柜了，两人又被迫在路边的汽车旅馆过夜，这是否会激起火花？,关于哈利的那些事 The Thing About Harry,布丽特·巴伦/杰克·博尔利/卡拉莫·布朗,喜剧/爱情/同性
片长:,波兰,扬·科马萨,又,https://img3.doubanio.com/view/photo/s_ratio_poster/public/p2600607860.jpg,波兰语 / 英语,6.9,马特兹·帕斯维克兹,在一个有过共产主义历史的欧式社会中，文化精英和被剥夺选举权的年轻人都看到黑暗力量席卷欧洲。然后，有些人会从不可避免的冲突和随之而来的混乱中受益，例如失意的法律系学生托梅克（马切伊·穆夏洛夫斯基饰），他竭力要引起童年时代的朋友佳比（凡妮莎·亚历山大饰）的注意，获得她的进步家庭的尊重。为了给佳比留下深刻印象，托梅克在一家名声在外但罔顾道德的公关公司工作。他奉命在社交媒体上进行策划，很快发现自己擅长这种肮脏的政治游戏。但他的所作所为是要付出人性代价的。随着托梅克越陷越深，他的人性慢慢丧失，亦不知要如何收拾残局。,自杀房间2：仇恨者 Sala samobójców. Hejter,马切伊·穆萨洛斯基/凡妮莎·亚历山大/达努塔·斯腾卡,剧情/惊悚
上映日期:,法国 / 美国 / 德国 / 英国,乔纳森·雅库博维奇,2020-03-27(美国网,https://img9.doubanio.com/view/photo/s_ratio_poster/public/p2588939745.jpg,英语,6.7,乔纳森·雅库博维奇,"从启发迈克杰克逊的“太空漫步”到创造Bip小丑的经典形象，法国传奇默剧大师马歇·马叟（MarcelMarceau）对流行文化的影响空前深远。而他年轻时一段鲜为人知的地下战士经历，也如他的艺术一样非凡伟大。

　　二战时法国被占领期间，马歇通过他善于伪造的天赋以及幽默感，在许多生死攸关的地下抗战任务中起到了至关重要的作用，他与兄弟们并肩作战，成功从纳粹手里解救了无数孩子，将他们穿过阿尔卑斯山送到瑞士。马歇的英雄行为也感动和激励了成千上万的人们。",无声的抵抗 Resistance,杰西·艾森伯格/艾德·哈里斯/克蕾曼丝·波西,剧情/传记/历史/战争
2020-07-16,加拿大 / 美国,罗宾·普劳特,94,https://img1.doubanio.com/view/photo/s_ratio_poster/public/p2610789507.jpg,英语,6.1,米卡·拉纳姆,一位在野生动物保护区生活的猎人被迫卷入了一场致命的猫捉老鼠的游戏，他和当地治安官出发去追踪一名凶手，而凶手可能正是几年前绑架了他的女儿的神秘人。,沉默 The Silencing,尼古拉·科斯特-瓦尔道/卡勒布·埃尔斯沃斯·克拉克/乔什·克鲁达斯,动作/惊悚/犯罪
片长:,美国,迈克尔·克里斯托弗,又,https://img2.doubanio.com/view/photo/s_ratio_poster/public/p2581003002.jpg,英语,5.6,迈克尔·克里斯托弗,患有自闭症的酒店夜班服务员巴特(泰伊·谢里丹饰)为提高社交能力，他利用监控纪录客人一举一动。某天一名女客人被杀害后，警方开始怀疑他。然而杀手还在行动，他既要面对警方又要找到真凶。,夜班服务员 The Night Clerk,泰伊·谢里丹/安娜·德·阿玛斯/海伦·亨特,剧情/犯罪
2020-03-25,西班牙,大卫·帕斯特尔,103,https://img9.doubanio.com/view/photo/s_ratio_poster/public/p2617235405.jpg,西班牙语,6.5,大卫·帕斯特尔/亚历克斯·帕斯特尔,一位失业的广告主管开始跟踪他以前房屋的新房客，而他的家庭动机变得险恶。,家怨 Hogar,哈维尔·古铁雷斯/马里奥·卡萨斯/大卫·贝尔达格尔,剧情/悬疑/惊悚
2020-04-12,美国,伊桑·斯波尔丁,80,https://img2.doubanio.com/view/photo/s_ratio_poster/public/p2589037112.jpg,英语,7.3,杰瑞米·亚当斯/埃德·布恩,聚焦了异世界和地球之间的千载难逢的比赛，这场比赛将最终决定地球和人类所有的公民的命运。地球保护者雷电必须聚集其领域最伟大的战士，以从邪恶的尚宗手上保卫地球，从而结束所有战斗。,真人快打传奇：蝎子的复仇 Mortal Kombat Legends: Scorpions Revenge,Grey Griffin/詹妮弗·卡朋特/乔尔·麦克哈尔,动作/动画/冒险
片长:,加拿大,克里斯·皮尔恩,又,https://img1.doubanio.com/view/photo/s_ratio_poster/public/p2591913468.jpg,英语,6.4,克里斯·皮尔恩/洛伊丝·劳里/Mark Stanleigh,改编自知名作家露易丝·劳瑞的小说，讲述威乐比家4个孩子认为父母烂透了，他们自己过会更好，于是策划了一场危险的旅行送父母“上路”。同时孩子们和保姆踏上一趟多彩的旅程，寻找“家庭”的真正含义。,威洛比家的孩子们 The Willoughbys,威尔·福特/马丁·肖特/阿莱西娅·卡拉,喜剧/动画
60分钟,日本,尾崎隆晴,IMDb链,https://img1.doubanio.com/view/photo/s_ratio_poster/public/p2579434298.jpg,日语,6.6,蜗牛蜘蛛/仓田英之/黑田洋介,"据说，在这间边境公会中，有个只靠讨伐哥布林就升上银等（第三位阶）的稀有存在……一名女神官成为冒险者后，首次组成队伍出征，就在冒险中陷入了危机。而拯救了她的，正是那名被称为“哥布林杀手”的男人。

　　剑之圣女向哥布林杀手提出了委托，拜托他寻找动身前往歼灭哥布林后就一直下落不明的千金剑士，于是哥布林杀手一行人来到了北方的雪山。不管是遭到袭击的贫穷村落或神秘的礼拜堂，以及这一次哥布林们的行动，这一切在哥布林杀手眼里都显得有些不太对劲。",哥布林杀手：哥布林的王冠 ゴブリンスレイヤー GOBLIN'S CROWN,梅原裕一郎/小仓唯/东山奈央,动画
片长:,法国,纪尧姆·皮埃雷,又,https://img9.doubanio.com/view/photo/s_ratio_poster/public/p2606913994.jpg,法语,6.3,纪尧姆·皮埃雷/奥尔本·勒努瓦/卡梅尔·吉姆拉,利诺是一位天才机械师，擅长建造冲压汽车，之后因为盗窃犯错被捕。缉毒特别执法部门的主管发掘了他，并向他提出了一项可以逃避牢狱之灾的交易。九个月后，利诺证明了自己的价值。但由于被冤枉成谋杀犯，别无选择的他必须找到证明自己清白的唯一证据—在失踪汽车里藏着的那枚杀人的子弹。,罪证子弹 Balle perdue,奥尔本·勒努瓦/尼古拉斯·迪佛休尔/朗齐·贝迪亚,动作
2020-02-28,挪威 / 美国 / 英国,安德烈·艾弗道夫,104,https://img2.doubanio.com/view/photo/s_ratio_poster/public/p2602870532.jpg,挪威语 / 英语,5.5,安德烈·艾弗道夫/Norman Lesperance/Geoff Bussetil,故事讲述一位挪威裔神秘男子，让碰到自己的少年突然自燃，并被控谋杀罪名。在接受审问之前，一位心理医师惊人发现，他竟然拥有无法控制的超自然能力，而这股力量可能来自于北欧神话，于是她决定帮助这位神秘男子逃狱，一同踏上寻找真相的旅途。,超能追缉 Mortal,纳特·沃尔夫/Priyanka Bose/Iben Akerlie,动作/奇幻/冒险
2020-01-31,英国,瑞德·穆拉诺,109,https://img1.doubanio.com/view/photo/s_ratio_poster/public/p2569141647.jpg,英语,5.0,马克·伯内尔,根据MarkBurnell所著“StephaniePatrick”系列小说四部曲的首部改编，女主Stephanie的生活在家人遭遇空难后分崩离析，她开始沉溺于酒精、毒品、卖淫之中。当她发现空难其实是一场谋杀案后，决定脱离苦海探索事情真相。这不是一本惊悚复仇小说，虽然女主角要踏上这一道路。这是一个关于自我救赎的故事，她必须要从过去扮演的多个角色里清醒过来，认清自己到底是谁。作为妓女，她名叫Lisa，金发惹火；随后从一名无政府主义变成恐怖分子的雇佣兵，化名PetraReuter；偶尔作为瑞士女商人MarinaGaudenzi或美国学生SusanBranch，亦或是英国业务顾问ElizabethShepherd。无论是谁，她都不是自己，因为她的生活基于她扮演的角色，这是她服务的秘密机构所履行的准则。而当她爱上FrankWhite后，身份危机逐...,节奏组 The Rhythm Section,布蕾克·莱弗利/裘德·洛/斯特林·K·布朗,动作/悬疑/惊悚
2020-01-25,中国大陆,代艺霖,102,https://img2.doubanio.com/view/photo/s_ratio_poster/public/p2585229352.jpg,汉语普通话,5.9,元春,孙悟空大闹天宫被压五指山后，天蓬元帅领命下界击杀孙悟空以绝后患。在人间的天蓬巧遇捉妖师宝儿与她的捉妖团，几人一行上路寻找五指山，过程一波三折，天蓬大起大落，历尽劫难后悟得大爱，终成长为大天蓬。,大天蓬,应昊茗/王艺哲/连凯,剧情/爱情/古装
片长:,美国,大卫·道金,IMDb链,https://img2.doubanio.com/view/photo/s_ratio_poster/public/p2608079562.jpg,英语,6.7,威尔·法瑞尔/安德鲁·斯蒂尔,雄心壮志的冰岛音乐人拉斯和席格芮得到千载难逢的机会，代表国家参加全球最盛大的歌唱比赛。他们终于有机会证明：值得做的梦，就值得勇敢去追。,欧洲歌唱大赛：火焰传说 Eurovision Song Contest: The Story of Fire Saga,威尔·法瑞尔/瑞秋·麦克亚当斯/丹·史蒂文斯,喜剧/音乐
上映日期:,日本,朝仓加叶子,片,https://img3.doubanio.com/view/photo/s_ratio_poster/public/p2570984810.jpg,日语,6.0,高桥泉,杉野遥亮饰演因大学考试失败宅在家中的黑须越郎，他企图上吊自杀没能成功，墙壁开了个洞，他可以看到福原遥饰演的美丽邻居宫市的生活，逐渐喜欢上她，然而某天他竟然看到对方杀人的一幕，偷窥一事也曝光了，黑须告白了心中的爱，于是两人开始交往。,羊与狼的恋爱和杀人 羊とオオカミの恋と殺人,杉野遥亮/福原遥/江野泽爱美,剧情/悬疑/恐怖
2020-02-26,巴西,丹尼尔·诺拉斯科,110,https://img1.doubanio.com/view/photo/s_ratio_poster/public/p2587015967.jpg,葡萄牙语,6.5,丹尼尔·诺拉斯科,在工作，游泳和匿名性之间，桑德罗在巴西戈亚斯（Goiás）炎热而干旱的地区过着单调的生活。当看起来像芬兰汤姆漫画的麦孔（Maicon）出现在他的小镇时，他的生活发生了转变。,干燥的风 Vento Seco,Leandro Faria Lelo/Allan Jacinto Santana/Renata Carvalho,剧情/情色/同性
上映日期:,日本,木村尚,片,https://img3.doubanio.com/view/photo/s_ratio_poster/public/p2570964511.jpg,日语,5.6,莳田光治/今村昌弘 Masahiro Imamura,没有事件可解，便无法称之侦探──号称「福尔摩斯」的大学生侦探明智恭介（中村伦也饰），不顾助手叶村让（神木隆之介饰）劝阻，缠上电影研究社社长，因为社内怪事连连：社员自杀、短片出现恐怖人脸、即将举办的合宿收到恐吓字条，令许多社员心生退意。然而，别人的麻烦正是侦探的乐趣，明智死缠烂打想参加合宿却无法说服社长。苦恼时，神祕的美少女侦探剑崎比留子（滨边美波饰）现身解围，以「不问她目的」和「她一同参加」为条件，让明智与叶村混进其中。,尸人庄杀人事件 屍人荘の殺人,神木隆之介/滨边美波/中村伦也,剧情/悬疑/惊悚
片长:,中国大陆,钟沐龙,又,https://img1.doubanio.com/view/photo/s_ratio_poster/public/p2597062109.jpg,汉语普通话,6.4,樊俊航/KIYO/刘北辰/夏磊/张杰/吴磊/孟祥龙/孙晔,改编自动漫IP《西行纪》，天界公主素衣在凡间与孙悟空结识，情投意合。但悟空却被其他天神当成凡间妖物暴力对待，镇压在了五指山下。三百年来，如来大神用行动感化悟空，教会悟空如何坚守心中正义。孙悟空保护唐三藏前往彼岸世界取回创世之火以造福世间，历经波折后终于归来，却发现巨大的阴谋浮出水面，师徒几人的命运也就此被改写。,西行纪之再见悟空,樊俊航/KIYO/刘北辰,动作/动画/奇幻
2020-01-31,加拿大 / 爱尔兰 / 美国 / 南非,奥兹·珀金斯,87,https://img3.doubanio.com/view/photo/s_ratio_poster/public/p2576929851.jpg,英语,5.4,罗布·海斯,"描述葛丽特与汉赛尔被抛弃在黑森林中，试图找寻食物，却误入女巫预备丰盛佳肴的屋子。

　　故事发生在很久很久以前，在一个遥远的村庄，女孩葛丽特（索菲娅·莉莉丝饰）带着弟弟韩赛尔进入一片幽暗密林，饥寒交迫的两人原本希望可以在这里找到食物和工作，却遇上了令人恐惧的邪恶存在……",格蕾特和韩塞尔 Gretel & Hansel,索菲娅·莉莉丝/艾丽丝·克里奇/杰西卡·德·古维,惊悚/恐怖/奇幻
片长:,英国 / 意大利,詹姆斯·达西,又,https://img2.doubanio.com/view/photo/s_ratio_poster/public/p2612140333.jpg,英语,6.6,詹姆斯·达西,一位画家（连姆·尼森LiamNeeson饰），带着他关系疏远的儿子（米切尔·理查德森MicheálRichardson饰），两人从伦敦返回义大利，想出售已故妻子多年前一起生活过的房子。不过这栋房子年久失修，客厅墙壁还有一大片难以理解的彩绘，导致完全没人想买下这栋房子。两人只好试图与当地居民，一同运用手边仅有的工具，开始修缮这栋老旧房屋。同时，这对父子也没想到，当他们放下繁忙生活，来到义大利托斯卡纳乡间，似乎也开始找到属于他们的未来……,意大利制造 Made in Italy,尤兰达·凯罗/米切尔·理查德森/舒雅德·法瑞斯,喜剧
2020-02-14,瑞典 / 挪威 / 比利时,约阿希姆·赫登,80,https://img9.doubanio.com/view/photo/s_ratio_poster/public/p2622486285.jpg,瑞典语 / 挪威语,6.4,约阿希姆·赫登,挪威的一次冬季潜水之旅变成了两姐妹的惊魂之旅，在潜水过程中其中一人被落石困在了海底，此时必须与时间赛跑，因为氧气在悄悄的流失。,破浪而出 Breaking Surface,莫娅·甘默尔/玛德琳·马丁/特赖因·威根,剧情/动作/惊悚
片长:,中国大陆,周圣崴,又,https://img3.doubanio.com/view/photo/s_ratio_poster/public/p2611820311.jpg,汉语普通话,7.5,彭锋/周圣崴,《女他》之后“我”陷入创作瓶颈，在采访身边艺术家朋友如何突破瓶颈期之际，偶然在一间艺术家工作室里撞见一具姿势诡异的艺术家尸体，在好奇心和创作欲的驱使下，“我”开始拿着摄影机调查这个死去的艺术家，随之而来的事情也变得越来越奇怪和……不可控……,艺术死了,刘刚/杨卫/郑林,剧情/悬疑
片长:,印度,Homi Adajania,又,https://img9.doubanio.com/view/photo/s_ratio_poster/public/p2585940954.jpg,印地语,6.6,Bhavesh Mandalia/Gaurav Shukla/Vinay Chhawal/Sara Bodinar,电影讲述了一位父亲与他渴望出国留学的女儿之间的故事，同时展现了父亲为实现女儿的梦想面临的种种困难，以及想方设法克服困难的过程。,起跑线2 Angrezi Medium,伊尔凡·可汗/卡琳娜·卡普尔/Radhika Madan,剧情/喜剧
片长:,中国大陆,张浩,又,https://img9.doubanio.com/view/photo/s_ratio_poster/public/p2617976005.jpg,汉语普通话,6.6,阚犇犇/郑胖/李阳/张涛/董政/吴尔渥/李野/蓝波/郑子好/李超龙,大伟，夜班出租车司机。一夜大伟偶遇同学，经引诱喝了酒，导致途中意外撞人。大伟虽然内心恐惧但还是选择自首，谁知这个案件却引出了另一起恶性刑事案件，大伟主动协助警方破获案件，同时也完成了对自己心灵的救赎。,四平青年之三傻罪途,阚犇犇/郑胖/李阳,剧情/喜剧/犯罪
2019-12-27,中国大陆,李少红,103,https://img1.doubanio.com/view/photo/s_ratio_poster/public/p2576622878.jpg,汉语普通话,4.7,史建全/李萌,1949年1月，中国人民解放军将国民党50万军队围困于平津地区，总攻在即。是否能和平解放北平，取决于天津一战。此时的天津城内，暗堡、工事林立，士兵荷枪实弹进入状态，大战前的天津城已是一座炼狱。为了总攻的发动扫平道路，解放军炮兵侦察连连长蔡兴福、侦察兵马宝树、报务员廖枫、炮兵见习参谋葛贵忱四人临危受命，组成解放炮兵侦察别动队，乔装潜入天津城。此时，负责转移北平守军眷属的国军军需官姚哲在宪兵营长钱卓群的暗算下成为通缉犯，带女儿出逃时恰好与进城的蔡兴福一行人相遇，蔡兴福挟持姚哲欲完成任务。随着目标任务的逐步明晰，姚哲被暗算背后的秘密、钱卓群企图破坏北平和谈的阴谋、蔡兴福失踪儿子的下落都渐渐浮现出来……,解放·终局营救,周一围/钟汉良/钟楚曦,剧情/历史/战争
片长:,日本,游川和彦,IMDb链,https://img1.doubanio.com/view/photo/s_ratio_poster/public/p2581063838.jpg,日语,6.2,游川和彦,本片讲述了互相怀有好感的弥生（波瑠）与太郎（成田凌）两位主角从十几岁到五十岁的半生。他们在几十年里各自结婚生子，却又遇到各种困难，然而两人总是相互陪伴，不曾远离。,弥生、三月：爱你30年 弥生、三月 -君を愛した30年-,波瑠/成田凌/杉咲花,爱情
片长:,美国,加文·欧康诺,又,https://img1.doubanio.com/view/photo/s_ratio_poster/public/p2584332087.jpg,英语,6.7,布拉德·英格尔斯比/加文·欧康诺,一个曾经的篮球明星在与酒瘾作斗争时失去了妻子与家庭，为了能够找回自我选择回到母校为一支高中篮球队做教练，同时也要继续防止自己再次被酒瘾控制。,回归之路 The Way Back,本·阿弗莱克/詹妮娜·加万卡/麦可拉·沃金丝,剧情/运动
2020-03-13,美国,朱莉·哈特,103,https://img1.doubanio.com/view/photo/s_ratio_poster/public/p2597603729.jpg,英语,6.8,克里斯汀·哈恩/约旦·霍洛维茨/Jerry Spinelli,讲述一个海鸥乔纳森一般无拘无束、有自己信念的“怪女孩”Stargirl(VanderWaal饰演)，她也会弹尤克里里，会在每一个同学生日时自弹自唱为他们献上生日歌。,星星女孩 Stargirl,吉安卡罗·埃斯波西托/达比·斯坦奇菲尔德/卡兰·布拉尔,剧情/喜剧/爱情
2019-12-27,印度,拉吉·梅塔,131,https://img1.doubanio.com/view/photo/s_ratio_poster/public/p2574697967.jpg,印地语 / 英语,6.6,乔蒂·卡普尔/里沙卜·沙玛/拉吉·梅塔,"印度孟买，结婚七年一直没有孩子汽车销售员巴特拉·瓦伦与新闻女记者迪普提，决定到医院人工授精。在已经移植成功后，医院告知精子与另一对叫巴特拉的搞混。瓦伦很伤心，一度不想要这个孩子要求迪普提打胎。另一对巴特拉夫妻担心堕胎，赶紧搬到瓦伦家楼上。两对夫妻从开始的冲突，到后期的和谐相处。

　　七月后，另一对巴特拉妻子早产一女儿。再过二月后，迪普提生下一儿子。

　　受精医院的院长及妻子的宣传视频上，给病人受精成功就是“好消息”GoodNews，片名是直译。可能香港的片名：BB驾到，翻译得更好",好消息 Good Newwz,阿克谢·库玛尔/卡琳娜·卡普尔/迪尔吉特·多桑,剧情/喜剧/爱情
片长:,日本,佐藤东弥,又,https://img9.doubanio.com/view/photo/s_ratio_poster/public/p2572823044.jpg,日语,5.4,福本伸行/德永友一,2020年，在东京奥运结束后，日本的景气突急速低迷，变成贫穷的弱者能轻易被击垮的社会。被派遣公司当成傻子，领微薄的薪水过着堕落生活的伊藤开司（藤原龙也饰），某天再次遇见了成为帝爱集团社长的大槻太郎，大槻告诉开司在某位有钱长者所举办的活动中，能够一获千金的机会…,赌博默示录3 カイジ ファイナルゲーム,藤原龙也/福士苍汰/关水渚,剧情
片长:,中国大陆,萨拉雷,又,https://img1.doubanio.com/view/photo/s_ratio_poster/public/p2615551979.jpg,汉语普通话,5.8,韦琪 V7,该部作品是由《雄兵连》系列作品分支出来的核心环节。在该部大电影中，孙悟空以斗战胜佛身份出现，一个活在现代与外星文明对抗的超级英雄，与烈阳文明之间、帝蕾娜之间会有怎样一段巅峰对决？,烈阳天道,林强/云鹤追/赵成晨,科幻/动画
片长:,中国大陆,麦贯之,又,https://img2.doubanio.com/view/photo/s_ratio_poster/public/p2614313063.jpg,汉语普通话,5.1,韩栋/张予曦/王艺曈/李若天/肖向飞/陶慧敏/温海波,"由蒲松龄原著《聊斋志异.连城》篇改编。

　　荒郊野地，客栈杀机，晋宁城内多名男子变干尸。谜案频发，风波直起，传说是女妖现世所为，真凶到底如何隐匿于人间？捉妖师顾仕杰与妖魔混战，侠魔斗法，天昏地暗。

　　史孝廉家二美齐聚，相貌倾国的连城巧遇同样是俏艳佳人的表姐宾娘，引得纨绔公子王化成垂涎，这番“势在必得”又引起怎样的腥风血雨",美人皮,韩栋/张予曦/王艺曈,爱情/悬疑/奇幻
2020-01-20,中国大陆,邱玉洁,68,https://img1.doubanio.com/view/photo/s_ratio_poster/public/p2581595568.jpg,汉语普通话,5.0,邱玉洁,钟童卉是一个默默无闻的平面模特，幼年时曾目睹母亲自杀，从此噩梦缠身。某天工作间隙，童卉接到了一封神秘的葬礼邀请信，死者是童卉的富豪姨妈。童卉来到了姨妈的偏僻豪宅，认识了隔壁温文尔雅的方太太，还结识了同来参加葬礼的帅哥李百乐。与此同时，母亲自杀时的场景又在童卉的噩梦中出现，更可怕的是，卧室的浴缸里渗出了血水。童卉随李百乐悄悄调查，看到姨妈的房间像是仍有人住。童卉的疑惑日渐增多，唯有李百乐的陪伴是她唯一的安慰。某日两人散步时却路遇一对歹徒，歹徒骂李百乐忘恩负义，改名换姓做起小白脸。当歹徒将李百乐的戒指抢走时，李百乐顿时像是换了一个人，他的眼神里露出惊恐和无奈，嘴里蹦出一个词：救我！,夺皮,安然/黄铄/鲍起静,悬疑/惊悚/恐怖
片长:,美国,尼古拉斯·佩谢,又,https://img3.doubanio.com/view/photo/s_ratio_poster/public/p2571068461.jpg,英语,4.7,尼古拉斯·佩谢/杰夫·布勒/清水崇,一名年轻的单亲妈妈兼警探莫顿发现郊区的一间房子遭到一个复仇怨灵所诅咒，这使进入房子内的人都会惨死。进入被诅咒的屋子中的她们必须设法从中救出自己和她的儿子，以免受怨灵的袭击。,新咒怨(美版) The Grudge,安德丽娅·赖斯伯勒/德米安·比齐尔/约翰·赵,悬疑/恐怖
88分钟,美国,布兰登·特罗斯特,IMDb链,https://img1.doubanio.com/view/photo/s_ratio_poster/public/p2615442468.jpg,英语,5.7,西蒙·里奇,由常与罗根合作的摄影师BrandonTrost执导，改编自刊登于2013年《纽约客》的中篇小说《SellOut》，原作者SimonRich写剧本。罗根一人分饰两角，之一是1920年代移民到美国的劳工HerschelGreenbaum，他不慎跌进了一缸泡菜，被腌了一百年，保持了完美的形态。百年后的如今，Greenbaum在纽约布鲁克林醒来，身体没有丝毫苍老。他去寻找自己现在的家人，却发现只有曾孙BenGreenbaum(也是罗根出演)尚存。Ben是个性格温和的程序猿，Herschel完全无法理解他。,美国泡菜 An American Pickle,塞斯·罗根/莎拉·斯努克/玛雅·厄斯金,喜剧
片长:,德国,库尼特·卡亚,又,https://img2.doubanio.com/view/photo/s_ratio_poster/public/p2598183803.jpg,德语 / 英语,6.5,库尼特·卡亚/约翰尼斯·昆克尔,《地产老千起落记》讲述了两个房地产骗子的崛起和没落。维克多·施泰纳（大卫·克劳斯饰）、盖瑞·福克兰（弗雷德里克·劳饰）和银行家尼可尔·克勒博（亚妮娜·乌泽饰）在短时间内暴富。但很快，他们就陷入了一个满是谎言、欺诈和欺骗的漩涡之中，而且越陷越深，直到某一刻，他们完全忘记了现实，不得不决定他们真正看重的是什么。,地产老千起落记 Betonrausch,大卫·克劳斯/弗雷德里克·劳/艾米丽·高斯,剧情/喜剧
片长:,韩国,崔元燮,又,https://img1.doubanio.com/view/photo/s_ratio_poster/public/p2583254358.jpg,韩语,6.5,崔元燮,"特务变身网漫作家，史上最ㄎㄧㄤ斜槓人生？

　　韩国国家情报局秘密组织「防牌鸢」，专将孤苦无依的小孩培训成顶尖特务，其中身手矫健的特务阿俊(权相佑饰)由魔鬼教头千德奎(郑俊镐饰)亲自训练，他快狠准的身手一举歼灭无数罪犯，成为恐怖份子都闻之丧胆的金牌特务…然阿俊心裡却有个小小梦想－成为超人气网路漫画家！

　　于是，他决定在一次任务中诈死脱身，隐姓埋名努力画画15年，但他的漫画却被网民嫌到爆，甚至被讥为靠太太美娜(黄雨瑟惠饰)养的中年鲁蛇。

　　某夜鬱鬱不得志的阿俊藉酒消愁，将他的特务人生画成漫画上传一夕爆红，无心之举掀起网民空前轰动，更引来情报局和恐怖份子的大追杀…",漫画威龙之大话特务 히트맨,权相宇/郑俊镐/黄雨瑟惠,喜剧/动作
2020-10-09,美国,吉姆·卡明斯,83,https://img2.doubanio.com/view/photo/s_ratio_poster/public/p2620525313.jpg,英语,5.6,吉姆·卡明斯,吉姆·卡明斯自编自导并参与演出的惊悚黑色喜剧[雪谷之狼](TheWolfofSnowHollow，暂译)发布第一批剧照，吉姆扮演正在戒酒的混混警官，他坚信小镇来了连环杀手，但小镇居民却认为那是一个狼人。瑞琪·琳德赫姆扮演他理智的搭档，去年十月过世的罗伯特·福斯特则扮演他的父亲、也是小镇警长，这是福斯特最后一次大银幕演出。本片将于10月9日登陆院线。,雪谷之狼 The Wolf of Snow Hollow,瑞琪·琳德赫姆/吉米·塔特罗/罗伯特·福斯特,喜剧/惊悚/恐怖
片长:,美国,斯派克·李,又,https://img9.doubanio.com/view/photo/s_ratio_poster/public/p2604552976.jpg,英语 / 芬兰语,6.1,丹尼·比尔森/保罗·德米奥/凯文·威尔默特/斯派克·李,荣获奥斯卡金像奖的斯派克·李为我们带来了全新作品，这个故事讲述了四个非裔美国退伍军人返回越南的故事。他们前去寻找死去的队长（查德维克·博斯曼饰演）的遗体和埋藏的宝藏。在对抗人与自然的力量的同时，我们的英雄们还要面对越南战争中的残暴行径所带来的持久破坏。,誓血五人组 Da 5 Bloods,德尔罗伊·林多/乔纳森·梅杰斯/克拉克·彼得斯,剧情/战争
2020-02-14,中国大陆,潘礼平,75,https://img2.doubanio.com/view/photo/s_ratio_poster/public/p2585715592.jpg,汉语普通话,5.8,王骏/赵月冰/王帅,"天真派《红楼梦之桃花诗社》改编自四大名著之首的《红楼梦》，讲述了金陵十二钗副册和又副册之首香菱、晴雯的人生。香菱的故事，好比林黛玉的前传；晴雯则更似黛玉，历来研究认为“晴为黛影”。故事从桃花诗社展开，藉由宝黛钗，引出了香菱和晴雯“梦幻情缘”，“薄命儿女”的命运。香菱学诗贯穿了她整个人生，梨香院中，夏金桂对她百般刁难，竟被折磨致死。晴雯生性娇俏，让袭人和小丫鬟坠儿心生嫌隙，最终王夫人将重病的晴雯赶出大观园。

　　宝玉魂归太虚幻境孽海情天，与黛玉、晴雯、香菱相见，得知前世本为神瑛侍者，黛玉原是绛珠仙草，为偿还侍者的灌溉之情，用凡间一世眼泪偿还，再生为三生石旁一株仙草。",天真派：红楼梦之桃花诗社,邓琳漾/陈舒宜/段智文,剧情/儿童/古装
2020-01-24,日本,今泉力哉,127,https://img2.doubanio.com/view/photo/s_ratio_poster/public/p2574209492.jpg,日语,6.7,浅田淳,"《小小夜曲》日本名導今泉力哉最新BL影集，萬眾期待電影版推出前必修前傳

　　即使這個世界尷尬又沮喪，至少還有純真的愛情故事。17歲的日比野渚就讀高中二年級，他與父母分隔兩地、獨自住在神奈川縣藤澤市的海邊小鎮。渚熱愛衝浪，並在江之島一家旅館的澡堂打工。某天，與渚同年紀的井川迅放春假前往該地遊玩，邂逅的兩人發展出一段友達以上的純純愛戀，但衝浪店老闆的女兒千歌其實早已暗戀渚許久……",他的 His,宫泽冰鱼/藤原季节/松本若菜,剧情/同性
片长:,日本,武正晴,又,https://img2.doubanio.com/view/photo/s_ratio_poster/public/p2574742822.jpg,日语,6.4,今井雅子/足立绅,"导演武正晴X编剧足立绅话题电影<嘘八百>将推出续集。

　　故事依然围绕着古物商人和陶器家展开，故事主舞台从堺转到了京都，中井贵一继续搭档佐佐木藏之介，广末凉子参演。

　　2020年新春公映。",谎话连篇2 嘘八百 京町ロワイヤル,中井贵一/佐佐木藏之介/广末凉子,喜剧
片长:,中国大陆,何佳男,又,https://img1.doubanio.com/view/photo/s_ratio_poster/public/p2616754749.jpg,汉语普通话,3.2,余诗龙/仇星,北魏年间，新君登基，时局未稳，游牧民族柔然对大魏虎视眈眈。为牵制柔然，公主和亲北凉，不料被柔然猛将绵尔图设计掳走。绵尔图挟持公主提出让大魏交出十座城池的耻辱条约，因接应公主失败而被问责的花木兰临危受命，力排众议启用死囚慕容狄，和手下一众精英将士组成突袭小队，勇闯幽冥域，巧入云中城，营救公主。割城让地的两日之限在即，突袭小队能否救出公主守护大魏，一切都还未知……,花木兰之大漠营救,张冬/谷尚蔚/杜玉明,动作/冒险
369分钟,德国 / 乌克兰 / 英国 / 俄罗斯,伊利亚·赫尔扎诺夫斯基,IMDb链,https://img2.doubanio.com/view/photo/s_ratio_poster/public/p2596414052.jpg,俄语 / 英语,6.9,伊利亚·赫尔扎诺夫斯基/伊利亚·佩尔米亚科夫,一家秘密的苏联研究所结合了科学和神秘实验，旨在创造理想的人。该研究涉及所有员工：特权量子物理学家，克格勃官员，厨房员工边缘人员和政治上激进的测试对象。研究所的居民发现自己身处深处的生存危机中，被逼向悲惨和暴力的结局。,列夫·朗道：退变 DAU. Degeneratsia,Vladimir Azhippo/Dmitry Kaledin/Olga Shkabarnya,剧情
片长:,印度,吉图·乔瑟夫,IMDb链,https://img3.doubanio.com/view/photo/s_ratio_poster/public/p2576493611.jpg,印地语 / 英语,6.1,奥里奥尔·保罗/拉拉·森迪姆,"改编自2012年西班牙悬疑剧《女尸迷案》。

　　10年前的某夜，两辆汽车发生肇事后，一辆车将另外一辆车撞下悬崖。

　　10年后，霸道有钱的女高管，从美国回来当天心脏病突发死亡，结果当晚尸体在殡仪馆失踪。赶来的刑警，要求女高管丈夫来殡仪馆接受调查。在殡仪馆调查期间，丈夫多次发现女高管的痕迹，认定女高管未死。丈夫终于向刑警老实交代：自己出轨女学生，为了夺取女高管财产，设计了心脏病死亡的假象。此时，刑警开始露出真容，原来当年交通事故中死亡的是刑警的妻子，刑警女儿为了复仇和丈夫搞婚外恋，唆使丈夫杀害女高管。",消失的尸体 The Body,Sobhita Dhulipala/埃朗·哈斯米/里希·卡普尔,悬疑/惊悚
90分钟,中国大陆 / 中国香港,周洲,IMDb链,https://img1.doubanio.com/view/photo/s_ratio_poster/public/p2616544817.jpg,汉语普通话,6.2,周洲/池韵,本片是周洲继《美丽》后的第二部作品，同样由池韵主演。主角是患有癫痫的女孩，追逐舞蹈的梦想，她在爱情、亲情和梦想间浮沉，走向绝望的同时又给予她新生。,花这样红,池韵/孟令伟/王美莉,剧情
89分钟,中国大陆,宋方,IMDb链,https://img1.doubanio.com/view/photo/s_ratio_poster/public/p2617989097.jpg,汉语普通话,5.7,宋方,林同是一位三十出头的女性，从事纪录片的拍摄工作。与多年相处的男友分手之后，她的情绪陷入低谷。她选择自己默默面对。在内心痛苦的同时，依然保持对世界的感知和观察。随着时间和生活的继续，个人的痛楚渐渐平复。,平静,齐溪/渡边真起子/许一诺,剧情
片长:,美国,蕾琪儿·戈登堡,又,https://img2.doubanio.com/view/photo/s_ratio_poster/public/p2617781422.jpg,英语,6.8,詹妮·亨德里克斯/蕾琪儿·戈登堡/比尔·帕克/詹尼弗·凯廷·罗宾逊/泰德·卡普兰,"女孩Veronica(理查森)发现自己怀孕了，她只能和有车的“前”好友Bailey(Ferreira)一起上路，寻求合法堕胎：Veronica的男友很窝囊，她自己也不想这么年轻就当妈妈，不然会影响她的常春藤大学梦。而她所在的美国密苏里州规定未成年人必须有父母同意才能堕胎，她的父母并不同意。Veronica决定旅行900英里，去新墨西哥州堕胎后回家。

　　Veronica是个沉迷于ins、成绩优秀、雄心勃勃的好学生，而Bailey是个孤独、毒舌的酷儿，对Veronica的新朋友们忍耐度为零。这样两个人怀着这样的目标一起上路，途中行差踏错，既有动情之处，又有幽默。",未怀孕 Unpregnant,海莉·露·理查森/芭比·费雷拉/吉安卡罗·埃斯波西托,剧情/喜剧
98分钟,意大利 / 瑞士,达米亚诺·迪诺森佐,IMDb链,https://img9.doubanio.com/view/photo/s_ratio_poster/public/p2583131124.jpg,意大利语,6.7,达米亚诺·迪诺森佐/法比欧·迪诺森佐,炎热的夏天，在罗马郊区的一个贫困居民区里，许多家庭无处可去只得住在这里。这里随时都有一种可能爆发什么事的神秘不安感。父母们一直处于沮丧的状态，因为他们不是来自更好的郊区，而他们所希望的中产阶级生活也超出了他们的承受能力，最终他们的孩子却是这场风波的真正主角，风波将整个社区推向崩溃。,烂故事 Favolacce,埃利奥·杰曼诺/汤玛索·迪·柯拉/芭芭拉·奇基亚雷,剧情
2020-09-24,德国,法拉兹·沙里亚特,92,https://img1.doubanio.com/view/photo/s_ratio_poster/public/p2586635577.jpg,德语 / 波斯语 / 阿拉伯语,6.6,法拉兹·沙里亚特/Paulina Lorenz/Jan Künemund,影片围绕德籍伊朗人帕尔维斯的生活展开，他所接触的流行文化、成人约会与狂欢，并通过他的难民同胞巴娜菲什与阿蒙，共同探索他的根源。,第三将来时 Futur Drei,本尼·拉德杰鲍尔/巴娜芙茜·霍尔玛兹蒂/埃迪恩·杰拉里,剧情/同性
2019-12-12,中国大陆,西蒙·韦斯特,97,https://img2.doubanio.com/view/photo/s_ratio_poster/public/p2576728533.jpg,汉语普通话 / 英语,4.4,卜维/西德尼·金,"天火岛美得如同世外桃源，几乎让人忘记它位于“RingofFire”——全球知名的环太平洋火山带。年轻的地质学家李晓梦为了研发首个火山监测系统“朱雀”，带着团队来到了这里。李晓梦的父亲、隐退多年的火山专家李文涛得知后赶到火山口，力图劝说她离开。与此同时，探险专家正楠在美轮美奂的水下溶洞潜水，准备给女友佳慧一个浪漫的求婚……

　　火山喷发了，这些人的命运纠结在一起。为了看见明天的太阳，他们必须与过去和解，合力为自己也为众生在绝境中寻找一条生路。这是一个关于爱与勇气、选择与放弃、自救与他救的中国式英雄的故事。",天·火,王学圻/昆凌/窦骁,动作/冒险/灾难
片长:,印度,Hitesh Kewalya,又,https://img9.doubanio.com/view/photo/s_ratio_poster/public/p2593528124.jpg,印地语,7.4,Hitesh Kewalya,一对同性恋人卡迪克和哈曼回乡参加堂姐的婚礼，浪漫不羁的卡迪克希望男友向家人正式出柜，结果在迎亲列车上两人天雷勾动地火的热吻被老父提前发现，差点引发一场心脏病。老父从此把卡迪克视为眼中钉，想尽办法要棒打鸳鸳，甚至给哈曼安排了包办婚姻。但想结婚似乎也没那么容易——几乎在同一时间，印度最高法院正在就同性恋是否为犯罪进行着一场世纪辩论…,真雄起 Shubh Mangal Zyada Saavdhan,阿尤斯曼·库拉纳/吉滕德拉·库马尔/加杰拉吉·拉奥,喜剧/同性
片长:,中国大陆,丁小洋,又,https://img1.doubanio.com/view/photo/s_ratio_poster/public/p2601376569.jpg,汉语普通话,6.8,曹得乐/陈子豪/林男男,私营小老板王唯正在为养生馆的经营焦头烂额时，二十年前阴差阳错加入科考队而失踪多年的父亲王德志突然出现在面前。时隔二十年，父亲竟然容貌未老，记忆错乱，仿佛从另一个时空而来。父亲向王唯讲起当年科考队的故事：一行人驾车进入荒漠进行科学勘察，准备返程时，发现了一艘本该出现在地球另一端的潜水艇。更令人意想不到的是，潜水艇中有一枚来自外星的“双鱼陨石”，任何人一旦触碰将开启平行时空，带来另一个时空的自己，为了活命，只得展开了一场厮杀……,双鱼陨石,丁溪鹤/李凯/郭晓明,奇幻/冒险
片长:,美国,蒂姆·希尔,又,https://img1.doubanio.com/view/photo/s_ratio_poster/public/p2617178327.jpg,英语,6.0,汤姆·J·阿瑟尔/马特·恩贝尔/罗伯特·金梅尔·史密斯,影片改编自罗伯特·金梅尔·史密斯1984年出版的同名童书，故事围绕一个小男孩的“卧室保卫战”展开。,祖孙大战 The War with Grandpa,罗伯特·德尼罗/乌玛·瑟曼/劳拉·马兰洛,喜剧
107分钟,中国大陆,高鸣,IMDb链,https://img1.doubanio.com/view/photo/s_ratio_poster/public/p2577338648.jpg,汉语普通话 / 粤语,5.6,高鸣/刘兵,一对年轻的情侣小东和杜鹃住在城中村，日子过得磕磕碰碰。游乐城倒闭变成饮食城，为了在饮食城重建小舞台，小东留下暂时做了守湖保安。在守湖过程中，他认识了前来放生的女孩园园。杜鹃是个花艺师，在花店打工。杜鹃经常到客户龙老师家插花。龙老师特别神秘，年轻的杜鹃被龙老师这种神秘气息吸引。小舞台重建未果，小东被辞退。回家帮女友经营起“小丑花店”，女友要求小东扮成小丑送花。送花之余，小东会去园园家。园园以前是某剧团的舞蹈演员，后来因为感情问题离开了舞台。四个人的关系渐渐错位。暧昧的背后，都有不为人知的一面。在他们的彼此映照中，回南天悄然而至……,回南天,黄宇聪/陈宣宇/梁龙,剧情
109分钟,中国大陆,丁晟,IMDb链,https://img9.doubanio.com/view/photo/s_ratio_poster/public/p2576871245.jpg,汉语普通话,5.2,许阳/丁晟/贾志杰,《特警队》是华语内地警匪片中第一部完全以特警为主角的电影，影片以真实的特警精英队伍“蓝剑突击队”为人物原型，讲述了特警队员们对内在实战演练中互相博弈，置身训练场不断淬炼自我，场场来真的；对外无惧艰险，深入虎穴，齐心协力捣毁制毒基地、解救线人，共同守护城市安全的故事。,特警队,凌潇肃/贾乃亮/金晨,动作
88分钟,波兰,马里乌什·维尔琴斯基,IMDb链,https://img1.doubanio.com/view/photo/s_ratio_poster/public/p2585107469.jpg,英语 / 波兰语,7.1,阿格涅什卡·西伯/马里乌什·维尔琴斯基,描绘主角失去挚爱后，将他童年时代的卡通偶像与文学英雄藏在记忆深处。多年来，他在充满想像力的城市中，与这些英雄们同在，只是他发现自己已经长大，再也回不去永恒、不存在的青春岁月，他必须回到现实世界。,杀掉它，然后离开这个小镇 Zabij to i wyjedź z tego miasta,安杰伊·瓦伊达/玛雅·奥丝塔泽斯卡/达尼尔·奥勒布里斯基,动画
2020-08-21,美国,西娅·夏罗克,95,https://img3.doubanio.com/view/photo/s_ratio_poster/public/p2613338041.jpg,英语,6.7,麦克·怀特/凯瑟琳·阿普尔盖特,"根据同名获纽伯瑞大奖小说改编，KatherineApplegate写作，PatriciaCastelao绘制插图。

　　聚焦一只名叫Ivan的银背大猩猩，他与名叫Stella的大象和名叫Bob的流浪狗生活在一所大型购物中心的笼子里。Ivan对此前的生活毫无记忆，而当小象Ruby到来后，Ivan将负责照料她，他也开始逐渐想起过去的经历，拟定计划要逃脱牢笼，避免Stella遭受管理员的虐待。

　　朱莉将为Stella配音，普林斯为Ruby配音。",独一无二的伊万 The One and Only Ivan,山姆·洛克威尔/布莱恩·科兰斯顿/菲莉帕·苏,喜剧/奇幻/冒险
2020-03-13,英国 / 法国,菲莉帕·洛索普,106,https://img9.doubanio.com/view/photo/s_ratio_poster/public/p2577934795.jpg,英语,6.9,盖比·奇亚普/Rebecca Frayn,讲述1970年世界小姐选美比赛是全球亿万观众瞩目的国际盛事，一个新组成的女权组织认为选美是贬低女性，因此极力反对，更于比赛期间在众目睽睽下冲上舞台，扰乱和阻碍比赛进行。虽然她们立即就被逐离场，而比赛亦继续进行，但更触动观众神经的一幕却随即上演：当晚夺冠的佳丽竟然不是大热的瑞典小姐，而是来自西印度群岛岛国格林纳达的JenniferHosten，以黑马之姿成为史上首位获胜的黑人女性。就在短短一小时内，全球观众亲眼目睹父权主义被公然挑战，西方审美观亦被全然颠覆，一场选美翻起千重浪，亦为女权运动打下漂亮的一仗。,品行不端 Misbehaviour,凯拉·奈特莉/杰西·巴克利/古古·姆巴塔-劳,剧情/历史
2020-03-27,日本,盐谷直义,135,https://img1.doubanio.com/view/photo/s_ratio_poster/public/p2586461877.jpg,日语,7.9,冲方丁/深见真/吉上亮,"“正义”，即将开辟新世界。

　　将灵魂数值化的巨大监视网络·西比拉系统维持着人类治安的近未来。在不断改变的世界中，刑警们手持用于测定与犯罪有关的数值“犯罪系数”的枪支“支配者”，追捕着犯下罪行之前的“潜在犯”。

　　本作是于2012年播出的原创电视动画《PSYCHO-PASS心理测量者》的第三期作品，是关于两位新人监视官的故事。慎导灼与炯·米哈伊尔·伊格纳托夫，成为厚生省公安局的刑警，在这个不断改变的世界中追寻着真实。",心理测量者3：第一监视者 PSYCHO-PASS サイコパス 3 FIRST INSPECTOR,梶裕贵/中村悠一/樱井孝宏,动画/犯罪
2020-08-19,阿根廷,塞巴斯蒂安·辛德尔,99,https://img3.doubanio.com/view/photo/s_ratio_poster/public/p2620498291.jpg,西班牙语,7.1,巴勃罗·德尔特索/塞巴斯蒂安·辛德尔,绝望的母亲艾丽西亚竭尽所能阻止其子丹尼尔因谋杀前妻未遂而被判入狱。在这一过程中，艾丽西亚将发现一桩阴谋，这将彻底改变她的生活，并将其变成一个真正的噩梦。,约束的罪行 Crímenes de familia,塞西莉亚·罗特/米格尔·安吉尔·索拉/本杰明·阿玛迪奥,剧情/惊悚/犯罪
115分钟,意大利,弗朗切斯科·阿马托,IMDb链,https://img3.doubanio.com/view/photo/s_ratio_poster/public/p2580781631.jpg,意大利语,7.5,弗朗切斯科·阿马托/马西莫·高迪奥索/达维德·兰蒂耶里/阿莱西奥·维琴佐托,四十岁的艾丽莎意识到自己身患绝症，即将与自己的丈夫和女儿阴阳两隔。但在她死前，艾丽莎想了一个办法始终陪伴在孩子身边：她给女儿准备了18份生日礼物，直到后者成年为止。而这18份礼物给成长中的少女既带来的不仅是慰藉，还有对于家庭与生命的烦恼。,十八个礼物 18 Regali,维多利亚·普契尼/贝内黛塔·波尔卡罗利/爱德华多·莱奥,剧情
片长:,美国 / 日本,Yoshiyuki Okada,又,https://img9.doubanio.com/view/photo/s_ratio_poster/public/p2590092824.jpg,日语 / 英语,6.8,佐藤大/Tsukasa Kondo,Netflix科幻惊悚剧《副本/碳变》推出动画剧集，《副本：义体置换》发布预告，3月19日上线。《星际牛仔》编剧佐藤大创作剧本，设定在真人剧已展开的那个赛博朋克风世界，继续“人的意识数字化，可以换不同身体”，日本黑道、CTAC部队、忍者、一个女孩……各方大开杀戒，武·科瓦奇再次登场。,副本：义体置换 Altered Carbon: Resleeved,托德·哈伯空/理查德·埃帕卡/雷·蔡斯,科幻/动画
片长:,俄罗斯,费奥多尔·邦达尔丘克,又,https://img2.doubanio.com/view/photo/s_ratio_poster/public/p2577491093.jpg,俄语,5.7,奥列格·马洛维奇克/安德烈·佐洛塔廖夫,自从一艘外星飞船在莫斯科切尔塔诺夫坠落以来已经过去了3年，普通女孩朱莉娅在接触到外星技术之后，成为国防部秘密实验室的研究对象。在研究过程中，朱莉娅表现出不同寻常的能力。隐藏在其中的力量不仅吸引了人类的注意，而且对宇宙的规模构成了威胁。,莫斯科陷落2 Вторжение,伊琳娜·斯达申鲍姆/林奈·穆罕默托夫/亚历山大·佩特罗夫,科幻/灾难
90分钟,法国,Tristan Séguéla,IMDb链,https://img2.doubanio.com/view/photo/s_ratio_poster/public/p2572134412.jpg,法语,7.4,Jim Birmant/Tristan Séguéla,"故事发生在平安夜当天，在浓厚的圣诞气氛下，所有人都暂时放下手中的工作，享受和家人们团聚的喜悦。乔治（米歇尔·布朗MichelBlanc饰）似乎是这座城市里唯一一个还在工作的急症医生了，他接到了紧急的求救电话，风尘仆仆的赶往患者家中。

　　哪知道在半路上，一个冒冒失失的送餐员马利克（弗兰克·盖思堂彼得FranckGastambide饰）骑脚踏车撞到了他，虽然没受什么伤，却引发了乔治的老毛病——坐骨神经痛。无奈之下，马利克只得接替了乔治的职务，成为了临时医生赶往病人家，而乔治则在原地通过电话来告诉他如何治病。这次远程操控之下的治疗能否顺利进行呢？",医生在么 Docteur?,米歇尔·布朗/Hakim Jemili/索莱娜·里戈,喜剧
片长:,中国大陆,于大雄,又,https://img2.doubanio.com/view/photo/s_ratio_poster/public/p2623351132.jpg,汉语普通话,5.8,孙文可/李震寰,以“积案追逃”著称的刑警朱智龙屡破大案，唯独面对在逃十八年的梁福友，始终难以释怀。一起疑点重重的强奸案，更是将当年案件双方子女牵涉其中。重重压力下，朱智龙不屈不挠，由一个微弱的线索开始，抽丝剥茧，凭借胆识和魄力将真凶缉拿归案。,千里追凶,艾东/李易祥/是之,动作/犯罪
片长:,澳大利亚 / 美国,娜塔莉·埃丽卡·詹姆斯,又,https://img1.doubanio.com/view/photo/s_ratio_poster/public/p2608423087.jpg,英语,5.3,娜塔莉·埃丽卡·詹姆斯/克里斯蒂安·怀特,"艾德娜（罗苹·纳文RobynNevin饰）虽然年事已高但一直过着独居生活。一天，她的女儿凯（艾米莉·莫迪默EmilyMortimer饰）和孙女山姆（贝拉·希思科特BellaHeathcote饰）接到了警方的来电，告知了她们艾德娜失踪的消息。震惊之余，两人急急忙忙的赶回了祖宅。

　　搜索行动刚刚展开没多久，艾德娜竟然自己又出现了。对于失踪的这几天的经历，艾德娜只口不提，大家也只能够以她换上了阿兹海默症来解释这一切。艾德娜的回归让大家都松了一口气，但谁知道悲剧才刚刚开始，回家后的艾德娜一改往日的心性，就仿佛变了一个人一样，有时候她的举动甚至让凯和山姆感到恐惧。",遗落家庭 Relic,艾米莉·莫迪默/贝拉·希思科特/罗宾·奈文,恐怖
2020-08-07,英国 / 法国 / 美国 / 中国大陆,马克·穆登,99,https://img1.doubanio.com/view/photo/s_ratio_poster/public/p2586685657.jpg,英语,5.5,杰克·索恩/弗朗西丝·霍奇森·伯内特,原小说讲述玛丽父母双亡后，生活在姨夫阴暗神秘的大房子里，闯进了禁闭已久的花园，与迪肯、柯林等人找到了快乐的源泉。,秘密花园 The Secret Garden,迪克西·艾格瑞克斯/理查德·韩塞尔/大卫·韦雷,剧情/奇幻
片长:,美国,杰夫·瓦德洛,又,https://img1.doubanio.com/view/photo/s_ratio_poster/public/p2584076497.jpg,英语,5.4,吉莉安·雅各布斯/克里斯托弗·罗奇/杰夫·瓦德洛,迈克尔·佩纳将主演电影版[梦幻岛]，饰演剧集版中里卡多·蒙特尔班的角色。原剧包含黑暗主题及超自然元素，讲述太平洋上坐落着一个神秘度假岛屿，人们的各种古怪要求似乎都可以在这里得到满足。本片由杰夫·瓦德洛([海扁王2])自编自导，故事讲述岛上的监工罗尔克警告客人们，他们的幻想可能无法实现。,梦幻岛 Fantasy Island,露西·海尔/李美琪/波茜娅·道布尔戴,恐怖/冒险
2020-07-24,中国大陆,陈德森,110,https://img3.doubanio.com/view/photo/s_ratio_poster/public/p2613925251.jpg,汉语普通话,5.1,刘奋斗/文宁,故事发生在虚构的中原大陆。十国之中，南赵国与北燕国比邻而居。为了防御日益强大的北燕，南赵举办比武大会，选拔将才。消息传到偏僻的清源村，村民东一龙想成为家族的举旗人，代表清源村家族出赛，村民们却质疑他的资格，经过一番努力，一龙终于踏上了与武士楚魂的征途……,征途,刘宪华/何润东/林辰涵,动作/奇幻/冒险
片长:,韩国,崔正烈,又,https://img2.doubanio.com/view/photo/s_ratio_poster/public/p2576730703.jpg,韩语,6.6,崔正烈/赵锦山,"电影改编自同名人气漫画，讲述的是离家出走的青少年的成长故事。

　　离家出走的叛逆儿泽日（朴正民饰）与盲目踏入社会并满腔热血的尚弼（丁海寅饰），在遇见长风饭馆的厨师长猛男哥（马东锡饰）后，让自己明白了什么是世间愉快与开心的故事。",始动 시동,马东锡/朴正民/丁海寅,剧情/喜剧
片长:,美国,布雷特·海利,又,https://img2.doubanio.com/view/photo/s_ratio_poster/public/p2577021302.jpg,英语,6.9,丽兹·汉娜/Jennifer Niven,影片根据詹妮弗·尼文2015年畅销小说改编，故事讲述维奥莱特·马基(范宁饰)和西奥多·芬奇(史密斯饰)这两个高中生和精神疾病不断作斗争，他们相遇并发现各自内心的世界。,所有明亮的地方 All the Bright Places,艾丽·范宁/贾斯蒂斯·史密斯/科甘-迈克尔·凯,剧情/爱情
2020-08-14,美国,尤金·科特亚伦科,93,https://img9.doubanio.com/view/photo/s_ratio_poster/public/p2616766494.jpg,英语,5.6,尤金·科特亚伦科/Gene McHugh,影片由尤金·科特亚伦科执导，《怪奇物语》演员乔·基瑞主演，他在片中扮演的是一个为了寻求刺激，在网上直播虐待乘客的网约车司机。,车速过快 Spree,乔·基瑞/萨西尔·扎玛塔/大卫·阿奎特,喜剧/惊悚
2020-01-24,日本,棚田由纪,123,https://img9.doubanio.com/view/photo/s_ratio_poster/public/p2575357474.jpg,日语,6.3,棚田由纪,影片改编自导演的同名小说，讲述的是制作充气娃娃的职人哲雄与其妻子园子的爱情故事：哲雄对园子一见钟情而结婚，他隐瞒着自己的真实工作普通过活，但却因过度热衷充气娃娃的制作而令夫妻关系产生危机。在这样的情况下，园子向哲雄坦白了心中怀揣着的秘密……,爱情人偶 ロマンスドール,高桥一生/苍井优/古关安广,剧情/爱情
97分钟,韩国,金光彬,IMDb链,https://img2.doubanio.com/view/photo/s_ratio_poster/public/p2580988442.jpg,韩语,5.7,金光彬,"自从妻子过世后，尚元（河正宇饰）和女儿的关系越来越疏远，于是他决定带着女儿搬到乡下，修复彼此的关系。但即使搬家后，尚元仍专注于自己的工作，不多关心女儿。女儿多了更多独处的时间，且开始表现出奇怪和令人不安的行为，而尚元也开始在家中遭遇离奇的现象。某天，女儿竟突然在衣橱前消失得无影无踪……

　　无论尚元如何寻找，就是找不到女儿的踪迹。此时，一名叫做庆勋（金南佶饰）突然找上门来，并称自己知道关于那衣橱的秘密。为了寻找尚元的女儿，庆勋坚持要尚元和他一起闯入「中间地带」，于是两人开始揭开隐藏于衣橱背后不可告人的真相……",衣橱 클로젯,河正宇/金南佶,恐怖
片长:,中国大陆,苗月,IMDb链,https://img2.doubanio.com/view/photo/s_ratio_poster/public/p2619211363.jpg,汉语普通话,7.4,郎月婷,影片以黄文秀为人物原型，讲述了黄文秀放弃大城市的工作机会，毅然回到家乡，在脱贫攻坚第一线倾情投入、奉献自我的故事。,秀美人生,郎月婷,剧情/传记
上映日期:,日本,中田秀夫,片,https://img1.doubanio.com/view/photo/s_ratio_poster/public/p2572934998.jpg,日语,5.5,大石哲也,以黑长发女性为目标的连续杀人事件解决数月后，在同一事件现场又发现了新的身份不明的尸体。过去受过创伤的刑警·加贺谷学（千叶雄大）为了探究真相，前往自己曾经逮捕过的连续杀人狂·浦野善治（成田凌）那里。“是你杀的吗?”面对加贺谷的询问，狱中的浦野透露了自己尊为老师的“M”这个神秘人物的存在。不久，加贺谷得知恋人松田美乃里（白石麻衣）被神秘男子盯上后做出了痛苦的选择，于是决定委托浦野协助调查……,虽然只是弄丢了手机2 スマホを落としただけなのに 囚われの殺人鬼,千叶雄大/成田凌/白石麻衣,剧情/悬疑/惊悚
2020-01-17,芬兰,安提·乔金恩,121,https://img1.doubanio.com/view/photo/s_ratio_poster/public/p2548806468.jpg,芬兰语,7.5,安提·乔金恩/马尔科·雷诺/拉克尔·列胡,故事发生在1915年。海莲娜是一位被遗忘的艺术家，她与年迈的母亲一起生活在乡下。距离她上一次办画展以来已经过去了很多年，海莲娜继续坚持着自己的热爱——绘画。当一个艺术品经销商发现了海莲娜和她的159幅令人惊叹的画作，并想要组织一个大型个展后，一切都会改变。但是，海莲娜一生中最重要的时刻是她与埃纳尔·路透的相遇带来的。埃纳尔是一位护林人，也是海莲娜及其艺术的狂热崇拜者。他成为了海莲娜的知己，也与她发展出了一段以悲剧告终的亲密关系。,海莲娜：画布人生 Helene,劳拉·布林/约翰内斯·霍洛佩宁/皮尔科·赛西欧,剧情/爱情/传记
2019-12-20,美国,汤姆·霍伯,110,https://img1.doubanio.com/view/photo/s_ratio_poster/public/p2574669959.jpg,英语,4.1,李·哈尔/安德鲁·洛伊德·韦伯/T·S·艾略特/汤姆·霍伯,"韦伯经典音乐剧《猫》将拍电影版，演员定为詹妮弗·哈德森、泰勒·斯威夫特、詹姆斯·柯登、伊恩·麦克莱恩。

　　歌手出身、曾凭《追梦女郎》获奥斯卡最佳女配的哈德森饰演“魅力猫”葛丽兹贝拉，历尽沧桑的她将唱出经典歌曲《Memory》，别的演员角色尚未公布。汤姆·霍伯(《国王的演讲》《悲惨世界》《丹麦女孩》)执导，LeeHall(《跳出我天地》)编剧，WorkingTitle影业出品，11月在英国开拍。",猫 Cats,詹妮弗·哈德森/泰勒·斯威夫特/詹姆斯·柯登,音乐/歌舞/奇幻
114分钟,泰国,纳瓦彭·坦荣瓜塔纳利,IMDb链,https://img3.doubanio.com/view/photo/s_ratio_poster/public/p2575161400.jpg,泰语,7.0,纳瓦彭·坦荣瓜塔纳利,从瑞典回来后，喜爱“极简主义”的简计划将自己的家改造成工作室，多年前的旧物相继被清理了出来，其中包括前男友艾姆的东西。这些物件虽然已经没有用处，却承载着往事回忆与情意，简无法如自己预期的那样直接丢弃。为了找寻这些物件的归路，她做了很多努力：一一归还属于朋友的物品，亲自送回属于艾姆的东西并致歉自己曾经的离开，最终也卖掉了已逝父亲的钢琴。伴随着旧物的处理，她也告别了自己的过去，面对重新布置的新环境，准备好了新的开始。该片曾获2020年第15届大阪亚洲电影节最佳影片奖。,时光机 ฮาวทูทิ้ง..ทิ้งอย่างไรไม่ให้เหลือเธอ,茱蒂蒙·琼查容苏因/桑尼·苏瓦美塔农/萨里卡·塞思苏帕,剧情
2020-07-23,日本,田中亮,124,https://img1.doubanio.com/view/photo/s_ratio_poster/public/p2610002857.jpg,日语,8.0,古泽良太,此次故事舞台设定在新加坡，长泽雅美、东出昌大、小日向文世组成的诈欺三人组的目标是闻名世界的大富豪胡雷盟留下的10兆日元遗产。,行骗天下JP：公主篇 コンフィデンスマンJP プリンセス編,长泽雅美/东出昌大/小日向文世,剧情/喜剧
2019-12-26,俄罗斯,安德列·克拉夫丘克,136,https://img9.doubanio.com/view/photo/s_ratio_poster/public/p2565060395.jpg,俄语,7.3,奥列格·马洛维奇克/尼基塔·维索茨基,救国同盟是一部俄罗斯历史片，讲述了十二月党人起义的故事。一群参加了俄法1812年战争的军人，梦想改变俄罗斯帝国，试图推翻沙皇专制。,救国同盟 Союз спасения,茵格保加·达坤耐特/帕维尔·普里卢茨内/马克西姆·马特维耶夫,剧情/历史/冒险
片长:,中国大陆,彭宥纶,又,https://img9.doubanio.com/view/photo/s_ratio_poster/public/p2578723424.jpg,汉语普通话,5.7,丁丁张,离乡打拼的白树瑾（白百何饰）早年间为了有个更好的生活，放弃了向往的图书行业，转行成为地产经纪，不想工作成果惨淡，职场遭遇劲敌。到北京的第十个年头，白树瑾屡遭挫折，面临事业停滞、情路不顺、房租暴涨、母亲病情加重等多重打击，此时初到大城市打工的合租室友女孩（张子枫饰）突然闯入她的生活，在这个女孩的身上白树瑾似乎找到了十年前的自我，同时她也遇见了小七岁的同事仲要（魏大勋饰），渐渐地她开始有了变化……,亲爱的新年好,白百何/张子枫/魏大勋,剧情/爱情
片长:,泰国,基提哈克·通加姆,又,https://img3.doubanio.com/view/photo/s_ratio_poster/public/p2576821710.jpg,泰语,7.1,基提哈克·通加姆,超级网红「凯萨琳」因意外不慎跌倒而昏迷，眼看着下礼拜的重要拍摄就要开天窗，如果「凯萨琳」无法到场就要面对五千万的巨额赔偿。就在绝望之际，他们找到了卖咖喱的小南，有着一张极为相似凯萨琳美丽的脸庞，但除了有张漂亮的脸蛋外，却是个超级土包子！伪娘三人组将把「小南」彻底改造，成为超级网红「凯萨琳」，而他们能完成这艰难的任务席卷时尚界而不被抓包吗？,窈窕淑男的日记 ตุ๊ดซี่ส์แอนด์ เดอะเฟค,帕奥佩茨·查伦舒克/通坎东·通猜/拉塔南特·詹亚季拉翁,喜剧/同性
2020-04-23,俄罗斯,艾戈尔·阿布拉门科,105,https://img2.doubanio.com/view/photo/s_ratio_poster/public/p2595335402.jpg,俄语,5.9,奥列格·马洛维奇克/Andrei Zolotarev,年轻女医生TatianaYurievna（奥莎娜·阿金什那OksanaAkinshina饰）因为使用具争议的技术而差点被吊销医师执照。但她被军方招募来到一个机密的研究机构，协助研究一个特别的案例，太空人KonstantinSergeyevich（彼得·费奥多罗夫PyotrFyodorov饰）。这位太空人历经神秘的太空意外后幸存返回地球，体内却多了外星生物，而且这个神秘生物只在深夜时现身。军方想拥有这个外星生物进行邪恶的计划，但女医生只想阻止外星生物杀害太空人。,寄生异形 Спутник,奥莎娜·阿金什那/费奥多尔·邦达尔丘克/彼得·费奥多罗夫,科幻/恐怖
2020-09-11,日本,行定勋,131,https://img1.doubanio.com/view/photo/s_ratio_poster/public/p2586418907.jpg,日语,7.6,堀泉杏/水城雪可奈,大伴恭一（大仓忠义饰），从学生时代起就只与“喜爱自己的女性”交往，不断重复着被动的恋爱，也因为优柔寡断的性格而不断地出轨。大学后辈今之濑涉（成田凌饰）作为出轨调查员在接受主人公妻子的委托后，某日与前辈大伴恭一时隔7年再次相遇，突然向其告白「从很早以前就一直喜欢你了」，并用为其隐瞒出轨事实作为代价要求前辈以身体来交换。在被今之濑死缠烂打地靠近和追求下，最终恭一也体会到了如胸口揪心般的恋爱之痛…,穷途鼠的奶酪梦 窮鼠はチーズの夢を見る,大仓忠义/成田凌/吉田志织,剧情/同性
