岗位名称,公司名称,工作地点,薪资,工作福利,公司类型,招聘人数,工作经验,发布日期,公司规模,招聘详情
会计,湖南长沙高兴房地产开发有限公司,长沙-雨花区,6-8千/月,五险一金 员工旅游 交通补贴 餐饮补贴 通讯补贴 绩效奖金 年终奖金,民营公司,5.0,5.0,2021-06-27 09:05:23,150-500人,https://jobs.51job.com/changsha-yhq/123328027.html?s=sou_sou_soulb&t=0_0
会计,武汉孚安特科技有限公司,武汉-东湖新技术产业开发区,4-6千/月,五险一金 年终奖金 周末双休 专业培训 节日福利 绩效奖金,上市公司,6.0,4.0,2021-06-27 09:04:52,500-1000人,https://jobs.51job.com/wuhan-dhxjs/132312302.html?s=sou_sou_soulb&t=0_0
全盘会计,深圳市麦士德福科技股份有限公司,深圳,6-8千/月,五险一金 定期体检 节日福利 包吃 包三餐 包住宿 住房补贴 全勤奖 带薪年假 专业培训,民营公司,5.0,6.0,2021-06-27 09:04:51,500-1000人,https://jobs.51job.com/shenzhen/110756613.html?s=sou_sou_soulb&t=0_0
成本会计,宁波瑞明进出口有限公司,宁波,6-8千/月,五险一金 免费班车 员工旅游 交通补贴 专业培训 出国机会 绩效奖金 定期体检,民营公司,6.0,5.0,2021-06-27 09:04:46,150-500人,https://jobs.51job.com/ningbo/126729711.html?s=sou_sou_soulb&t=0_0
会计,武汉迪赛威智能科技有限公司,武汉,0.7-1.2万/月,五险一金 补充医疗保险 补充公积金 餐饮补贴 通讯补贴 年终奖金 绩效奖金 专业培训 股票期权 员工关怀,民营公司,6.0,6.0,2021-06-27 09:04:45,50-150人,https://jobs.51job.com/wuhan/130028181.html?s=sou_sou_soulb&t=0_0
总账会计、报表会计,爱普香料集团股份有限公司,上海-静安区,0.6-1万/月,做五休二 周末双休 带薪年假 五险一金 节日福利 专业培训 餐饮补贴,上市公司,5.0,5.0,2021-06-27 09:04:45,500-1000人,https://jobs.51job.com/shanghai-jaq/104214131.html?s=sou_sou_soulb&t=0_0
会计助理,浙江海顺电工有限公司,温州,4.5-6千/月,五险 包住宿 节日福利 全勤奖 餐饮补贴 加班补贴,民营公司,5.0,3.0,2021-06-27 09:04:43,150-500人,https://jobs.51job.com/wenzhou/131795883.html?s=sou_sou_soulb&t=0_0
会计助理,美国COPPEL CORPORATION深圳代表处,深圳-南山区,1-1.2万/月,五险一金 年终奖金 做五休二 周末双休 带薪年假 每年调薪 商业保险,外企代表处,6.0,4.0,2021-06-27 09:04:38,少于50人,https://jobs.51job.com/shenzhen-nsq/130987622.html?s=sou_sou_soulb&t=0_0
财务会计,湖北星鹏能源有限公司,武汉,6-8千/月,周末双休 五险 节假日福利,民营公司,5.0,6.0,2021-06-27 09:04:33,少于50人,https://jobs.51job.com/wuhan/112657217.html?s=sou_sou_soulb&t=0_0
会计,北京心知堂文化交流有限公司,北京-大兴区,6-8千/月,五险一金 员工旅游 周末双休,民营公司,5.0,5.0,2021-06-27 09:04:30,少于50人,https://jobs.51job.com/beijing-dxq/129314791.html?s=sou_sou_soulb&t=0_0
会计,深圳市伟莱达电子有限公司,深圳,0.7-1万/月,周末双休 节日福利 带薪年假 全勤奖,民营公司,6.0,4.0,2021-06-27 09:04:28,少于50人,https://jobs.51job.com/shenzhen/129417933.html?s=sou_sou_soulb&t=0_0
财务会计（中国中车、央企）,宁波市江北九方和荣电气有限公司,宁波,7-8万/年,周末双休 节日福利 包吃 五险一金 免费班车 员工旅游 专业培训 年终奖金 定期体检,国企,6.0,10.0,2021-06-27 09:04:20,150-500人,https://jobs.51job.com/ningbo/131506748.html?s=sou_sou_soulb&t=0_0
财务会计,临沂世鼎商贸有限公司,临沂-兰山区,3-4.5千/月,缴纳五险 绩效奖金 专业培训 员工旅游 餐饮补贴,民营公司,5.0,4.0,2021-06-27 09:02:59,150-500人,https://jobs.51job.com/linyi-lsq/127834689.html?s=sou_sou_soulb&t=0_0
会计助理,湖北聚汇农业开发有限公司,荆门,3-4.5千/月,绩效奖金 员工旅游 年终奖金 餐饮补贴,民营公司,5.0,5.0,2021-06-27 09:02:55,150-500人,https://jobs.51job.com/jingmen/132916276.html?s=sou_sou_soulb&t=0_0
主办会计,杭州博纳财务管理有限公司,杭州-滨江区,0.7-1.1万/月,员工旅游 交通补贴 通讯补贴 专业培训 绩效奖金 年终奖金,民营公司,5.0,3.0,2021-06-27 09:02:54,少于50人,https://jobs.51job.com/hangzhou-bjq/132378486.html?s=sou_sou_soulb&t=0_0
销售会计,广州市金钰天成置业有限责任公司,广州-番禺区,6-9千/月,五险一金 员工旅游 绩效奖金 年底双薪 专业培训 餐饮补贴 包吃住 带薪年假,民营公司,6.0,3.0,2021-06-27 09:02:45,50-150人,https://jobs.51job.com/guangzhou-pyq/132638509.html?s=sou_sou_soulb&t=0_0
会计,广东中达新材料科技有限公司,佛山-南海区,5-6千/月,五险一金 员工旅游 交通补贴 餐饮补贴 通讯补贴 绩效奖金 年终奖金,民营公司,5.0,4.0,2021-06-27 09:02:43,50-150人,https://jobs.51job.com/foshan-nhq/131126529.html?s=sou_sou_soulb&t=0_0
总账会计,佛山市赛明照明电器有限公司,佛山-南海区,6-8千/月,五险 专业培训 员工旅游 做五休二 周末双休 包吃 全勤奖 带薪年假 出国机会,民营公司,5.0,4.0,2021-06-27 09:02:41,50-150人,https://jobs.51job.com/foshan-nhq/123577834.html?s=sou_sou_soulb&t=0_0
会计助理,深圳市永至诚贸易有限公司,深圳-罗湖区,4.5-6千/月,五险一金 员工旅游 餐饮补贴 年终奖金 带薪年假 绩效奖金 高温补贴 节日福利,民营公司,5.0,3.0,2021-06-27 09:02:37,50-150人,https://jobs.51job.com/shenzhen-lhq/132959561.html?s=sou_sou_soulb&t=0_0
会计助理,上海维芈家居有限公司,上海-普陀区,5-6千/月,节日福利 专业培训 五险一金,民营公司,5.0,3.0,2021-06-27 09:02:29,50-150人,https://jobs.51job.com/shanghai-ptq/128839428.html?s=sou_sou_soulb&t=0_0
财务会计,广东嘉亚建设有限公司,东莞-南城区,6-8千/月,员工旅游 交通补贴 餐饮补贴 定期体检 绩效奖金 社保,民营公司,5.0,4.0,2021-06-27 09:01:49,50-150人,https://jobs.51job.com/dongguan-ncq/113618570.html?s=sou_sou_soulb&t=0_0
工业会计,广东天仁科技有限公司,广州-白云区,6.5-8.5千/月,节日福利 专业培训 员工旅游 绩效奖金 社保 年终奖金 全勤奖,民营公司,6.0,6.0,2021-06-27 09:01:46,150-500人,https://jobs.51job.com/guangzhou-byq/129414019.html?s=sou_sou_soulb&t=0_0
会计,深圳市安菲力科技有限公司,深圳-南山区,6-8千/月,五险一金 补充公积金 员工旅游 交通补贴 通讯补贴 绩效奖金 年终奖金 定期体检,民营公司,5.0,4.0,2021-06-27 09:01:40,少于50人,https://jobs.51job.com/shenzhen-nsq/123583166.html?s=sou_sou_soulb&t=0_0
商管会计,湖南怡海三湘房地产开发有限公司,长沙-天心区,4.5-7千/月,包吃 包住 通讯补贴 带薪年假 节日福利 全勤 绩效奖金 定期体检 年终奖金 五险,外资（非欧美）,5.0,5.0,2021-06-27 09:01:39,500-1000人,https://jobs.51job.com/changsha-txq/132823437.html?s=sou_sou_soulb&t=0_0
中级会计师,武汉贝帆财务咨询有限公司,武汉-武昌区,6-8千/月,五险一金 交通补贴 通讯补贴 员工旅游 绩效奖金,民营公司,5.0,5.0,2021-06-27 09:01:35,少于50人,https://jobs.51job.com/wuhan-wcq/123588327.html?s=sou_sou_soulb&t=0_0
成本会计主管,广东宏岳塑胶有限公司,云浮,0.6-1万/月,弹性工作 带薪年假 五险一金 节日福利 年终奖金 餐补话补 差旅补贴,民营公司,5.0,5.0,2021-06-27 09:01:32,50-150人,https://jobs.51job.com/yunfu/132953966.html?s=sou_sou_soulb&t=0_0
成本会计,江苏鑫美达金属铸造有限公司,常州-武进区,4.5-5千/月,绩效奖金 全勤奖 节日福利 专业培训 弹性工作 带薪年假 免费班车 加班补贴 餐饮补贴,民营公司,5.0,3.0,2021-06-27 08:59:53,150-500人,https://jobs.51job.com/changzhou-wjq/125810076.html?s=sou_sou_soulb&t=0_0
会计财务核算底薪4600+奖金+住宿,武汉优企帮财务管理咨询有限公司,武汉-江汉区,4.5-6千/月,做五休二 带薪年假 周末双休 包住宿 绩效奖金 节日福利 交通补贴 通讯补贴,民营公司,5.0,10.0,2021-06-27 08:51:30,50-150人,https://jobs.51job.com/wuhan-jhq/100866909.html?s=sou_sou_soulb&t=0_0
直营店面会计,太子家居有限公司,成都-邛崃市,5-7千/月,五险一金 定期体检 弹性工作 年终奖金 绩效奖金,民营公司,5.0,5.0,2021-06-27 08:30:07,1000-5000人,https://jobs.51job.com/chengdu-qls/133132178.html?s=sou_sou_soulb&t=0_0
会计,广东华三行工程机械有限公司,广州-黄埔区,4.5-6千/月,通讯补贴 带薪年假 包住宿 员工旅游 定期体检 年终奖金 五险 交通补贴 年底双薪,民营公司,5.0,10.0,2021-06-27 08:24:18,150-500人,https://jobs.51job.com/guangzhou-hpq/114310257.html?s=sou_sou_soulb&t=0_0
财务会计包食宿五险,鑫方盛控股集团有限公司,南昌-南昌县,3-4.5千/月,员工旅游 专业培训 下午茶 生日会 五险一金 交通补贴,民营公司,5.0,3.0,2021-06-27 08:01:07,1000-5000人,https://jobs.51job.com/nanchang-ncx/132941381.html?s=sou_sou_soulb&t=0_0
电商会计(HIPANDA),上海泽东服饰有限公司,上海-静安区,0.8-1万/月,做五休二 周末双休 带薪年假 五险一金,合资,6.0,5.0,2021-06-27 08:01:03,500-1000人,https://jobs.51job.com/shanghai-jaq/126177249.html?s=sou_sou_soulb&t=0_0
***会计,沈阳锦邦家电制冷配件销售有限公司,沈阳-沈河区,2000元/天,免费班车 员工旅游 绩效奖金,民营公司,4.0,5.0,2021-06-27 07:44:01,少于50人,https://jobs.51job.com/shenyang-shq/133053235.html?s=sou_sou_soulb&t=0_0
往来会计,江西晖能新材料有限公司,宜春,4.5-6千/月,五险 年终奖金 包吃住,民营公司,5.0,4.0,2021-06-27 07:40:03,50-150人,https://jobs.51job.com/yichune/133132096.html?s=sou_sou_soulb&t=0_0
会计,江苏邦东建设工程有限公司,南京-建邺区,6-8千/月,交通补贴 餐饮补贴 年终奖金 绩效奖金 五险一金 周末双休,民营公司,5.0,6.0,2021-06-27 07:15:57,少于50人,https://jobs.51job.com/nanjing-jyq/119495689.html?s=sou_sou_soulb&t=0_0
成本会计,青岛裕丰汉唐木业有限公司,西安-未央区,3-4.5千/月,五险一金 交通补贴 绩效奖金 年终奖金,上市公司,5.0,4.0,2021-06-27 07:00:48,1000-5000人,https://jobs.51job.com/xian-wyq/130263719.html?s=sou_sou_soulb&t=0_0
管理会计,华润怡宝饮料（中国）有限公司,兰州,4-6千/月,五险一金 带薪年假 绩效奖金 交通补贴 通讯补贴 高温补贴 每年多次调薪,外资（非欧美）,5.0,3.0,2021-06-27 04:00:44,10000人以上,https://jobs.51job.com/lanzhou/133126984.html?s=sou_sou_soulb&t=0_0
会计(J14198),欧派家居集团股份有限公司,广州,7-9千/月,周末双休 五险一金 员工旅游 绩效奖金 专业培训 定期体检 通讯补贴 免费班车 股票期权,上市公司,6.0,3.0,2021-06-27 04:00:44,10000人以上,https://jobs.51job.com/guangzhou/128231399.html?s=sou_sou_soulb&t=0_0
会计,西安凯鑫财务咨询有限责任公司,西安,3-4.5千/月,节日福利 餐饮补贴 加班补贴 通讯补贴 绩效奖金 全勤奖 交通补贴 专业培训 周末双休,民营公司,5.0,3.0,2021-06-27 13:01:15,少于50人,https://jobs.51job.com/xian/131675463.html?s=sou_sou_soulb&t=0_0
财务会计,广东鸿粤洲际进出口有限公司,佛山-南海区,1-1.5万/月,年终奖金 绩效奖金 购买社保,民营公司,5.0,6.0,2021-06-27 12:57:31,50-150人,https://jobs.51job.com/foshan-nhq/133105952.html?s=sou_sou_soulb&t=0_0
会计,杭州杭萧贸易有限公司,杭州-滨江区,0.8-1万/月,五险一金 专业培训 通讯补贴 绩效奖金 餐饮补贴,国企,6.0,5.0,2021-06-27 12:49:08,少于50人,https://jobs.51job.com/hangzhou-bjq/131322714.html?s=sou_sou_soulb&t=0_0
总账会计（急）,深圳莎贝电子商务有限公司,深圳-罗湖区,0.8-1万/月,五险一金 绩效奖金 年终奖金,民营公司,5.0,4.0,2021-06-27 12:48:38,150-500人,https://jobs.51job.com/shenzhen-lhq/127981217.html?s=sou_sou_soulb&t=0_0
出纳会计,上海进念建筑设计装饰有限公司,上海-浦东新区,5-6千/月,五险一金 餐饮补贴 专业培训 绩效奖金 定期体检 节日福利 全勤奖 高温补贴,民营公司,5.0,5.0,2021-06-27 12:20:04,500-1000人,https://jobs.51job.com/shanghai-pdxq/132787812.html?s=sou_sou_soulb&t=0_0
财务主管（会计）,中青联盟大数据研究（北京）有限公司,北京-朝阳区,15-20万/年,五险一金 年终奖金 绩效奖金,合资,6.0,5.0,2021-06-27 11:56:12,少于50人,https://jobs.51job.com/beijing-cyq/133127366.html?s=sou_sou_soulb&t=0_0
主办会计（集团）,兴海集团,佛山,0.6-1万/月,五险 通讯补贴 车补 包住宿 节日福利 员工旅游 专业培训 年终奖金 7.5小时每天 大小周,民营公司,5.0,5.0,2021-06-27 11:35:59,500-1000人,https://jobs.51job.com/foshan/131529335.html?s=sou_sou_soulb&t=0_0
全盘会计,珠海横琴糖世界商贸有限公司,珠海-香洲区,4-6.5千/月,带薪年假 交通补贴 节日福利 通讯补贴 五险一金,创业公司,6.0,3.0,2021-06-27 11:30:27,少于50人,https://jobs.51job.com/zhuhai-xzq/112654817.html?s=sou_sou_soulb&t=0_0
财务会计专员,广州爱尚制药有限公司,广州-白云区,4.5-6千/月,包吃 住房补贴 交通补贴,民营公司,5.0,3.0,2021-06-27 11:16:51,50-150人,https://jobs.51job.com/guangzhou-byq/132563395.html?s=sou_sou_soulb&t=0_0
会计助理,广州市海林电子科技发展有限公司,广州,3-4.5千/月,包吃 包住宿 专业培训,民营公司,5.0,3.0,2021-06-27 04:00:44,150-500人,https://jobs.51job.com/guangzhou/133127218.html?s=sou_sou_soulb&t=0_0
会计,宁夏中利科技有限公司,石嘴山,3-4千/月,绩效奖金 年终奖金 餐饮补贴 通讯补贴 专业培训 五险一金 员工旅游,上市公司,5.0,3.0,2021-06-27 04:00:44,150-500人,https://jobs.51job.com/shizuishan/133127208.html?s=sou_sou_soulb&t=0_0
会计、出纳,深圳市中影百汇影业投资有限公司百汇影城,佛山-顺德区,4-8千/月,带薪年假 五险一金 全勤奖 节日福利 房补 提成,民营公司,5.0,3.0,2021-06-27 04:00:44,50-150人,https://jobs.51job.com/foshan-sdq/133127112.html?s=sou_sou_soulb&t=0_0
电商总账会计（外派上海）,青岛明月海藻集团有限公司,青岛-黄岛区,0.8-1万/月,五险一金 交通补贴 餐饮补贴 专业培训 绩效奖金,合资,6.0,6.0,2021-06-27 04:00:44,1000-5000人,https://jobs.51job.com/qingdao-hdq/133127075.html?s=sou_sou_soulb&t=0_0
***会计,石家庄博大工业泵有限公司,石家庄,300元/天,周末双休 五险一金 绩效奖金 专业培训 全勤奖,民营公司,5.0,8.0,2021-06-27 04:00:44,50-150人,https://jobs.51job.com/shijiazhuang/133127054.html?s=sou_sou_soulb&t=0_0
总账会计,上海网达软件股份有限公司,上海-浦东新区,1-1.5万/月,五险一金 专业培训 弹性工作 年终奖金 上市公司,上市公司,6.0,6.0,2021-06-27 04:00:44,1000-5000人,https://jobs.51job.com/shanghai-pdxq/133127041.html?s=sou_sou_soulb&t=0_0
全盘会计,深圳易佳特科技有限公司,深圳-宝安区,6-8千/月,专业培训 节日福利 绩效奖金 加班补贴 五险一金 员工旅游 出国机会 定期体检 年终奖金,民营公司,5.0,5.0,2021-06-27 04:00:44,1000-5000人,https://jobs.51job.com/shenzhen-baq/133126921.html?s=sou_sou_soulb&t=0_0
会计助理,长春京来香食品有限公司,长春-宽城区,3.8-4.2千/月,提供食宿 包吃 包三餐 包住宿 节日福利,民营公司,5.0,4.0,2021-06-27 04:00:44,150-500人,https://jobs.51job.com/changchun-kcq/133126816.html?s=sou_sou_soulb&t=0_0
税务会计,润讯创科（深圳）科技有限公司,深圳-龙华区,0.8-1万/月,五险一金 员工旅游 专业培训 年终奖金 绩效奖金 节日福利 带薪年假,民营公司,5.0,4.0,2021-06-27 04:00:44,50-150人,https://jobs.51job.com/shenzhen-lhq/133126815.html?s=sou_sou_soulb&t=0_0
成本会计,广东绿缔智能冷链科技股份有限公司,广州-花都区,5-6.5千/月,五险 提供工作餐 弹性工作 专业培训 绩效奖金 单双休,民营公司,5.0,6.0,2021-06-27 04:00:44,150-500人,https://jobs.51job.com/guangzhou-hdq/133126774.html?s=sou_sou_soulb&t=0_0
会计,北京拓首能源科技股份有限公司,连云港,4.5-6千/月,五险一金 交通补贴 餐饮补贴 通讯补贴 专业培训,民营公司,5.0,5.0,2021-06-27 04:00:44,50-150人,https://jobs.51job.com/lianyungang/133126771.html?s=sou_sou_soulb&t=0_0
会计,深圳市大风科技有限公司,深圳-宝安区,6.5-7千/月,五险一金 员工旅游 通讯补贴 定期体检 年终奖金,民营公司,5.0,4.0,2021-06-27 04:00:44,50-150人,https://jobs.51job.com/shenzhen-baq/133126730.html?s=sou_sou_soulb&t=0_0
应付会计,深圳市京泉华科技股份有限公司,深圳-龙岗区,6-8千/月,五险一金 全勤奖 绩效奖金 通讯补贴 5.5天制 节日福利 带薪年假,民营公司,5.0,3.0,2021-06-27 04:00:44,1000-5000人,https://jobs.51job.com/shenzhen-lgq/133126671.html?s=sou_sou_soulb&t=0_0
武清区主办会计,天津一诺前景财务咨询有限公司,天津-武清区,4.5-6千/月,做五休二 周末双休 带薪年假 绩效奖金 全勤奖 节日福利 专业培训,民营公司,5.0,3.0,2021-06-27 04:00:44,1000-5000人,https://jobs.51job.com/tianjin-wqq/133126667.html?s=sou_sou_soulb&t=0_0
外贸会计,武汉杰克船长电子商务有限公司,武汉-武昌区,5-6千/月,员工旅游 交通补贴 专业培训 出国机会 绩效奖金 年终奖金 五险,民营公司,6.0,3.0,2021-06-27 04:00:44,150-500人,https://jobs.51job.com/wuhan-wcq/133126601.html?s=sou_sou_soulb&t=0_0
对账会计/财务助理,广州市来朝贸易有限公司,广州,3-4.5千/月,餐饮补贴 专业培训 绩效奖金 年终奖金,民营公司,5.0,3.0,2021-06-27 04:00:44,150-500人,https://jobs.51job.com/guangzhou/133126562.html?s=sou_sou_soulb&t=0_0
销售会计,武汉市清晨纸业有限公司,武汉-东西湖区,4-6千/月,周末双休 绩效奖金 专业培训 年终奖金,民营公司,5.0,4.0,2021-06-27 04:00:44,50-150人,https://jobs.51job.com/wuhan-dxhq/133126290.html?s=sou_sou_soulb&t=0_0
财务会计专员,武汉海峡明朗口腔门诊部有限公司,武汉-江岸区,4.5-6千/月,绩效奖金 年终奖金 员工旅游 五险 带薪年假,民营公司,5.0,4.0,2021-06-27 04:00:44,50-150人,https://jobs.51job.com/wuhan-jaq/133126069.html?s=sou_sou_soulb&t=0_0
财务会计部经理,永艺家具股份有限公司,湖州-安吉县,2-2.5万/月,五险一金 员工旅游 年终奖金 绩效奖金 带薪年假 专业培训 节日福利,上市公司,6.0,6.0,2021-06-27 04:00:44,1000-5000人,https://jobs.51job.com/huzhou-ajx/133125809.html?s=sou_sou_soulb&t=0_0
会计,江苏梦溪智能环境科技有限公司,镇江-京口区,4.5-6千/月,餐饮补贴 节日福利 年终奖金 五险一金 员工旅游 专业培训 带薪年假,民营公司,5.0,5.0,2021-06-27 04:00:44,50-150人,https://jobs.51job.com/zhenjiang-jkq/133125542.html?s=sou_sou_soulb&t=0_0
财务会计专员,宁波大通亨利机械制造有限公司,宁波-奉化区,4.5-6千/月,高温补贴 节日福利 包吃 单休 五险,创业公司,5.0,5.0,2021-06-27 04:00:44,50-150人,https://jobs.51job.com/ningbo-fhq/133125434.html?s=sou_sou_soulb&t=0_0
财务会计专员,武汉品尚佳电子商务有限公司,武汉-黄陂区,5-7千/月,住房补贴,民营公司,5.0,5.0,2021-06-27 04:00:44,500-1000人,https://jobs.51job.com/wuhan-hpq/133125428.html?s=sou_sou_soulb&t=0_0
会计/助理会计,广州市天霸美容美发用品有限公司,广州,5-8千/月,五险一金 绩效奖金 带薪法定假 年终奖金 定期体检 旅游拓展 专业培训 包吃包住 节日福利 全勤奖,民营公司,5.0,4.0,2021-06-27 04:00:44,150-500人,https://jobs.51job.com/guangzhou/133125388.html?s=sou_sou_soulb&t=0_0
成本会计,湖北玉丰国际大酒店有限公司,武汉-武昌区,3-4.5千/月,包吃 包住宿 全勤奖 节日福利 专业培训 五险一金 员工旅游 年终奖金,民营公司,5.0,5.0,2021-06-27 04:00:44,150-500人,https://jobs.51job.com/wuhan-wcq/133125381.html?s=sou_sou_soulb&t=0_0
往来会计+应收方向+双休,广东恰好时体育有限公司,广州-天河区,6-7千/月,专业培训 绩效奖金 年终奖金 通讯补贴 五险一金 员工旅游,民营公司,5.0,5.0,2021-06-27 04:00:44,150-500人,https://jobs.51job.com/guangzhou-thq/133125241.html?s=sou_sou_soulb&t=0_0
出纳会计,青岛斯高能源有限公司,青岛-崂山区,4.5-6千/月,带薪年假 交通补贴 餐饮补贴 通讯补贴 五险一金 单休,民营公司,5.0,5.0,2021-06-27 04:00:44,少于50人,https://jobs.51job.com/qingdao-lsq/133125106.html?s=sou_sou_soulb&t=0_0
结算会计,深圳市迪滴新能源汽车科技有限公司,深圳-南山区,6-8千/月,周末双休 员工团建 全薪病假 弹性班次 五险一金,合资,5.0,4.0,2021-06-27 04:00:44,500-1000人,https://jobs.51job.com/shenzhen-nsq/133125034.html?s=sou_sou_soulb&t=0_0
成本会计,东莞泰合复合材料有限公司,东莞,6-8千/月,员工旅游 专业培训 五险一金 年终奖金 绩效奖金 带薪年假 加班补贴 周末双休,外资（非欧美）,5.0,4.0,2021-06-27 04:00:44,1000-5000人,https://jobs.51job.com/dongguan/133124987.html?s=sou_sou_soulb&t=0_0
会计,深圳市油漆堡实业有限公司,深圳-宝安区,5-8千/月,五险一金 交通补贴 专业培训 年终奖金 绩效奖金,民营公司,5.0,4.0,2021-06-27 04:00:44,500-1000人,https://jobs.51job.com/shenzhen-baq/133124699.html?s=sou_sou_soulb&t=0_0
财务主办会计,深圳康佳信息网络有限公司,深圳-南山区,0.8-1.2万/月,周末双休 带薪年假 五险一金 绩效奖金 节日福利 餐饮补贴 高温补贴,国企,6.0,5.0,2021-06-27 04:00:44,150-500人,https://jobs.51job.com/shenzhen-nsq/133124538.html?s=sou_sou_soulb&t=0_0
总账会计 IPO,广州市领航食品投资有限公司,广州-花都区,0.8-1.5万/月,大小周 带薪年假 专业培训 节日福利 年终奖金 工龄奖金 生日津贴 每年多次调薪 提供食宿 五险,民营公司,6.0,5.0,2021-06-27 04:00:44,1000-5000人,https://jobs.51job.com/guangzhou-hdq/133124461.html?s=sou_sou_soulb&t=0_0
总账会计/双休/有班车,广东省脐带血造血干细胞库,广州-黄埔区,6-8千/月,五险一金 免费班车 员工旅游 餐饮补贴 定期体检 绩效奖金 专业培训,外资（非欧美）,5.0,5.0,2021-06-27 04:00:44,500-1000人,https://jobs.51job.com/guangzhou-hpq/133124379.html?s=sou_sou_soulb&t=0_0
财务会计专员,康朝药业有限公司,长沙-开福区,4-7千/月,员工旅游 专业培训 五险一金 通讯补贴 交通补贴 包住宿 节日福利,民营公司,5.0,3.0,2021-06-27 04:00:44,1000-5000人,https://jobs.51job.com/changsha-kfq/133124273.html?s=sou_sou_soulb&t=0_0
主办会计,广州飞领信息科技有限公司,广州-花都区,4-8千/月,周末双休 弹性工作 专业培训 绩效奖金 社保五险,民营公司,5.0,5.0,2021-06-27 11:01:12,少于50人,https://jobs.51job.com/guangzhou-hdq/117119740.html?s=sou_sou_soulb&t=0_0
电商会计,泉州文户贸易有限公司,泉州-丰泽区,4-5千/月,节日福利 弹性工作 全勤奖 带薪年假,民营公司,4.0,5.0,2021-06-27 10:49:43,50-150人,https://jobs.51job.com/quanzhou-fzq/133130241.html?s=sou_sou_soulb&t=0_0
会计,荆州领尚汽车销售服务有限公司,荆州-荆州区,3-4.5千/月,购买五险 节日福利 包吃 专业培训,民营公司,5.0,5.0,2021-06-27 10:43:50,少于50人,https://jobs.51job.com/jingzhou-jzq/133127441.html?s=sou_sou_soulb&t=0_0
在校生、应届生实习完可转正（实习会计）,深圳风景线企业服务有限公司,深圳-福田区,3-5千/月,周末双休 带薪年假 五险一金 绩效奖金 全勤奖 节日福利 专业培训 通讯补贴 交通补贴,民营公司,2.0,3.0,2021-06-27 10:24:22,少于50人,https://jobs.51job.com/shenzhen-ftq/131558055.html?s=sou_sou_soulb&t=0_0
会计助理,广东一芙化妆品有限公司,汕头,3-4千/月,五险一金 员工旅游 餐饮补贴 带薪年假 免费班车 节日福利 全勤奖 专业培训,外资（非欧美）,5.0,5.0,2021-06-27 10:14:07,150-500人,https://jobs.51job.com/shantou/133129388.html?s=sou_sou_soulb&t=0_0
账务员  会计助理  财务助理,广东顺德联铸精密制造有限公司,佛山-顺德区,4.5-6千/月,包吃 购买社保 8小时六天制,合资,6.0,3.0,2021-06-27 10:13:04,50-150人,https://jobs.51job.com/foshan-sdq/123542622.html?s=sou_sou_soulb&t=0_0
会计,广州市邀邀林健康科技有限公司,广州-黄埔区,4.5-6千/月,餐饮补贴 年终奖金 五险一金 节日福利 加班补贴,民营公司,6.0,5.0,2021-06-27 10:01:12,少于50人,https://jobs.51job.com/guangzhou-hpq/132464992.html?s=sou_sou_soulb&t=0_0
会计/会计文员,深圳市捷代电子科技有限公司,深圳-龙华区,5-8千/月,绩效奖金 餐饮补贴 年终奖金 带薪年假 全勤奖 五险一金 大小周制,民营公司,5.0,3.0,2021-06-27 10:01:11,50-150人,https://jobs.51job.com/shenzhen-lhq/132350565.html?s=sou_sou_soulb&t=0_0
会计（五险+各种福利）,云南德客曼全屋整装设计有限公司,昆明-官渡区,5-8千/月,社保五险 餐饮补贴 交通补贴 通讯补贴 年终奖金 绩效奖金 全勤奖 工龄工资 带薪年假 节日福利,民营公司,5.0,5.0,2021-06-27 09:57:41,50-150人,https://jobs.51job.com/kunming-gdq/124215852.html?s=sou_sou_soulb&t=0_0
税务会计,鼎镁新材料科技股份有限公司,昆山,4.5-6千/月,五险一金 年终奖金 员工旅游 绩效奖金 定期体检 节日福利 专业培训,外资（非欧美）,5.0,3.0,2021-06-27 09:55:31,1000-5000人,https://jobs.51job.com/kunshan/133126062.html?s=sou_sou_soulb&t=0_0
会计,广州宝捷电子材料科技有限公司,广州-黄埔区,6-8千/月,五险一金 补充医疗保险 年终奖金,民营公司,6.0,4.0,2021-06-27 09:52:20,50-150人,https://jobs.51job.com/guangzhou-hpq/115033095.html?s=sou_sou_soulb&t=0_0
总账会计（汽车行业）,陕西华亿心成汽车销售服务有限公司,西安-未央区,4.5-6千/月,五险一金 补充医疗保险 交通补贴 餐饮补贴 通讯补贴 专业培训 绩效奖金 免费停车,民营公司,5.0,6.0,2021-06-27 09:45:45,50-150人,https://jobs.51job.com/xian-wyq/133124208.html?s=sou_sou_soulb&t=0_0
会计,苏州市金腾调味品有限公司,苏州-吴中区,4.5-6千/月,五险 全勤奖 节日福利 专业培训 高温补贴 加班补贴 餐饮补贴,民营公司,5.0,5.0,2021-06-27 09:18:18,50-150人,https://jobs.51job.com/suzhou-wzq/130823543.html?s=sou_sou_soulb&t=0_0
会计,广东柏拉图装饰设计工程有限公司,广州-天河区,4.5-6千/月,专业培训 绩效奖金 弹性工作 带薪年假 加班补贴 全勤奖 节日福利 员工旅游,民营公司,5.0,4.0,2021-06-27 09:08:31,50-150人,https://jobs.51job.com/guangzhou-thq/133048561.html?s=sou_sou_soulb&t=0_0
成本会计,东莞市优为科精密电子科技有限公司,东莞-寮步镇,0.8-1万/月,包住宿 包吃 五险一金 全勤奖,民营公司,5.0,6.0,2021-06-27 09:08:25,150-500人,https://jobs.51job.com/dongguan-lbz/131981813.html?s=sou_sou_soulb&t=0_0
全盘会计,深圳市展达兆业五金制品有限公司,深圳-光明区,7-9千/月,包吃包住 全勤奖 五险一金 节日福利,民营公司,4.0,5.0,2021-06-27 09:08:24,50-150人,https://jobs.51job.com/shenzhen-gmq/113693070.html?s=sou_sou_soulb&t=0_0
全盘会计,湖南兆鑫建设有限公司,邵阳,3-4.5千/月,包吃 带薪年假 社保,民营公司,5.0,5.0,2021-06-27 09:08:13,50-150人,https://jobs.51job.com/shaoyang/133006502.html?s=sou_sou_soulb&t=0_0
会计,广州市锦洪广告有限公司,广州-天河区,4.5-6千/月,五险一金 员工旅游 绩效奖金 年终奖金,民营公司,5.0,4.0,2021-06-27 09:08:11,少于50人,https://jobs.51job.com/guangzhou-thq/133025851.html?s=sou_sou_soulb&t=0_0
注册会计师,江苏苏瑞华会计师事务所有限公司,南京,15-30万/年,五险一金 员工旅游 交通补贴 年终奖金,民营公司,5.0,4.0,2021-06-27 09:08:10,50-150人,https://jobs.51job.com/nanjing/97127230.html?s=sou_sou_soulb&t=0_0
核算会计,福州冰联制冷设备有限公司,福州-台江区,4-8千/月,五险一金 员工旅游 餐饮补贴 年终奖金 通讯补贴 出差补贴 绩效奖金,民营公司,6.0,4.0,2021-06-27 09:08:07,少于50人,https://jobs.51job.com/fuzhou-tjq/126785947.html?s=sou_sou_soulb&t=0_0
财务会计,西安丰阳建筑安装有限公司,西安-莲湖区,6-8千/月,通讯补贴 交通补贴 绩效奖金 年终奖金 五险一金 节日福利 专业培训,民营公司,5.0,5.0,2021-06-27 09:08:07,150-500人,https://jobs.51job.com/xian-lhq/125417414.html?s=sou_sou_soulb&t=0_0
主办会计,福建兴众为通信设备有限公司,福州-鼓楼区,4-6千/月,五险一金 周末双休 带薪年假 专业培训,民营公司,5.0,5.0,2021-06-27 09:08:03,少于50人,https://jobs.51job.com/fuzhou-glq/129526121.html?s=sou_sou_soulb&t=0_0
财务会计,济南轻骑大韩摩托车有限责任公司,济南-高新区,4-6千/月,五险一金 周末双休 免费午餐 带薪休假 交通补贴 高温补贴,合资,5.0,10.0,2021-06-27 09:08:01,500-1000人,https://jobs.51job.com/jinan-gxq/128703486.html?s=sou_sou_soulb&t=0_0
会计,亚巨能科技（深圳）有限公司,深圳-宝安区,4.3-4.8千/月,五险一金 餐饮补贴 专业培训 绩效奖金 年终奖金 带薪年假 提供住宿 节日福利 加班补贴 周末双休,外资（非欧美）,2.0,3.0,2021-06-27 09:07:58,150-500人,https://jobs.51job.com/shenzhen-baq/119185141.html?s=sou_sou_soulb&t=0_0
会计,广州市伟文生物科技发展有限公司,广州-花都区,3-4.5千/月,五险一金 专业培训 绩效奖金 年终奖金 节日福利 弹性工作,民营公司,5.0,3.0,2021-06-27 09:07:57,少于50人,https://jobs.51job.com/guangzhou-hdq/132179681.html?s=sou_sou_soulb&t=0_0
财务会计,杭州明汇副食品有限公司,杭州-余杭区,6-8千/月,餐饮补贴 节日福利 年终奖金 五险 带薪年假 专业培训 交通补贴 弹性工作,民营公司,4.0,5.0,2021-06-27 09:07:55,50-150人,https://jobs.51job.com/hangzhou-yhq/131428355.html?s=sou_sou_soulb&t=0_0
主办会计,上海国培供应链管理有限公司,福州,6-8千/月,周末双休 带薪年假 五险一金 包住宿 绩效奖金 节日福利 专业培训 通讯补贴 交通补贴 高温补贴,民营公司,6.0,5.0,2021-06-27 09:07:55,少于50人,https://jobs.51job.com/fuzhou/129168256.html?s=sou_sou_soulb&t=0_0
财务会计,云南正基物业服务有限公司,昆明-官渡区,4.5-6千/月,周末双休 带薪年假 做五休二 绩效奖金 五险,民营公司,5.0,5.0,2021-06-27 09:07:55,50-150人,https://jobs.51job.com/kunming-gdq/92136113.html?s=sou_sou_soulb&t=0_0
会计,辽宁航宇星物联仪表科技有限公司,沈阳-苏家屯区,4-6千/月,五险一金 周末双休 交通补贴 绩效奖金,民营公司,6.0,5.0,2021-06-27 09:07:53,150-500人,https://jobs.51job.com/shenyang-sjtq/118467049.html?s=sou_sou_soulb&t=0_0
会计助理,广州威厦建材有限公司,广州-白云区,6-8千/月,五险一金 员工旅游 专业培训 绩效奖金 年终奖金 定期体检 节日福利 带薪年假 团队聚餐 周末双休,民营公司,6.0,3.0,2021-06-27 09:07:51,50-150人,https://jobs.51job.com/guangzhou-byq/131933271.html?s=sou_sou_soulb&t=0_0
会计,上海心彤医疗器械有限公司,上海-黄浦区,6-8千/月,周末双休 带薪年假 五险一金 绩效奖金 节日福利 专业培训 通讯补贴 交通补贴 高温补贴,民营公司,6.0,5.0,2021-06-27 09:07:51,150-500人,https://jobs.51job.com/shanghai-hpq/102747858.html?s=sou_sou_soulb&t=0_0
会计,杭州国立工贸集团有限公司,杭州-余杭区,6-8千/月,入职五险 工作餐 节日福利 单休,民营公司,5.0,4.0,2021-06-27 09:07:30,500-1000人,https://jobs.51job.com/hangzhou-yhq/122592057.html?s=sou_sou_soulb&t=0_0
应收会计,广州上之商业股份有限公司（品牌：单农）,广州-天河区,5-8千/月,五险一金 全勤奖 节日福利 交通补贴 餐饮补贴 加班补贴 带薪年假 年底奖金 扁平化管理 艺术文化氛围,民营公司,6.0,4.0,2021-06-27 09:06:36,500-1000人,https://jobs.51job.com/guangzhou-thq/114730662.html?s=sou_sou_soulb&t=0_0
成本会计,江苏诺德新材料股份有限公司,南通-如东县,4.5-7千/月,五险一金 员工旅游 交通补贴 年终奖金 绩效奖金,上市公司,5.0,5.0,2021-06-27 09:06:35,150-500人,https://jobs.51job.com/nantong-rdx/132978926.html?s=sou_sou_soulb&t=0_0
成本会计,东莞市李群自动化技术有限公司,东莞,0.7-1万/月,五险一金 餐饮补贴 定期体检 年终奖金 周末双休,民营公司,5.0,5.0,2021-06-27 09:06:33,150-500人,https://jobs.51job.com/dongguan/131373180.html?s=sou_sou_soulb&t=0_0
成本会计,北京华欣物流有限公司上海分公司,上海-青浦区,6-8千/月,节日福利 弹性工作 高温补贴 餐饮补贴 五险 商业险 专业培训,民营公司,6.0,4.0,2021-06-27 09:06:32,150-500人,https://jobs.51job.com/shanghai-qpq/133028053.html?s=sou_sou_soulb&t=0_0
会计,栢利（广东）投资有限公司,东莞-南城区,5-8千/月,包三餐 包住宿 五险一金 环境优美 加班少,外资（非欧美）,5.0,3.0,2021-06-27 09:06:30,500-1000人,https://jobs.51job.com/dongguan-ncq/126544669.html?s=sou_sou_soulb&t=0_0
会计,天津朗清进出口贸易有限公司,天津-和平区,0.4-1万/月,周末双休 带薪年假 五险一金,民营公司,6.0,5.0,2021-06-27 09:06:27,少于50人,https://jobs.51job.com/tianjin-hpq/131711367.html?s=sou_sou_soulb&t=0_0
会计助理,河南创想税务师事务所（普通合伙）,郑州-金水区,3-4千/月,高温补贴 交通补贴 通讯补贴 全勤奖 餐饮补贴,民营公司,5.0,3.0,2021-06-27 09:06:23,少于50人,https://jobs.51job.com/jinshuiqu/132515193.html?s=sou_sou_soulb&t=0_0
会计助理,惠州市利德薛氏科技有限公司,惠州,4-4.5千/月,带薪年假 五险一金 包吃 包住宿 节日福利 加班补贴,民营公司,4.0,4.0,2021-06-27 09:06:20,50-150人,https://jobs.51job.com/huizhou/115834145.html?s=sou_sou_soulb&t=0_0
会计,成都华新文登教育咨询有限公司,成都-锦江区,4-5千/月,员工旅游 绩效奖金 年终奖金 弹性工作 社保 专业培训 定期体检,民营公司,6.0,4.0,2021-06-27 04:00:44,150-500人,https://jobs.51job.com/chengdu-jjq/133124177.html?s=sou_sou_soulb&t=0_0
会计（地产公司）,深圳方润投资发展有限公司,深圳-南山区,1-2万/月,五险一金 年终奖金,民营公司,6.0,6.0,2021-06-27 04:00:44,150-500人,https://jobs.51job.com/shenzhen-nsq/133124167.html?s=sou_sou_soulb&t=0_0
会计助理,武汉兰剑机动车驾驶员培训有限公司,武汉-武汉经济开发区,4.5-6千/月,五险一金 员工旅游 交通补贴 绩效奖金 免费班车 年终奖金,民营公司,5.0,3.0,2021-06-27 04:00:44,150-500人,https://jobs.51job.com/wuhan-whjj/133123874.html?s=sou_sou_soulb&t=0_0
会计助理,安徽羽柔纸业有限公司,合肥-庐阳区,3-4.5千/月,员工旅游 餐饮补贴 专业培训 出国机会 绩效奖金 年终奖金,民营公司,5.0,10.0,2021-06-27 04:00:44,50-150人,https://jobs.51job.com/hefei-lyq/133123719.html?s=sou_sou_soulb&t=0_0
会计,沈阳科翔动力机械有限公司,沈阳-沈北新区,3.5-4千/月,包吃 五险,民营公司,6.0,4.0,2021-06-27 04:00:44,500-1000人,https://jobs.51job.com/shenyang-sbxq/133123550.html?s=sou_sou_soulb&t=0_0
成本及总账会计,苏州领裕电子科技有限公司,苏州-相城区,6-8千/月,五险一金 年终奖金 做五休二 包住宿 餐饮补贴 住房补贴,上市公司,6.0,5.0,2021-06-27 04:00:44,1000-5000人,https://jobs.51job.com/suzhou-xcq/133123502.html?s=sou_sou_soulb&t=0_0
财务会计,武汉鑫意畅达智能交通服务有限公司,武汉-东西湖区,4.5-6千/月,五险一金 绩效奖金 节日福利 专业培训 全勤奖,民营公司,5.0,3.0,2021-06-27 09:06:16,50-150人,https://jobs.51job.com/wuhan-dxhq/133047804.html?s=sou_sou_soulb&t=0_0
成本会计,深圳市研一新材料有限责任公司,衢州,5-7千/月,五险一金 定期体检 节日福利 包吃 高温补贴,民营公司,5.0,5.0,2021-06-27 09:06:14,150-500人,https://jobs.51job.com/quzhou/131728225.html?s=sou_sou_soulb&t=0_0
会计,抚州中铁中基农业有限公司,南昌-进贤县,4-6千/月,五险一金 绩效奖金 年终奖金 带薪年假 弹性工作 法定假日 周休2天,合资,5.0,5.0,2021-06-27 09:06:07,50-150人,https://jobs.51job.com/nanchang-jxx/127354147.html?s=sou_sou_soulb&t=0_0
项目会计,万洋建设集团有限公司,衢州,8-12万/年,餐饮补贴 绩效奖金 年终奖金 专业培训 定期体检 住宿,民营公司,5.0,5.0,2021-06-27 09:06:06,1000-5000人,https://jobs.51job.com/quzhou/132660759.html?s=sou_sou_soulb&t=0_0
会计,武汉生乐科贸有限公司,武汉-洪山区,4.5-6千/月,带薪年假 包住宿 绩效奖金 全勤奖 节日福利 交通补贴 餐饮补贴 通讯补贴,民营公司,5.0,5.0,2021-06-27 09:05:57,少于50人,https://jobs.51job.com/wuhan-hsq/124630960.html?s=sou_sou_soulb&t=0_0
外贸会计兼出纳,大连隆昊进出口有限公司,大连-中山区,4.5-6千/月,基本工资 五险 午餐补助 通讯补贴 法定节假日 节日福利,民营公司,5.0,6.0,2021-06-27 09:05:16,少于50人,https://jobs.51job.com/dalian-zsq/121875541.html?s=sou_sou_soulb&t=0_0
应收会计,珠海市钰泓贸易有限公司,珠海-香洲区,4.5-5千/月,包三餐 节日福利 包住宿 员工旅游 年终奖金 五险,民营公司,5.0,5.0,2021-06-27 09:04:48,少于50人,https://jobs.51job.com/zhuhai-xzq/132273342.html?s=sou_sou_soulb&t=0_0
会计,兰州力天电子科技有限责任公司,兰州,3.5-6千/月,员工旅游 绩效奖金 年终奖金 做五休二 养老保险 五险一金 节日福利 带薪年假 周末双休,民营公司,5.0,5.0,2021-06-27 09:04:47,少于50人,https://jobs.51job.com/lanzhou/133018993.html?s=sou_sou_soulb&t=0_0
会计,广州东隆电子有限公司,广州-白云区,4-6千/月,全勤奖 工龄奖 年终奖金 员工旅游 五险一金,民营公司,5.0,4.0,2021-06-27 09:04:42,50-150人,https://jobs.51job.com/guangzhou-byq/126998006.html?s=sou_sou_soulb&t=0_0
会计,广州梓柏印刷有限公司,广州,5.8-7千/月,全勤奖 餐饮补贴 住房补贴 五险一金 专业培训 年终奖金 绩效奖金 年终车费补贴 全年全勤奖,民营公司,5.0,5.0,2021-06-27 09:04:39,50-150人,https://jobs.51job.com/guangzhou/132845038.html?s=sou_sou_soulb&t=0_0
会计,甘肃华源文化产业集团有限公司,兰州,1-1.5万/月,五险一金 周末双休 补充医疗保险 餐饮补贴 节日福利,民营公司,6.0,5.0,2021-06-27 09:04:34,50-150人,https://jobs.51job.com/lanzhou/109089102.html?s=sou_sou_soulb&t=0_0
应付会计,奥士康精密电路（惠州）有限公司,惠州,5.5-6.5千/月,五险一金 专业培训 绩效奖金 年终奖金 定期体检 子女教育津贴 全勤奖 工龄奖 春节车费补贴 包吃包住,上市公司,6.0,3.0,2021-06-27 04:00:44,1000-5000人,https://jobs.51job.com/huizhou/133131359.html?s=sou_sou_soulb&t=0_0
会计,沈阳宁泰保温工程有限公司,沈阳-铁西区,3-4.5千/月,专业培训 弹性工作 绩效奖金 节日福利,民营公司,6.0,5.0,2021-06-27 04:00:44,少于50人,https://jobs.51job.com/shenyang-txq/133131239.html?s=sou_sou_soulb&t=0_0
材料会计,格力电器（南京）有限公司,南京-江宁区,5.5-6.5千/月,五险一金 免费班车 员工旅游 弹性工作 绩效奖金 定期体检 交通补贴 餐饮补贴 年终奖金,国企,6.0,3.0,2021-06-27 04:00:44,500-1000人,https://jobs.51job.com/nanjing-jnq/133131183.html?s=sou_sou_soulb&t=0_0
总帐会计,惠州市晋锋建筑材料有限公司,惠州,6.5-8.5千/月,补充医疗保险 员工旅游 年终奖金 定期体检 带薪年假 包三餐 包住宿 全勤奖 加班补贴 高温补贴,外资（非欧美）,4.0,3.0,2021-06-27 04:00:44,150-500人,https://jobs.51job.com/huizhou/133130891.html?s=sou_sou_soulb&t=0_0
会计,东莞市海诚体育有限公司,东莞-常平镇,4-6千/月,全勤奖 节日福利 伙食补贴 住宿补贴 五险 8小时工作制 交通便利,民营公司,4.0,4.0,2021-06-27 04:00:44,50-150人,https://jobs.51job.com/dongguan-cpz/133130862.html?s=sou_sou_soulb&t=0_0
出纳会计—六险一金,珠海安拓劳务有限公司,珠海-香洲区,4-6千/月,六险一金 带薪年假 餐饮补贴 通讯补贴 专业培训 绩效奖金 年终奖金 春节假期长 节日礼品 节假日放假,民营公司,5.0,3.0,2021-06-27 04:00:44,50-150人,https://jobs.51job.com/zhuhai-xzq/133130826.html?s=sou_sou_soulb&t=0_0
销售会计,上海比瑞吉宠物用品股份有限公司,上海-闵行区,7-9千/月,带薪年假 五险一金 绩效奖金 节日福利 专业培训 晋升空间,合资,6.0,4.0,2021-06-27 04:00:44,500-1000人,https://jobs.51job.com/shanghai-mhq/133130822.html?s=sou_sou_soulb&t=0_0
玉溪雷克萨斯会计,玉溪大昌行雷克萨斯汽车销售服务有限公司,玉溪,3-4.5千/月,年终奖金 节日福利 七险一金 免费午餐,外资（非欧美）,5.0,3.0,2021-06-27 04:00:44,50-150人,https://jobs.51job.com/yuxi/133130766.html?s=sou_sou_soulb&t=0_0
税务会计,安徽翔胜科技有限公司,阜阳,4-6千/月,包吃包住 带薪年假 节日福利 五险 绩效奖金,合资,5.0,4.0,2021-06-27 04:00:44,150-500人,https://jobs.51job.com/fuyang/133130752.html?s=sou_sou_soulb&t=0_0
财务会计主管(上班地点：江西上饶),江西正博实业有限公司,上饶,0.8-1.2万/月,五险一金 年终奖金 免费幼儿园 免费住宿 工龄津贴 节假日礼品,民营公司,5.0,6.0,2021-06-27 04:00:44,1000-5000人,https://jobs.51job.com/shangrao/133130632.html?s=sou_sou_soulb&t=0_0
财务会计专员,深圳市智寻信息技术有限公司,深圳-宝安区,6-8千/月,弹性工作 五险一金 绩效奖金 节日福利 专业培训 通讯补贴,民营公司,5.0,4.0,2021-06-27 04:00:44,少于50人,https://jobs.51job.com/shenzhen-baq/133130387.html?s=sou_sou_soulb&t=0_0
成本会计,哈尔滨途鸭企业管理有限公司,哈尔滨-香坊区,3-4.5千/月,绩效奖金 年终奖金 节日福利 全勤奖 五险,民营公司,5.0,5.0,2021-06-27 04:00:44,50-150人,https://jobs.51job.com/hadongbin-xfq/133130345.html?s=sou_sou_soulb&t=0_0
会计,广州招牌佬网络科技有限公司,广州-白云区,3.5-5千/月,节假日福利 全勤奖 弹性工作 餐饮补贴 有社保 工龄奖 带薪年假 公司旅游 住房补贴 包吃,民营公司,5.0,3.0,2021-06-27 04:00:44,150-500人,https://jobs.51job.com/guangzhou-byq/133130226.html?s=sou_sou_soulb&t=0_0
财务会计专员+***行政,深圳市盈旺德电子有限公司,深圳-宝安区,6-8千/月,绩效奖金 全勤奖 工作氛围好 购买社保 加班补贴 节日福利,民营公司,5.0,3.0,2021-06-27 04:00:44,50-150人,https://jobs.51job.com/shenzhen-baq/133130166.html?s=sou_sou_soulb&t=0_0
财务管理部会计,中建实业（云南）有限公司,昆明-西山区,6-8千/月,五险一金 周末双休,国企,5.0,6.0,2021-06-27 04:00:44,50-150人,https://jobs.51job.com/kunming-xsq/133130112.html?s=sou_sou_soulb&t=0_0
会计,金华德馨建材有限公司,金华,5-6千/月,节日福利 五险 单休 团建活动 餐饮补贴,民营公司,4.0,5.0,2021-06-27 04:00:44,50-150人,https://jobs.51job.com/jinhua/133130085.html?s=sou_sou_soulb&t=0_0
聘会计助理+老带新+包住宿,郑州景辰电子科技有限公司,郑州-金水区,2.5-3千/月,五险一金 包住宿 90后团队 全勤奖 节日福利 公司聚餐 绩效奖金 带薪年假 专业培训,民营公司,5.0,10.0,2021-06-27 04:00:44,150-500人,https://jobs.51job.com/jinshuiqu/133129759.html?s=sou_sou_soulb&t=0_0
会计,武汉暴风衣族服饰有限公司,武汉-硚口区,4.5-6千/月,五险一金 绩效奖金 全勤奖 节日福利 包吃 弹性工作 包住宿 专业培训,民营公司,2.0,3.0,2021-06-27 04:00:44,少于50人,https://jobs.51job.com/wuhan-qkq/133129409.html?s=sou_sou_soulb&t=0_0
聘会计助理+老带新+包住宿,郑州嘉尚电子科技有限公司,郑州-金水区,2.5-3千/月,五险一金 包住宿 员工旅游 节日福利 带薪年假 专业培训 全勤奖 绩效奖金,民营公司,5.0,10.0,2021-06-27 04:00:44,50-150人,https://jobs.51job.com/jinshuiqu/133129382.html?s=sou_sou_soulb&t=0_0
全盘会计,未来机器人（深圳）有限公司,深圳-福田区,1-2万/月,五险一金 免费班车 专业培训 绩效奖金 年终奖金 带薪年假 生日福利 节假日福利 员工旅游 交通补贴,合资,6.0,6.0,2021-06-27 04:00:44,150-500人,https://jobs.51job.com/shenzhen-ftq/133129284.html?s=sou_sou_soulb&t=0_0
成本会计,浙江泰普森实业集团有限公司,湖州,0.8-1万/月,五险一金 餐饮补贴 通讯补贴 定期体检 专业培训 免费班车 员工旅游 年终奖金 出国机会 周末双休,民营公司,6.0,5.0,2021-06-27 04:00:44,5000-10000人,https://jobs.51job.com/huzhou/133129203.html?s=sou_sou_soulb&t=0_0
高级会计师,深圳市有为信息技术发展有限公司,深圳-龙岗区,1-1.8万/月,五险一金 员工旅游 餐饮补贴 年底双薪 全勤奖 补充医疗保险 弹性工作 定期体检,民营公司,6.0,6.0,2021-06-27 04:00:44,500-1000人,https://jobs.51job.com/shenzhen-lgq/133129164.html?s=sou_sou_soulb&t=0_0
税务会计,广东弘博建筑装饰工程有限公司,广州-增城区,0.7-1万/月,补充医疗保险 员工旅游 专业培训 绩效奖金 年终奖金 定期体检 包吃包住 孝亲金,民营公司,5.0,6.0,2021-06-27 04:00:44,50-150人,https://jobs.51job.com/guangzhou-zcq/133129124.html?s=sou_sou_soulb&t=0_0
会计,东莞市明珊机械制造有限公司,东莞-厚街镇,6-9千/月,员工旅游 专业培训 通讯补贴 绩效奖金 生日礼金 五险 包吃包住,民营公司,5.0,5.0,2021-06-27 04:00:44,150-500人,https://jobs.51job.com/dongguan-hjz/133129052.html?s=sou_sou_soulb&t=0_0
成本会计,宁波卓尔汽车零部件有限公司,宁波,4.5-6千/月,绩效奖金 节日福利 专业培训 包吃 住房补贴 带薪年假 年度旅游 生日福利 年终奖金 晋升空间大,民营公司,5.0,5.0,2021-06-27 04:00:44,50-150人,https://jobs.51job.com/ningbo/133128903.html?s=sou_sou_soulb&t=0_0
会计,西安中宝汽车销售服务有限公司,西安-国家民用航天产业基地,4-6千/月,五险一金 员工旅游 专业培训 包吃,民营公司,5.0,3.0,2021-06-27 04:00:44,150-500人,https://jobs.51job.com/xian-gjmyht/133128790.html?s=sou_sou_soulb&t=0_0
财务会计专员,深圳丹尼通讯数码有限公司,深圳-龙华区,6.5-8.5千/月,五险一金 绩效奖金 加班补贴 带薪年假 弹性工作 全勤奖,外资（欧美）,5.0,3.0,2021-06-27 04:00:44,少于50人,https://jobs.51job.com/shenzhen-lhq/133128785.html?s=sou_sou_soulb&t=0_0
会计,合肥尊桃纺织品有限公司,合肥-瑶海区,4.5-6千/月,绩效奖金 年终奖金 弹性工作 专业培训 员工旅游 定期体检 通讯补贴 团队聚餐 出国机会 五险,民营公司,5.0,3.0,2021-06-27 04:00:44,少于50人,https://jobs.51job.com/hefei-yhq/133128727.html?s=sou_sou_soulb&t=0_0
财务会计专员,长沙市山水形新材料有限公司,娄底,4.5-6千/月,五险 绩效奖金 节日福利 包吃,民营公司,5.0,5.0,2021-06-27 04:00:44,少于50人,https://jobs.51job.com/loudi/133128687.html?s=sou_sou_soulb&t=0_0
总账会计,浙江公理财务管理有限公司,温州-鹿城区,6-8千/月,弹性工作 员工旅游 通讯补贴 专业培训 年终奖金 社保 餐饮补贴,民营公司,5.0,3.0,2021-06-27 04:00:44,50-150人,https://jobs.51job.com/wenzhou-lcq/133128665.html?s=sou_sou_soulb&t=0_0
会计助理,深圳中升民康丰田汽车销售服务有限公司,深圳-龙华区,4.5-6千/月,带薪年假 五险一金 包吃 专业培训 节日福利 绩效奖金 公司旅游 不定期团建 定期检查,上市公司,6.0,3.0,2021-06-27 04:00:44,10000人以上,https://jobs.51job.com/shenzhen-lhq/133128477.html?s=sou_sou_soulb&t=0_0
成本会计,东莞市湘华五金科技有限公司,东莞-清溪镇,6-8千/月,五险一金 绩效奖金 定期体检 包吃住 补充公积金 员工旅游,民营公司,5.0,5.0,2021-06-27 04:00:44,500-1000人,https://jobs.51job.com/dongguan-qxz/133128421.html?s=sou_sou_soulb&t=0_0
信息会计,南京本涩女装,南京-浦口区,6-8千/月,节日福利 绩效奖金 餐饮补贴 加班补贴 带薪年假,民营公司,6.0,5.0,2021-06-27 04:00:44,1000-5000人,https://jobs.51job.com/nanjing-pkq/133128327.html?s=sou_sou_soulb&t=0_0
会计助理/税务助理,福州劲建医药科技有限公司,福州-鼓楼区,4-6千/月,五险一金 员工旅游 满勤奖 提供工作餐 年终奖金 高温补贴,民营公司,5.0,3.0,2021-06-27 09:04:32,150-500人,https://jobs.51job.com/fuzhou-glq/130715521.html?s=sou_sou_soulb&t=0_0
会计（高薪+五险）,云浮市利机石材有限公司,辽宁省,4.5-6千/月,绩效奖金 全勤奖 节日福利 专业培训 员工旅游 缴纳保险,合资,5.0,5.0,2021-06-27 09:04:24,150-500人,https://jobs.51job.com/liaoningsheng/129244460.html?s=sou_sou_soulb&t=0_0
全盘会计,深圳市华安堂医药连锁有限公司,深圳-龙岗区,5-8千/月,专业培训 绩效奖金 包住,民营公司,4.0,5.0,2021-06-27 09:04:05,50-150人,https://jobs.51job.com/shenzhen-lgq/99125398.html?s=sou_sou_soulb&t=0_0
往来会计,浙江大象智能科技有限公司,杭州-滨江区,6-8千/月,员工旅游 餐饮补贴 绩效奖金 年终奖金 五险一金 节日福利 高温补贴 带薪年假,民营公司,5.0,3.0,2021-06-27 09:03:51,50-150人,https://jobs.51job.com/hangzhou-bjq/129736732.html?s=sou_sou_soulb&t=0_0
总账会计,陕西永泰丰商贸有限公司,西安-未央区,4-6千/月,弹性工作 绩效奖金 节日福利,民营公司,5.0,3.0,2021-06-27 09:03:36,少于50人,https://jobs.51job.com/xian-wyq/129616956.html?s=sou_sou_soulb&t=0_0
主办会计,杭州精博康复辅具有限公司,宁波-鄞州区,5-6.5千/月,通讯补贴 交通补贴 五险 员工旅游 年终奖金,民营公司,4.0,4.0,2021-06-27 09:03:32,少于50人,https://jobs.51job.com/ningbo-yzq/132598323.html?s=sou_sou_soulb&t=0_0
财务会计主管,山东军辉建设集团有限公司,济南-槐荫区,4.7-9千/月,五险一金 年终奖金 绩效奖金 专业培训,民营公司,5.0,4.0,2021-06-27 09:02:55,1000-5000人,https://jobs.51job.com/jinan-hyq/123203389.html?s=sou_sou_soulb&t=0_0
会计助理,青岛佳吉瑞科技有限公司,青岛-市南区,3.5-6千/月,周末双休 带薪年假 五险一金 绩效奖金 节日福利 专业培训 交通补贴 住房补贴 通讯补贴,民营公司,6.0,4.0,2021-06-27 09:02:55,少于50人,https://jobs.51job.com/qingdao-snq/119715644.html?s=sou_sou_soulb&t=0_0
主办会计,金恪投资控股股份有限公司,上海-浦东新区,0.7-1万/月,周末双休 五险一金 免费班车 节日福利 通讯补贴 做五休二 绩效奖金,合资,5.0,4.0,2021-06-27 09:02:45,1000-5000人,https://jobs.51job.com/shanghai-pdxq/133023560.html?s=sou_sou_soulb&t=0_0
税务会计,广州三晶电气股份有限公司,广州,0.7-1.3万/月,周末双休 带薪年假 五险一金 节日福利 年终奖金 定期体检,民营公司,5.0,4.0,2021-06-27 09:02:45,500-1000人,https://jobs.51job.com/guangzhou/131456069.html?s=sou_sou_soulb&t=0_0
会计专员,徐州拓普互动智能科技有限公司,徐州,3-4.5千/月,带薪年假 绩效奖金 全勤奖 节日福利 定期体检,民营公司,5.0,4.0,2021-06-27 09:02:41,50-150人,https://jobs.51job.com/xuzhou/124175525.html?s=sou_sou_soulb&t=0_0
行政会计（财务公司）,西安天瑞财税集团有限公司,西安-碑林区,3-6千/月,做五休二 弹性工作 专业培训 五险 带薪年假 节日福利,民营公司,5.0,3.0,2021-06-27 09:02:35,50-150人,https://jobs.51job.com/xian-blq/123845606.html?s=sou_sou_soulb&t=0_0
学校总账会计,深圳市金安教育投资有限公司,深圳-龙岗区,5.5-7.5千/月,包住宿 包三餐 周末双休 节日福利 五险一金 带薪寒假,民营公司,5.0,3.0,2021-06-27 09:02:34,1000-5000人,https://jobs.51job.com/shenzhen-lgq/130242433.html?s=sou_sou_soulb&t=0_0
会计,成都三福石材有限责任公司,成都-青白江区,3.5-5千/月,包住宿 包三餐,民营公司,4.0,6.0,2021-06-27 09:02:32,150-500人,https://jobs.51job.com/chengdu-qbjq/132809200.html?s=sou_sou_soulb&t=0_0
工业会计,沈阳非晶金属材料制造有限公司,沈阳-大东区,4.5-6千/月,五险一金 绩效奖金 全勤奖 节日福利 交通补贴 餐饮补贴,民营公司,6.0,5.0,2021-06-27 09:02:27,50-150人,https://jobs.51job.com/shenyang-ddq/131650757.html?s=sou_sou_soulb&t=0_0
会计,浙江广通汽车有限公司,杭州,5.5-7千/月,高温补贴 带薪年假 弹性工作 包吃 五险一金 节日福利 全勤奖 绩效奖金 专业培训 餐饮补贴,国企,5.0,3.0,2021-06-27 09:02:15,50-150人,https://jobs.51job.com/hangzhou/130679016.html?s=sou_sou_soulb&t=0_0
财务会计（双休+社保）,武汉宏鸿农产品有限公司,武汉-江汉区,4-6千/月,通讯补贴 餐饮补贴 交通补贴 绩效奖金 五险 周末双休,民营公司,5.0,4.0,2021-06-27 09:02:11,少于50人,https://jobs.51job.com/wuhan-jhq/123373059.html?s=sou_sou_soulb&t=0_0
财务会计专员,北京华安源智能科技有限公司,北京-西城区,5-7千/月,五险一金 员工旅游 通讯补贴 年终奖金 周末双休 带薪年假 节日福利,民营公司,5.0,3.0,2021-06-27 09:02:06,50-150人,https://jobs.51job.com/beijing-xcq/129334565.html?s=sou_sou_soulb&t=0_0
财务会计专员,广州市翰毅企业管理服务有限公司,广州-越秀区,5-6.5千/月,五险一金 员工旅游 交通补贴 年终奖金 专业培训,民营公司,5.0,4.0,2021-06-27 09:01:47,少于50人,https://jobs.51job.com/guangzhou-yxq/131956594.html?s=sou_sou_soulb&t=0_0
会计（外勤）,广东凌云志集团,广州-天河区,5-8千/月,绩效奖金 社保,民营公司,4.0,3.0,2021-06-27 09:01:36,150-500人,https://jobs.51job.com/guangzhou-thq/109892402.html?s=sou_sou_soulb&t=0_0
财务会计,珠海京天世纪科技有限公司,珠海,5-7千/月,绩效奖金 专业培训 年度体检 员工旅游 提供午餐 年终奖金 五险,民营公司,6.0,4.0,2021-06-27 09:01:31,50-150人,https://jobs.51job.com/zhuhai/124702027.html?s=sou_sou_soulb&t=0_0
财务会计专员,广东光科电力有限公司,佛山-禅城区,4.5-6千/月,五险一金 员工旅游 年终奖金 弹性工作,民营公司,5.0,5.0,2021-06-27 08:59:20,50-150人,https://jobs.51job.com/foshan-ccq/131720219.html?s=sou_sou_soulb&t=0_0
会计,杭州滨文丰田汽车销售服务有限公司,杭州,3-6千/月,带薪年假 全勤奖 节日福利 专业培训 通讯补贴 高温补贴 绩效奖金,民营公司,2.0,4.0,2021-06-27 08:55:00,50-150人,https://jobs.51job.com/hangzhou/132378286.html?s=sou_sou_soulb&t=0_0
储备会计师事务所合伙人,杭州天铭会计师事务所（普通合伙）,杭州-拱墅区,1.5-3万/月,五险一金 交通补贴 绩效奖金,民营公司,6.0,6.0,2021-06-27 08:28:23,少于50人,https://jobs.51job.com/hangzhou-gsq/105067098.html?s=sou_sou_soulb&t=0_0
应收会计,慈溪市万能电子有限公司,宁波-慈溪市,4.5-6千/月,年终奖金 专业培训 免费班车,民营公司,5.0,5.0,2021-06-27 08:06:50,500-1000人,https://jobs.51job.com/ningbo-cxs/132887712.html?s=sou_sou_soulb&t=0_0
会计(4S店）,湖北三环盛通汽车有限公司,武汉-东湖新技术产业开发区,4.5-6千/月,绩效奖金 华为智选培训 五险一金 定期体检 年终奖金 员工旅游 通讯补贴 专业培训 包中餐 带薪年假,国企,5.0,5.0,2021-06-27 06:45:01,150-500人,https://jobs.51job.com/wuhan-dhxjs/133069087.html?s=sou_sou_soulb&t=0_0
核算会计白云,广东玖留米时尚科技有限公司,广州-白云区,4.5-8千/月,社保 专业培训 下午茶 节日福利 包住宿,民营公司,5.0,3.0,2021-06-27 04:00:44,少于50人,https://jobs.51job.com/guangzhou-byq/133127882.html?s=sou_sou_soulb&t=0_0
外贸会计,三六一度（中国）有限公司,泉州-晋江市,4.5-6千/月,五险 周末双休 包吃 节日福利 带薪年假 绩效奖金,合资,5.0,4.0,2021-06-27 04:00:44,500-1000人,https://jobs.51job.com/quanzhou-jjs/133127816.html?s=sou_sou_soulb&t=0_0
往来会计（对账）,常州市红橙黄电子商务有限公司,常州-钟楼区,4.5-6千/月,全勤奖 带薪年假 餐饮补贴 专业培训 绩效奖金,民营公司,6.0,3.0,2021-06-27 04:00:44,50-150人,https://jobs.51job.com/changzhou-zlq/133127812.html?s=sou_sou_soulb&t=0_0
会计,广东昊昇装饰设计工程有限公司,广州-番禺区,3-4.5千/月,五险一金 员工旅游 专业培训 年终奖金 绩效奖金,民营公司,4.0,3.0,2021-06-27 04:00:44,少于50人,https://jobs.51job.com/guangzhou-pyq/133127787.html?s=sou_sou_soulb&t=0_0
成本会计,江苏贝尔装饰材料有限公司,常州,5-8千/月,五险一金,民营公司,6.0,4.0,2021-06-27 04:00:44,1000-5000人,https://jobs.51job.com/changzhou/133127782.html?s=sou_sou_soulb&t=0_0
会计,山东凯奇餐饮有限公司,威海,4.5-6千/月,五险一金 包吃 节日福利 通讯补贴 年终奖金,民营公司,5.0,5.0,2021-06-27 04:00:44,1000-5000人,https://jobs.51job.com/weihai/133127260.html?s=sou_sou_soulb&t=0_0
会计周末双休五险一金,武汉妙创健康科技有限公司,武汉-江汉区,4.5-6千/月,周末双休 五险一金 带薪年假,民营公司,5.0,6.0,2021-06-27 13:39:32,少于50人,https://jobs.51job.com/wuhan-jhq/126202031.html?s=sou_sou_soulb&t=0_0
会计助理,上海弘菱国际贸易有限公司,上海,5-6.5千/月,做五休二 五险一金 带薪年假 节日福利 全勤奖 交通补贴 餐饮补贴 周末双休,民营公司,6.0,3.0,2021-06-27 13:36:04,少于50人,https://jobs.51job.com/shanghai/130985939.html?s=sou_sou_soulb&t=0_0
内账会计,广东正凌实业发展有限公司,广州-番禺区,4.5-6千/月,五险 包吃 绩效奖金 全勤奖,民营公司,5.0,4.0,2021-06-27 13:32:39,150-500人,https://jobs.51job.com/guangzhou-pyq/132000782.html?s=sou_sou_soulb&t=0_0
会计,宁波百逸网络科技有限公司,宁波-鄞州区,5-8千/月,五险一金 员工旅游 专业培训 绩效奖金,民营公司,5.0,5.0,2021-06-27 13:29:41,50-150人,https://jobs.51job.com/ningbo-yzq/132969470.html?s=sou_sou_soulb&t=0_0
财务会计,南京苏女健康管理咨询有限公司,南京-栖霞区,4-6千/月,绩效奖金 员工旅游 餐饮补贴 早九晚五 节日福利 五险一金,民营公司,5.0,3.0,2021-06-27 13:28:52,50-150人,https://jobs.51job.com/nanjing-qxq/133133429.html?s=sou_sou_soulb&t=0_0
会计,上海丰邑新型建材有限公司,上海-松江区,6-9千/月,周末双休 五险一金 节日福利 加班补贴 工龄工资 父母养老金 员工旅游 年终奖金,合资,4.0,5.0,2021-06-27 13:11:38,50-150人,https://jobs.51job.com/shanghai-sjq/131879480.html?s=sou_sou_soulb&t=0_0
代理记账会计助理,宁波君联会计师事务所(普通合伙),宁波-北仑区,3-4.5千/月,员工旅游 出国机会 专业培训 餐饮补贴 年终奖金 绩效奖金 股票期权 弹性工作 定期体检,创业公司,6.0,3.0,2021-06-27 13:00:01,50-150人,https://jobs.51job.com/ningbo-blq/102436915.html?s=sou_sou_soulb&t=0_0
会计,深圳市广诚信财务代理有限公司,深圳-福田区,6-8千/月,五险一金 周末双休,民营公司,4.0,5.0,2021-06-27 12:56:34,少于50人,https://jobs.51job.com/shenzhen-ftq/132992315.html?s=sou_sou_soulb&t=0_0
成本会计,成都博泰超豪精密压铸有限公司,成都-龙泉驿区,4-4.5千/月,包吃,民营公司,5.0,4.0,2021-06-27 12:50:12,50-150人,https://jobs.51job.com/chengdu-lqyq/133133353.html?s=sou_sou_soulb&t=0_0
会计,广州万年置业有限公司,广州-花都区,6-8千/月,五险一金 周末双休,民营公司,5.0,4.0,2021-06-27 12:39:09,150-500人,https://jobs.51job.com/guangzhou-hdq/131696019.html?s=sou_sou_soulb&t=0_0
会计主管,广东铭洪建筑工程有限公司,广州-天河区,0.8-1.5万/月,员工旅游 弹性工作 年终奖金 五险 定期体检 专业培训,民营公司,6.0,6.0,2021-06-27 12:15:51,少于50人,https://jobs.51job.com/guangzhou-thq/131061142.html?s=sou_sou_soulb&t=0_0
结算会计,东莞东风南方汽车销售服务有限公司樟木头分公司,东莞-樟木头镇,4-4.2千/月,带薪年假 五险一金 包吃 包三餐 包住宿 绩效奖金 节日福利 加班补贴,民营公司,5.0,3.0,2021-06-27 11:50:07,150-500人,https://jobs.51job.com/dongguan-zmtz/133133097.html?s=sou_sou_soulb&t=0_0
成本会计,广州欧尼光电科技有限公司,佛山-南海区,4-6千/月,弹性工作 员工旅游 包吃 绩效奖金 节日福利,民营公司,5.0,3.0,2021-06-27 11:46:28,少于50人,https://jobs.51job.com/foshan-nhq/129474486.html?s=sou_sou_soulb&t=0_0
总账会计（建筑施工）,河南正艺居装饰工程有限公司,郑州-经开区,4-8千/月,五险 周末双休 法定节假日 节日福利,民营公司,5.0,5.0,2021-06-27 11:33:55,50-150人,https://jobs.51job.com/zhengzhou-jkq/132809127.html?s=sou_sou_soulb&t=0_0
主办会计,韶关市卓越汽车销售服务有限公司,韶关,4.5-6千/月,包吃 月休四天 带薪培训 五险一金 全勤奖 节日福利 专业培训,民营公司,5.0,5.0,2021-06-27 11:28:00,50-150人,https://jobs.51job.com/shaoguan/121500488.html?s=sou_sou_soulb&t=0_0
财务会计,疏博（上海）纳米科技有限公司,上海-松江区,6-8千/月,年终奖金 绩效奖金 餐饮补贴 弹性工作 包吃 带薪年假 加班补贴,民营公司,5.0,3.0,2021-06-27 11:24:38,50-150人,https://jobs.51job.com/shanghai-sjq/132467605.html?s=sou_sou_soulb&t=0_0
急招财务主办会计,台威技术无锡有限公司,无锡-无锡新区,4-6千/月,弹性工作 绩效奖金 五险一金 高温补贴,民营公司,5.0,5.0,2021-06-27 11:14:44,少于50人,https://jobs.51job.com/wuxi-wxxq/85442444.html?s=sou_sou_soulb&t=0_0
全盘会计,深圳市正泓融资担保有限公司,深圳-福田区,0.6-1万/月,五险一金 员工旅游 餐饮补贴 专业培训 绩效奖金 年终奖金 定期体检 全勤奖 节日福利,民营公司,6.0,3.0,2021-06-27 11:14:42,150-500人,https://jobs.51job.com/shenzhen-ftq/131231559.html?s=sou_sou_soulb&t=0_0
会计,深圳易龙泰科技有限公司,深圳-南山区,8-10万/年,带薪年假 绩效奖金 包住宿 加班补贴 通讯补贴 餐饮补贴 全勤奖 节日福利,民营公司,5.0,3.0,2021-06-27 11:14:05,150-500人,https://jobs.51job.com/shenzhen-nsq/129045253.html?s=sou_sou_soulb&t=0_0
会计,东莞市竞成鑫电子设备有限公司,东莞-常平镇,4.5-6千/月,五险一金 包住宿 餐饮补贴 弹性工作 年底分红 单休 不定期团建 公司旅游 节日福利 绩效奖金,民营公司,5.0,5.0,2021-06-27 11:10:08,50-150人,https://jobs.51job.com/dongguan-cpz/133112419.html?s=sou_sou_soulb&t=0_0
电商会计,广州市破云贸易有限公司,广州-白云区,5-7千/月,员工旅游 专业培训 年终奖金 绩效奖金,民营公司,5.0,4.0,2021-06-27 11:03:57,少于50人,https://jobs.51job.com/guangzhou-byq/131969644.html?s=sou_sou_soulb&t=0_0
主办会计（劳务公司）,华锦建设集团股份有限公司,宁波-鄞州区,6-8千/月,五险一金 通讯补贴 员工旅游 定期体检 高温补贴 弹性工作 做五休二 包住宿,民营公司,5.0,5.0,2021-06-27 11:00:01,500-1000人,https://jobs.51job.com/ningbo-yzq/119641753.html?s=sou_sou_soulb&t=0_0
会计,沈阳百盛购物广场有限公司,沈阳-和平区,3-4千/月,五险一金 餐饮补贴 绩效奖金 年终奖金 定期体检 带薪年假,外资（非欧美）,6.0,4.0,2021-06-27 10:47:53,500-1000人,https://jobs.51job.com/shenyang-hpq/132697442.html?s=sou_sou_soulb&t=0_0
会计,北京千禾颐养家苑养老服务有限责任公司,北京-昌平区,5-6千/月,年终奖金 通讯补贴 包住宿 带薪年假 五险一金 包三餐 做五休二,民营公司,5.0,3.0,2021-06-27 10:46:52,150-500人,https://jobs.51job.com/beijing-cpq/130696120.html?s=sou_sou_soulb&t=0_0
应付会计,荆州市红叶针织服饰有限公司,荆州,3-4千/月,包住宿 免费班车 节日福利 带薪年假 专业培训 餐饮补贴,民营公司,5.0,3.0,2021-06-27 10:40:23,500-1000人,https://jobs.51job.com/jingzhou/133132802.html?s=sou_sou_soulb&t=0_0
全盘记账会计,顺启财税咨询（上海）有限公司,上海-宝山区,5-6千/月,五险一金 年终奖金,民营公司,5.0,4.0,2021-06-27 10:40:08,少于50人,https://jobs.51job.com/shanghai-bsq/133132752.html?s=sou_sou_soulb&t=0_0
会计教师,四川大学锦江学院,眉山,0.6-1万/月,五险一金 定期体检 节日慰问 教工餐厅 免费校车 酒店式公寓 工会活动 健身俱乐部,非营利组织,7.0,10.0,2021-06-27 10:38:01,1000-5000人,https://jobs.51job.com/meishan/120509981.html?s=sou_sou_soulb&t=0_0
会计,四川众合智控科技有限公司,成都-金牛区,6-8千/月,五险一金 带薪年假 节日福利 餐饮补贴 通讯补贴 高温补贴,民营公司,6.0,6.0,2021-06-27 10:34:42,150-500人,https://jobs.51job.com/chengdu-jnq/131530516.html?s=sou_sou_soulb&t=0_0
财务会计专员+社保,陕西蓝方电子科技有限公司,西安-碑林区,3-9千/月,五险一金 年终奖金 专业培训 全勤奖,民营公司,6.0,4.0,2021-06-27 10:33:33,少于50人,https://jobs.51job.com/xian-blq/120502325.html?s=sou_sou_soulb&t=0_0
会计助理,武汉建银汉海汽车销售有限公司,武汉-汉阳区,4-4.5千/月,社保五险 免费班车 员工旅游 交通补贴 餐饮补贴 专业培训 出国机会 绩效奖金 年终奖金,上市公司,5.0,4.0,2021-06-27 10:20:05,50-150人,https://jobs.51job.com/wuhan-hyq/133132634.html?s=sou_sou_soulb&t=0_0
主办会计,浙江焕美科技有限公司,浙江省,0.7-1.2万/月,社会保险 包吃住 绩效奖金 年终奖金 小米生态链 带薪年假 包住宿 节日福利,民营公司,6.0,6.0,2021-06-27 10:15:44,150-500人,https://jobs.51job.com/zhejiangsheng/123505983.html?s=sou_sou_soulb&t=0_0
总账会计,上海百功半导体有限公司,上海-闵行区,0.8-1.5万/月,五险一金 餐饮补贴 定期体检 年终奖金 节日福利,民营公司,5.0,6.0,2021-06-27 10:15:41,50-150人,https://jobs.51job.com/shanghai-mhq/132974754.html?s=sou_sou_soulb&t=0_0
会计,武汉市长泓通讯公司,武汉-江岸区,0.8-1万/月,社会保险 年终奖金 员工旅游 包住宿,民营公司,5.0,5.0,2021-06-27 10:06:28,50-150人,https://jobs.51job.com/wuhan-jaq/125217316.html?s=sou_sou_soulb&t=0_0
会计助理,深圳市恒龙兴代理记帐咨询服务有限公司,深圳,4-6千/月,做五休二 五险一金 包住宿 全勤奖 节日福利 弹性工作,民营公司,5.0,3.0,2021-06-27 10:04:18,少于50人,https://jobs.51job.com/shenzhen/126892469.html?s=sou_sou_soulb&t=0_0
会计（怀集上班）,广东垣宇建筑工程有限公司,肇庆-怀集县,3.5-5千/月,社保 包吃 全勤奖 节日福利,民营公司,5.0,4.0,2021-06-27 10:03:54,50-150人,https://jobs.51job.com/zhaoqing-hjx/122283362.html?s=sou_sou_soulb&t=0_0
出纳会计,江苏思贝商务服务有限公司,南京-江宁区,4.5-6千/月,五险一金 通讯补贴 绩效奖金 弹性工作 专业培训 带薪年假 周末双休,民营公司,5.0,3.0,2021-06-27 10:00:47,少于50人,https://jobs.51job.com/nanjing-jnq/122451246.html?s=sou_sou_soulb&t=0_0
会计,石家庄花都铨球汽车科技有限公司,石家庄-鹿泉区,3-6千/月,弹性工作 餐饮补贴 专业培训 节日福利 绩效奖金 高温补贴 通讯补贴,民营公司,4.0,3.0,2021-06-27 09:53:36,少于50人,https://jobs.51job.com/shijiazhuang-lqq/133131425.html?s=sou_sou_soulb&t=0_0
会计,澳思美日用化工（广州）有限公司,广州,5.5-7千/月,做五休二 周末双休 带薪年假 五险一金 节日福利 全勤奖 高温补贴 免费工作餐 年度体检 年度旅游,外资（非欧美）,5.0,6.0,2021-06-27 09:49:33,150-500人,https://jobs.51job.com/guangzhou/122123067.html?s=sou_sou_soulb&t=0_0
电商会计,广州芬仙贸易有限公司,广州-越秀区,6-8千/月,带薪年假 绩效奖金 全勤奖 节日福利 专业培训 交通补贴 餐饮补贴 加班补贴 住房补贴,民营公司,5.0,3.0,2021-06-27 09:40:11,少于50人,https://jobs.51job.com/guangzhou-yxq/133132419.html?s=sou_sou_soulb&t=0_0
会计,上海古星电子商务有限公司,上海,0.8-1.2万/月,做五休二 周末双休 绩效奖金 带薪年假 五险一金 节日福利,外资（非欧美）,6.0,4.0,2021-06-27 09:26:48,500-1000人,https://jobs.51job.com/shanghai/132984721.html?s=sou_sou_soulb&t=0_0
会计真账实训,哈尔滨市企兴财务管理咨询有限公司,哈尔滨,3-4.5千/月,专业培训 绩效奖金 周末双休,民营公司,5.0,5.0,2021-06-27 09:26:15,50-150人,https://jobs.51job.com/harbin/126886018.html?s=sou_sou_soulb&t=0_0
会计助理,广州市简易财税咨询有限公司,广州-天河区,3-6千/月,周末双休 五险一金 带薪年假,民营公司,5.0,3.0,2021-06-27 09:17:27,少于50人,https://jobs.51job.com/guangzhou-thq/115871037.html?s=sou_sou_soulb&t=0_0
主办会计（萝岗大众）,广州南菱汽车股份有限公司,广州-黄埔区,5.5-6.3千/月,五险一金 员工旅游 定期体检 带薪年假 免费班车 节日福利,民营公司,5.0,4.0,2021-06-27 09:17:04,1000-5000人,https://jobs.51job.com/guangzhou-hpq/132864050.html?s=sou_sou_soulb&t=0_0
成本会计,绵阳正能新能源技术有限公司,绵阳,5-8千/月,五险一金 带薪年假 节日福利 生日福利 年度体检 高温补贴 双休 晋升平台 专业培训,民营公司,6.0,5.0,2021-06-27 09:13:26,50-150人,https://jobs.51job.com/mianyang/128240496.html?s=sou_sou_soulb&t=0_0
外勤会计,一诺快记（山东）商务服务集团有限公司,济南-历下区,3-4.5千/月,绩效奖金 股票期权 年终奖金 带薪培训 假日福利,民营公司,5.0,10.0,2021-06-27 09:10:06,少于50人,https://jobs.51job.com/jinan-lxq/133132267.html?s=sou_sou_soulb&t=0_0
会计/会计师,东莞市精准会计代理有限公司,东莞-南城区,5-8千/月,节日福利 专业培训 五险一金 年终奖金 员工旅游 带薪年假 全勤奖 包住宿,民营公司,5.0,3.0,2021-06-27 09:08:31,50-150人,https://jobs.51job.com/dongguan-ncq/105196243.html?s=sou_sou_soulb&t=0_0
会计,福建省杉朴工程建设有限公司,福州-晋安区,4-5千/月,周末双休 带薪年假 节日福利 五险,民营公司,5.0,5.0,2021-06-27 09:08:28,50-150人,https://jobs.51job.com/fuzhou-jaq/132040646.html?s=sou_sou_soulb&t=0_0
财务会计专员,合肥华清伽马科技有限公司,宁波-镇海区,6-8千/月,员工旅游 专业培训 通讯补贴 餐饮补贴 交通补贴 绩效奖金 年终奖金 弹性工作 定期体检,民营公司,5.0,10.0,2021-06-27 09:08:19,50-150人,https://jobs.51job.com/ningbo-zhq/132769391.html?s=sou_sou_soulb&t=0_0
总账会计,武汉无线飞翔科技有限公司,武汉-东湖新技术产业开发区,6-9千/月,五险一金 员工旅游 年终奖金 绩效奖金 专业培训,民营公司,6.0,6.0,2021-06-27 09:08:16,150-500人,https://jobs.51job.com/wuhan-dhxjs/132705359.html?s=sou_sou_soulb&t=0_0
代帐会计,广东中科企航企业管理科技有限公司,东莞-松山湖区,6-8千/月,弹性工作 员工旅游 绩效奖金 交通便利 专业培训 节日福利 年终奖金,民营公司,5.0,3.0,2021-06-27 09:08:15,50-150人,https://jobs.51job.com/dongguan-sshq/133065563.html?s=sou_sou_soulb&t=0_0
会计/税务助理,湖北中翰博信税务师事务有限公司,襄阳,3-5千/月,专业培训 绩效奖金 弹性工作,民营公司,5.0,3.0,2021-06-27 09:08:13,少于50人,https://jobs.51job.com/xiangyang/129183244.html?s=sou_sou_soulb&t=0_0
会计（道滘）,东莞市清研联华集群注册托管有限公司,东莞-道滘镇,4.5-6千/月,节日福利 五险一金 专业培训 上班5.5天 绩效奖金,民营公司,5.0,3.0,2021-06-27 09:08:11,50-150人,https://jobs.51job.com/dongguan-djz/66833458.html?s=sou_sou_soulb&t=0_0
总账会计,重庆今卓首运车厢制造有限公司,重庆-江津区,5-6千/月,包住宿 五险 专业培训 包吃,民营公司,5.0,5.0,2021-06-27 09:08:07,50-150人,https://jobs.51job.com/chongqing-jjq/127750447.html?s=sou_sou_soulb&t=0_0
会计,襄阳盛阳精工机械有限公司,襄阳,3-4.5千/月,五险一金 节日福利 全勤奖,民营公司,5.0,5.0,2021-06-27 09:08:06,少于50人,https://jobs.51job.com/xiangyang/128081316.html?s=sou_sou_soulb&t=0_0
总账会计/全盘会计,深圳市风华物流有限公司佛山分公司,佛山-禅城区,5-7千/月,餐饮补贴 住房补贴 绩效奖金 专业培训 全勤奖 带薪年假 节日福利,民营公司,5.0,5.0,2021-06-27 09:08:04,50-150人,https://jobs.51job.com/foshan-ccq/130990028.html?s=sou_sou_soulb&t=0_0
内账会计,广东聚晨知识产权代理有限公司,佛山-禅城区,5-6千/月,带薪年假 绩效奖金 节日福利 专业培训 五险 员工旅游,民营公司,5.0,4.0,2021-06-27 09:08:02,50-150人,https://jobs.51job.com/foshan-ccq/123725093.html?s=sou_sou_soulb&t=0_0
成本会计,深圳市恒兴源财务咨询有限公司,深圳-龙华区,5-6千/月,全勤奖 五险 绩效奖金 专业培训,民营公司,5.0,3.0,2021-06-27 09:07:58,少于50人,https://jobs.51job.com/shenzhen-lhq/128144822.html?s=sou_sou_soulb&t=0_0
会计,深圳中维装饰（集团）股份有限公司,深圳-福田区,4.5-6.5千/月,周末双休 五险一金 包吃 包住宿 节日福利,民营公司,4.0,4.0,2021-06-27 09:07:55,50-150人,https://jobs.51job.com/shenzhen-ftq/132949306.html?s=sou_sou_soulb&t=0_0
应收会计,上海晶粮贸易有限公司,上海-浦东新区,7-9千/月,五险一金,民营公司,5.0,3.0,2021-06-27 09:07:55,少于50人,https://jobs.51job.com/shanghai-pdxq/132817421.html?s=sou_sou_soulb&t=0_0
成本会计 (MJ000837),傲基科技股份有限公司,深圳-龙岗区,0.8-1.2万/月,五险一金 交通补贴 绩效奖金 弹性工作 住宿 加班餐,上市公司,6.0,4.0,2021-06-27 09:07:33,1000-5000人,https://jobs.51job.com/shenzhen-lgq/131246428.html?s=sou_sou_soulb&t=0_0
主办会计,浙江国厦装饰工程集团有限公司,杭州-上城区,0.8-1万/月,餐饮补贴 周末双休 节日福利 购买五险,民营公司,5.0,5.0,2021-06-27 09:06:40,50-150人,https://jobs.51job.com/hangzhou-scq/129725031.html?s=sou_sou_soulb&t=0_0
会计,广州凯芯贸易有限公司,广州-天河区,6-8千/月,周末双休 五险一金 员工旅游 绩效奖金,外资（非欧美）,6.0,5.0,2021-06-27 09:06:40,少于50人,https://jobs.51job.com/guangzhou-thq/125154615.html?s=sou_sou_soulb&t=0_0
财务会计专员,青岛丰禾奥恺食品有限公司,上海-浦东新区,0.8-1万/月,五险一金 全勤奖 免费班车 年终奖金 员工旅游,民营公司,5.0,4.0,2021-06-27 09:06:38,少于50人,https://jobs.51job.com/shanghai-pdxq/133072321.html?s=sou_sou_soulb&t=0_0
会计,深圳市派妮欧电子有限公司,深圳,0.8-1万/月,五险一金 补充医疗保险 员工旅游 专业培训 出国机会 年终奖金 定期体检,民营公司,5.0,6.0,2021-06-27 09:06:32,少于50人,https://jobs.51job.com/shenzhen/131817199.html?s=sou_sou_soulb&t=0_0
会计,广东珠江燃气集团股份有限公司,广州-白云区,5-6千/月,提供中餐 周末双休,民营公司,5.0,5.0,2021-06-27 09:06:11,50-150人,https://jobs.51job.com/guangzhou-byq/129981699.html?s=sou_sou_soulb&t=0_0
会计,精财汇智（海南）企业管理咨询有限公司,海口-龙华区,4.5-6千/月,周末双休 弹性工作 节日福利 通讯补贴 员工旅游 生日福利 年终奖励,民营公司,6.0,4.0,2021-06-27 09:06:10,150-500人,https://jobs.51job.com/haikou-lhq/133065891.html?s=sou_sou_soulb&t=0_0
会计,泰州市锐智财税咨询服务有限公司,泰州-海陵区,4.5-6千/月,绩效奖金,民营公司,5.0,5.0,2021-06-27 09:06:04,少于50人,https://jobs.51job.com/taizhou-hlq/131470773.html?s=sou_sou_soulb&t=0_0
A-Level数学/会计教师,厦门新航道留学服务有限责任公司,厦门-思明区,0.7-1.5万/月,五险一金 定期体检 绩效奖金 专业培训 带薪年假,民营公司,6.0,10.0,2021-06-27 09:06:01,150-500人,https://jobs.51job.com/xiamen-smq/126534256.html?s=sou_sou_soulb&t=0_0
财务会计专员,江苏杜帮智能科技有限公司,常州-武进区,4.5-6千/月,五险一金 餐饮补贴 节日福利 带薪年假,民营公司,5.0,5.0,2021-06-27 09:06:00,150-500人,https://jobs.51job.com/changzhou-wjq/132889268.html?s=sou_sou_soulb&t=0_0
高新会计,广东安达企业服务有限公司,东莞,0.8-1万/月,员工旅游 绩效奖金 专业培训 年终奖金 交通补贴 通讯补贴 股票期权 周末单双休 社保,民营公司,5.0,5.0,2021-06-27 09:05:55,50-150人,https://jobs.51job.com/dongguan/127698103.html?s=sou_sou_soulb&t=0_0
会计助理,深圳市优恩半导体有限公司,深圳-龙华区,5-7.5千/月,五险一金 员工旅游 年终奖金 专业培训 交通补贴 通讯补贴 周末双休,民营公司,4.0,3.0,2021-06-27 09:05:44,少于50人,https://jobs.51job.com/shenzhen-lhq/132852743.html?s=sou_sou_soulb&t=0_0
会计,昆明泊辰酒店管理有限公司,昆明-五华区,3-4.5千/月,五险一金 员工旅游 交通补贴 餐饮补贴 通讯补贴 专业培训 年终奖金 绩效奖金 股票期权,合资,5.0,3.0,2021-06-27 04:00:44,50-150人,https://jobs.51job.com/kunming-whq/133123434.html?s=sou_sou_soulb&t=0_0
会计,捷鹏塑胶（深圳）有限公司,深圳-光明区,6-8千/月,包住 餐补 养老保险 医疗保险 工伤保险 失业保险 生育保险 国家法定假 免费培训 免费体检,外资（非欧美）,5.0,4.0,2021-06-27 04:00:44,500-1000人,https://jobs.51job.com/shenzhen-gmq/133123392.html?s=sou_sou_soulb&t=0_0
财务会计(南京),香飘飘食品股份有限公司,南京-玄武区,6-8千/月,五险一金 交通补贴 餐饮补贴 通讯补贴 绩效奖金 员工旅游 年终奖金,民营公司,6.0,4.0,2021-06-27 04:00:44,5000-10000人,https://jobs.51job.com/nanjing-xwq/133123294.html?s=sou_sou_soulb&t=0_0
会计,黄山王光熙松萝茶业股份公司,黄山,6-8千/月,五险一金 年终奖金 绩效奖金 专业培训 员工旅游 通讯补贴,民营公司,6.0,5.0,2021-06-27 04:00:44,150-500人,https://jobs.51job.com/huangshan/133123240.html?s=sou_sou_soulb&t=0_0
记账会计,展睿投资咨询（深圳）有限公司,深圳-罗湖区,6-8千/月,五险一金 绩效奖金 每年有调薪 节日福利 带薪年假 工作氛围轻松 交通便利 周末双休 专业培训 氛围好,外资（非欧美）,5.0,3.0,2021-06-27 04:00:44,少于50人,https://jobs.51job.com/shenzhen-lhq/133122611.html?s=sou_sou_soulb&t=0_0
总账会计,宜宾发展控股集团有限公司,宜宾,15-20万/年,五险一金 专业培训 交通补贴 餐饮补贴 通讯补贴 绩效奖金 周末双休 带薪年假 补充医疗保险 定期体检,国企,7.0,4.0,2021-06-27 04:00:44,150-500人,https://jobs.51job.com/yibin/133121668.html?s=sou_sou_soulb&t=0_0
会计主管,广州寅林纺织品有限公司,佛山,4.5-6千/月,绩效奖金 年终奖金 交通补贴 通讯补贴 餐饮补贴 住房补贴 月休4天 节日福利,民营公司,4.0,5.0,2021-06-27 04:00:44,150-500人,https://jobs.51job.com/foshan/133104175.html?s=sou_sou_soulb&t=0_0
财务会计专员（双休）,深圳标榜建设集团有限公司,深圳-南山区,7-8千/月,五险一金 年终奖金 周末双休 朝九晚六,民营公司,5.0,4.0,2021-06-27 04:00:44,少于50人,https://jobs.51job.com/shenzhen-nsq/133045947.html?s=sou_sou_soulb&t=0_0
成本会计,青岛博诺信合时装有限公司,青岛-李沧区,4.5-6千/月,五险一金 周末双休 节日福利 专业培训,民营公司,5.0,5.0,2021-06-27 04:00:44,50-150人,https://jobs.51job.com/qingdao-lcq/133044676.html?s=sou_sou_soulb&t=0_0
会计,达州市天和贸易有限责任公司,内江,4.5-6千/月,餐饮补贴 交通补贴 节日福利 带薪年假 专业培训 绩效奖金,民营公司,5.0,4.0,2021-06-27 04:00:44,150-500人,https://jobs.51job.com/neijiang/133040636.html?s=sou_sou_soulb&t=0_0
总账会计（包中晚餐）-制造业,深圳市创新智慧港有限公司,深圳-宝安区,6-8千/月,五险一金 专业培训 提供中晚两餐 节日福利,民营公司,5.0,5.0,2021-06-27 04:00:44,150-500人,https://jobs.51job.com/shenzhen-baq/133035889.html?s=sou_sou_soulb&t=0_0
税务会计,深圳市航世科技有限公司,深圳-宝安区,6-8千/月,包吃 包住宿 绩效奖金 全勤奖 餐饮补贴,民营公司,5.0,4.0,2021-06-27 04:00:44,500-1000人,https://jobs.51job.com/shenzhen-baq/133026408.html?s=sou_sou_soulb&t=0_0
会计（药企）,吉林省盛瑞药业有限公司,长春,3.5-6千/月,五险一金 节日福利 绩效奖金 包吃 专业培训 周日休息 法定休息 带薪年假,民营公司,5.0,4.0,2021-06-27 04:00:44,150-500人,https://jobs.51job.com/changchun/133020771.html?s=sou_sou_soulb&t=0_0
会计,深圳市凯迪文森时装有限公司,深圳,6-8千/月,带薪年假 节日福利 五险 加班补贴 专业培训 绩效奖金,民营公司,5.0,4.0,2021-06-27 04:00:44,150-500人,https://jobs.51job.com/shenzhen/133018590.html?s=sou_sou_soulb&t=0_0
总账会计,国汇机械制造泰州有限公司,泰州,6-8千/月,五险 包吃 包住宿,民营公司,5.0,5.0,2021-06-27 04:00:44,少于50人,https://jobs.51job.com/taizhou/133015794.html?s=sou_sou_soulb&t=0_0
财务会计专员,牧星（上海）国际贸易有限公司,上海-闵行区,6-9千/月,做五休二 周末双休 带薪年假 五险一金,民营公司,5.0,10.0,2021-06-27 04:00:44,少于50人,https://jobs.51job.com/shanghai-mhq/133001757.html?s=sou_sou_soulb&t=0_0
全盘会计,深圳维盟科技股份有限公司,深圳-龙华区,0.8-1万/月,五险一金 补充医疗保险 年终奖金 5天8小时 带薪年假,民营公司,6.0,6.0,2021-06-27 04:00:44,50-150人,https://jobs.51job.com/shenzhen-lhq/132999697.html?s=sou_sou_soulb&t=0_0
会计主管,奥兰熊（北京）教育科技有限公司,乌鲁木齐-水磨沟区,6-8千/月,五险一金 绩效奖金 带薪年假,民营公司,5.0,6.0,2021-06-27 04:00:44,150-500人,https://jobs.51job.com/urumqi-smgq/132992238.html?s=sou_sou_soulb&t=0_0
财务做账会计,上海嘉莹投资管理咨询有限公司,上海-嘉定区,6-8千/月,周末双休 专业培训 交通补贴 弹性工作,民营公司,5.0,3.0,2021-06-27 04:00:44,少于50人,https://jobs.51job.com/shanghai-jdq/132988712.html?s=sou_sou_soulb&t=0_0
会计,云南爱斯特医疗器械有限公司,昆明,4.5-6千/月,购买五险 节日福利 绩效奖金 专业培训 交通补贴 年终奖金,民营公司,4.0,3.0,2021-06-27 04:00:44,少于50人,https://jobs.51job.com/kunming/132988535.html?s=sou_sou_soulb&t=0_0
成本会计,深圳市谦泽豪科技有限公司,深圳-坪山区,6-8千/月,五险 员工旅游 专业培训 绩效奖金 年终奖金 管吃住,民营公司,5.0,5.0,2021-06-27 04:00:44,150-500人,https://jobs.51job.com/shenzhen-psq/132985518.html?s=sou_sou_soulb&t=0_0
往来会计,重庆策宇建设工程有限公司,重庆-渝北区,4.5-6千/月,弹性工作 五险 绩效奖金 年终奖金 通讯补贴,民营公司,5.0,5.0,2021-06-27 04:00:44,50-150人,https://jobs.51job.com/chongqing-ybq/132972525.html?s=sou_sou_soulb&t=0_0
会计（应付费用）,深圳市拉普拉斯能源技术有限公司,无锡,6-8千/月,绩效奖金 包住宿 包三餐 五险一金 员工旅游 年终奖金,民营公司,5.0,5.0,2021-06-27 04:00:44,150-500人,https://jobs.51job.com/wuxi/132971807.html?s=sou_sou_soulb&t=0_0
成本会计,广东联盈控电子科技有限公司,安庆,4.5-6千/月,绩效奖金 年终奖金 包吃 包住宿 全勤奖 节日福利,民营公司,5.0,5.0,2021-06-27 04:00:44,50-150人,https://jobs.51job.com/anqing/132912888.html?s=sou_sou_soulb&t=0_0
财务/会计/总账主管,广州市宝勒博汽车零部件有限公司,东莞-麻涌镇,0.8-1.2万/月,带薪年假 包吃 住房补贴 全勤奖 节日福利 专业培训 餐饮补贴 通讯补贴 年终奖金 包住宿,民营公司,5.0,5.0,2021-06-27 04:00:44,少于50人,https://jobs.51job.com/dongguan-mcz/132893080.html?s=sou_sou_soulb&t=0_0
会计,苏州金海阁品牌管理有限公司,苏州-工业园区,5-7千/月,全勤奖 弹性工作 带薪年假,民营公司,5.0,4.0,2021-06-27 04:00:44,少于50人,https://jobs.51job.com/suzhou-gyyq/132881385.html?s=sou_sou_soulb&t=0_0
会计,合肥鹏翼医疗科技发展有限公司,合肥-高新区,4.5-6千/月,交通补贴 专业培训 定期体检 绩效奖金 通讯补贴 年终奖金,民营公司,5.0,5.0,2021-06-27 04:00:44,少于50人,https://jobs.51job.com/hefei-gxq/132878909.html?s=sou_sou_soulb&t=0_0
主办会计,贵州鼎恒信商业管理有限公司,贵阳,6-8千/月,五险一金 交通补贴 通讯补贴 餐饮补贴,民营公司,5.0,5.0,2021-06-27 04:00:44,50-150人,https://jobs.51job.com/guiyang/132874093.html?s=sou_sou_soulb&t=0_0
总账会计 龙华,深圳市宝视佳科技有限公司,深圳-龙华区,0.8-1万/月,五险一金 提供住宿 带薪女生假 每年带薪旅游 节日福利 工作氛围好 每月团建 无责任底薪 5.5天制 绩效奖金,合资,6.0,6.0,2021-06-27 04:00:44,1000-5000人,https://jobs.51job.com/shenzhen-lhq/132828312.html?s=sou_sou_soulb&t=0_0
财务会计专员,广州文字力量文化传播有限公司,深圳-宝安区,5-6千/月,五险一金 年终奖金 做五休二,民营公司,5.0,3.0,2021-06-27 04:00:44,少于50人,https://jobs.51job.com/shenzhen-baq/132813094.html?s=sou_sou_soulb&t=0_0
会计,深圳市顶呱呱母婴用品有限公司,深圳-龙岗区,6-8千/月,绩效奖金 节日福利 包吃 包住宿,民营公司,4.0,3.0,2021-06-27 04:00:44,150-500人,https://jobs.51job.com/shenzhen-lgq/132812436.html?s=sou_sou_soulb&t=0_0
主办会计,合肥千力塑料模具有限公司,合肥-庐阳区,4.5-6千/月,员工旅游 餐饮补贴 专业培训 年终奖金,民营公司,5.0,5.0,2021-06-27 04:00:44,50-150人,https://jobs.51job.com/hefei-lyq/132792288.html?s=sou_sou_soulb&t=0_0
跨境电商会计专员,广州市潜龙电子商务有限公司,广州-荔湾区,4.5-6千/月,五险一金 绩效奖金 员工旅游 专业培训,民营公司,5.0,3.0,2021-06-27 04:00:44,少于50人,https://jobs.51job.com/guangzhou-lwq/132735235.html?s=sou_sou_soulb&t=0_0
应收会计,广州进贸通供应链有限公司,广州-海珠区,6-8千/月,补充医疗保险 员工旅游 带薪年假 全勤奖 节日福利 绩效奖金 专业培训 五险一金,民营公司,5.0,4.0,2021-06-27 04:00:44,500-1000人,https://jobs.51job.com/guangzhou-hzq/132729487.html?s=sou_sou_soulb&t=0_0
会计,辽宁海百纳新能源技术开发有限公司,沈阳-皇姑区,3-4.5千/月,周末双休 五险双休,民营公司,6.0,4.0,2021-06-27 04:00:44,少于50人,https://jobs.51job.com/shenyang-hgq/132721243.html?s=sou_sou_soulb&t=0_0
总账会计,深圳市威利佳泰集团有限公司,深圳-宝安区,0.8-1万/月,交通补贴 餐饮补贴 通讯补贴 股票期权 弹性工作,民营公司,5.0,4.0,2021-06-27 04:00:44,500-1000人,https://jobs.51job.com/shenzhen-baq/132680380.html?s=sou_sou_soulb&t=0_0
会计（跨境电商）,上海通泰化学有限公司,上海-徐汇区,0.8-1.5万/月,带薪年假 五险一金 绩效奖金 节日福利 餐饮补贴 定期体检 专业培训,民营公司,5.0,6.0,2021-06-27 04:00:44,少于50人,https://jobs.51job.com/shanghai-xhq/132678034.html?s=sou_sou_soulb&t=0_0
财务会计专员,深圳市雅朵家具织品有限公司,深圳-盐田区,4.5-6千/月,五险一金 绩效奖金 节日福利 专业培训 通讯补贴,民营公司,5.0,5.0,2021-06-27 04:00:44,50-150人,https://jobs.51job.com/shenzhen-ytq/132614663.html?s=sou_sou_soulb&t=0_0
总账会计（单休）,南京润华建设集团有限公司,南京-江宁区,0.8-1万/月,包吃 五险一金 通讯补贴,民营公司,6.0,6.0,2021-06-27 04:00:44,150-500人,https://jobs.51job.com/nanjing-jnq/132573262.html?s=sou_sou_soulb&t=0_0
主办会计/财务,林氏（福建）投资有限公司,武汉-洪山区,4-6千/月,六险一金 员工旅游 年终奖金 绩效奖金 餐饮补贴 交通补贴 全勤奖 13薪,合资,6.0,5.0,2021-06-27 04:00:44,少于50人,https://jobs.51job.com/wuhan-hsq/132544847.html?s=sou_sou_soulb&t=0_0
财务会计专员,上海雅运纺织化工股份有限公司,上海-嘉定区,4.5-6千/月,五险一金 员工旅游 专业培训 绩效奖金 年终奖金 定期体检 年终双薪 通讯补贴,民营公司,5.0,4.0,2021-06-27 04:00:44,150-500人,https://jobs.51job.com/shanghai-jdq/132542731.html?s=sou_sou_soulb&t=0_0
会计,深圳市恒必达电子科技有限公司,深圳-宝安区,0.7-1.2万/月,员工旅游 年终奖金 弹性工作 定期体检 绩效奖金 发展空间大,民营公司,5.0,5.0,2021-06-27 04:00:44,150-500人,https://jobs.51job.com/shenzhen-baq/132540641.html?s=sou_sou_soulb&t=0_0
会计,赛邦金属包装有限公司,广州-增城区,4-5千/月,五险一金 绩效奖金 单双休 带薪年假 交通补贴 餐饮补贴 住房补贴 通讯补贴 节日福利,民营公司,5.0,4.0,2021-06-27 04:00:44,500-1000人,https://jobs.51job.com/guangzhou-zcq/132526028.html?s=sou_sou_soulb&t=0_0
会计,青岛鑫利杰经贸有限公司,青岛-市北区,6-8千/月,年终奖金 员工旅游 绩效奖金 五险 单休 交通补贴,民营公司,4.0,5.0,2021-06-27 04:00:44,50-150人,https://jobs.51job.com/qingdao-sbq/132501240.html?s=sou_sou_soulb&t=0_0
工业主管会计,河北贝尔集团有限公司,沧州,6-8千/月,五险 年终奖金 定期体检 交通补贴 包吃 包住宿,民营公司,5.0,6.0,2021-06-27 04:00:44,500-1000人,https://jobs.51job.com/cangzhou/132483902.html?s=sou_sou_soulb&t=0_0
财务会计-娄葑,江苏华星会计师事务所有限公司,苏州-工业园区,4.5-6千/月,周末双休 五险一金 交通补贴 节日福利 餐饮补贴,民营公司,6.0,3.0,2021-06-27 04:00:44,50-150人,https://jobs.51job.com/suzhou-gyyq/132457246.html?s=sou_sou_soulb&t=0_0
会计助理,佛山市古达建材有限公司,佛山-禅城区,4.5-6千/月,年终奖金 社保 周末双休,民营公司,5.0,5.0,2021-06-27 04:00:44,少于50人,https://jobs.51job.com/foshan-ccq/132425487.html?s=sou_sou_soulb&t=0_0
总账会计,深圳博磊达新能源科技有限公司,深圳-南山区,0.8-1.5万/月,五险一金 节日福利 员工旅游 专业培训,上市公司,5.0,5.0,2021-06-27 04:00:44,150-500人,https://jobs.51job.com/shenzhen-nsq/132402610.html?s=sou_sou_soulb&t=0_0
主办会计,苏州融益会计师事务所有限公司,苏州-相城区,5-7千/月,周末双休 带薪年假 专业培训 五险一金,民营公司,5.0,4.0,2021-06-27 04:00:44,少于50人,https://jobs.51job.com/suzhou-xcq/132393231.html?s=sou_sou_soulb&t=0_0
总账及成本会计,西安真爱服务事业股份有限公司,西安,4.5-6千/月,专业培训 定期体检 员工旅游 餐饮补贴 年终奖金 五险一金 绩效奖金,民营公司,5.0,5.0,2021-06-27 04:00:44,1000-5000人,https://jobs.51job.com/xian/132374560.html?s=sou_sou_soulb&t=0_0
总账会计,广东明丰科技实业集团有限公司,中山-港口镇,4-5.5千/月,专业培训 通讯补贴 年终奖金 购买五险 弹性工作 节日福利,民营公司,5.0,4.0,2021-06-27 04:00:44,500-1000人,https://jobs.51job.com/zhongshan-gkz/132359676.html?s=sou_sou_soulb&t=0_0
税务会计,深圳市劲麦商贸有限公司,深圳-龙岗区,0.6-1万/月,绩效奖金 五险一金 年终奖金 员工旅游 全勤奖 带薪年假 餐饮补贴 专业培训 加班补贴 节日福利,民营公司,5.0,4.0,2021-06-27 04:00:44,150-500人,https://jobs.51job.com/shenzhen-lgq/132354086.html?s=sou_sou_soulb&t=0_0
财务会计专员,河南建晟置业有限公司,商丘,4.5-6千/月,五险一金 定期体检 专业培训,民营公司,5.0,4.0,2021-06-27 04:00:44,50-150人,https://jobs.51job.com/shangqiu/132353171.html?s=sou_sou_soulb&t=0_0
会计,山东能士信息科技有限公司,济南-市中区,0.5-1万/月,五险一金 交通补贴 通讯补贴 定期体检 带薪年假 周末双休 年底双薪 高温补贴 节日福利,民营公司,5.0,3.0,2021-06-27 04:00:44,少于50人,https://jobs.51job.com/jinan-szq/132350057.html?s=sou_sou_soulb&t=0_0
全盘会计,深圳华海达科技有限公司,深圳-龙岗区,0.6-1.2万/月,包住宿 节日福利 专业培训 餐饮补贴 年终奖金 员工旅游 补充医疗保险 通讯补贴,民营公司,5.0,5.0,2021-06-27 04:00:44,50-150人,https://jobs.51job.com/shenzhen-lgq/132293121.html?s=sou_sou_soulb&t=0_0
总账会计,广州市力瑞电气机械有限公司,广州-南沙区,6-7千/月,包吃 全勤奖 节日福利 加班补贴 住房补贴 高温补贴 员工旅游 年终奖金 定期体检,民营公司,5.0,6.0,2021-06-27 04:00:44,50-150人,https://jobs.51job.com/guangzhou-nsq/132285742.html?s=sou_sou_soulb&t=0_0
会计主管,东莞市星锐汽车有限公司,东莞-虎门镇,6.5-8千/月,五险一金 专业培训 绩效奖金 包三餐 包住宿 节日福利,民营公司,5.0,4.0,2021-06-27 04:00:44,50-150人,https://jobs.51job.com/dongguan-hm/132273015.html?s=sou_sou_soulb&t=0_0
会计,青岛广大方圆橡塑制品有限公司,青岛-莱西市,3.5-6千/月,包吃 包住宿 全勤奖 绩效奖金 节日福利,民营公司,5.0,3.0,2021-06-27 04:00:44,50-150人,https://jobs.51job.com/qingdao-lxs/132258556.html?s=sou_sou_soulb&t=0_0
财务会计（应收应付）,优布（广州）纺织品有限公司,广州-番禺区,5-8千/月,绩效奖金 弹性工作 社保 通讯补贴,民营公司,5.0,3.0,2021-06-27 04:00:44,少于50人,https://jobs.51job.com/guangzhou-pyq/132253070.html?s=sou_sou_soulb&t=0_0
区域管理会计,南京圣迪奥时装有限公司,南京,4-5千/月,带薪年假 交通补贴 餐饮补贴 节日福利 年终奖金 五险一金,民营公司,5.0,4.0,2021-06-27 04:00:44,5000-10000人,https://jobs.51job.com/nanjing/132161677.html?s=sou_sou_soulb&t=0_0
会计,江苏国华管塔制造有限公司,徐州,4.5-6千/月,五险一金 免费班车 餐饮补贴 绩效奖金 定期体检 包住宿,民营公司,5.0,5.0,2021-06-27 04:00:44,1000-5000人,https://jobs.51job.com/xuzhou/132147109.html?s=sou_sou_soulb&t=0_0
财务会计,深圳市达通国际贸易有限公司,深圳-龙岗区,0.7-1万/月,带薪年假 定期体检 五险 股票期权 通讯补贴 年终奖金 绩效奖金,民营公司,5.0,3.0,2021-06-27 04:00:44,少于50人,https://jobs.51job.com/shenzhen-lgq/132126712.html?s=sou_sou_soulb&t=0_0
税务会计,安徽尚京网络科技股份有限公司,合肥-滨湖新区,4.5-6千/月,弹性工作 带薪年假 包吃 全勤奖 节日福利 专业培训 住房补贴 高温补贴,上市公司,5.0,3.0,2021-06-27 04:00:44,150-500人,https://jobs.51job.com/hefei-bhxq/132037185.html?s=sou_sou_soulb&t=0_0
会计,杰普斯科技（深圳）有限公司,深圳-龙岗区,4.5-6千/月,员工旅游 餐饮补贴 专业培训 绩效奖金 年终奖金 节日福利 五险一金,民营公司,4.0,3.0,2021-06-27 04:00:44,500-1000人,https://jobs.51job.com/shenzhen-lgq/132018488.html?s=sou_sou_soulb&t=0_0
成本会计,广东仙津实业投资有限公司,东莞-横沥镇,1.2-2万/月,五险一金 员工旅游 专业培训 绩效奖金 年终奖金 员工生日会,民营公司,5.0,7.0,2021-06-27 04:00:44,150-500人,https://jobs.51job.com/dongguan-hlz/132008293.html?s=sou_sou_soulb&t=0_0
应收会计,广东华昌集团有限公司,佛山-南海区,6-8千/月,带薪年假 包住宿 节日福利 专业培训 餐饮补贴 通讯补贴 高温补贴 五险,民营公司,5.0,3.0,2021-06-27 04:00:44,1000-5000人,https://jobs.51job.com/foshan-nhq/132003097.html?s=sou_sou_soulb&t=0_0
餐饮成本会计/财务,上海笼百味餐饮管理有限公司,上海-杨浦区,4.5-6.5千/月,包三餐 包住宿 带薪年假 包吃 节日福利 全勤奖 高温补贴 加班补贴,民营公司,5.0,5.0,2021-06-27 04:00:44,150-500人,https://jobs.51job.com/shanghai-ypq/131975904.html?s=sou_sou_soulb&t=0_0
全盘会计,上海史贝斯餐饮管理有限公司,广州-天河区,0.8-1万/月,带薪年假 绩效奖金 节日福利 专业培训,民营公司,6.0,3.0,2021-06-27 04:00:44,5000-10000人,https://jobs.51job.com/guangzhou-thq/131969441.html?s=sou_sou_soulb&t=0_0
总账会计,启东先豪精密工具有限公司,南通,6-8千/月,五险 包吃,外资（非欧美）,5.0,5.0,2021-06-27 04:00:44,50-150人,https://jobs.51job.com/nantong/131905042.html?s=sou_sou_soulb&t=0_0
会计,湖南爱尚智美居环境科技有限公司,长沙-雨花区,4.5-6千/月,员工旅游 年终奖金,民营公司,5.0,5.0,2021-06-27 04:00:44,50-150人,https://jobs.51job.com/changsha-yhq/131858515.html?s=sou_sou_soulb&t=0_0
成本会计,广东盛天体育股份有限公司,东莞-松山湖区,0.7-1万/月,员工旅游 专业培训 提供住宿 节日福利 五险,民营公司,5.0,4.0,2021-06-27 04:00:44,150-500人,https://jobs.51job.com/dongguan-sshq/131849072.html?s=sou_sou_soulb&t=0_0
总账会计,常州科隆威智能技术有限公司,常州-金坛区,6-8千/月,五险一金 带薪年假 包三餐 包住宿 绩效奖金 全勤奖 节日福利,民营公司,5.0,5.0,2021-06-27 04:00:44,150-500人,https://jobs.51job.com/changzhou-jtq/131845520.html?s=sou_sou_soulb&t=0_0
会计,上海盈飞实业有限公司,上海-静安区,6-8千/月,五险一金 做五休二 周末双休 全勤奖 绩效奖金,民营公司,5.0,3.0,2021-06-27 04:00:44,少于50人,https://jobs.51job.com/shanghai-jaq/131827108.html?s=sou_sou_soulb&t=0_0
主办会计,肇庆红雨伞服饰有限公司,肇庆,4-4.5千/月,弹性工作 包住宿 免费班车 绩效奖金 通讯补贴 带薪年假 五险一金 年终奖金,民营公司,4.0,5.0,2021-06-27 04:00:44,150-500人,https://jobs.51job.com/zhaoqing/131822019.html?s=sou_sou_soulb&t=0_0
